Num_Acc;jour;mois;an;hrmn;lum;dep;com;agg;int;atm;col;adr;lat;long
202300002079;23;8;2023;19:29;1;92;92025;2;3;1;6;STALINGRAD (AV DE);48,92781231;2,27181718
202300002083;23;8;2023;12:55;1;39;39437;1;1;1;5;;46,71814500;5,78561200
202300002110;24;8;2023;00:45;4;65;65388;2;1;1;6;rd929 routed'autun;42,82425500;0,33119900
202300002111;22;8;2023;09:27;1;65;65470;1;3;1;1;Rd 921B;43,06485500; -0,04319400
202300002121;22;8;2023;07:42;2;29;29202;1;6;1;2;Rocâh Tredudon;48,41206091; -3,89538650
202300002131;23;8;2023;09:45;1;72;72386;2;6;7;3;Avenue du Mans;48,00147363;0,24625540
202300002138;4;5;2023;09:30;1;75;75106;2;3;1;3;RUE DE VAUGIRARD;48,84930393;2,33731717
202300002147;5;5;2023;09:50;1;75;75115;2;2;1;3;BOULEVARD DE VAUGIRARD;48,84044800;2,31513300
202300002152;5;5;2023;08:30;1;75;75111;2;7;8;2;PLACE LEON BLUM;48,85794461;2,38032103
202300002154;5;5;2023;15:00;1;75;75110;2;2;1;1;RUE DU FAUBOURG SAINT DENIS;48,87157200;2,35362100
202300002158;5;5;2023;18:30;1;75;75102;2;2;1;7;RUE D ABOUKIR;48,86757100;2,34637400
202300002184;4;11;2023;17:00;2;34;34150;2;1;1;3;Impasse de la Gare;43,32063500;3,53624000
202300002241;6;5;2023;17:40;1;61;61298;2;2;2;3;Voie Communale;48,75985200; -0,06601400
202300002260;29;4;2023;15:10;1;36;36220;1;1;1;3;La Renauderie;46,62610475;1,45917556
202300002325;24;11;2023;20:35;5;76;76351;2;1;1;7;GEORGES LAFAURIE (RUE);49,50095100;0,11268800
202300002331;27;11;2023;08:00;5;76;76026;2;9;2;3;ARCHELLES;49,88200200;1,14049400
202300002338;4;5;2023;16:15;1;973;97302;2;3;1;3;BADUEL (ROUTE DE);4,92895000; -52,29993000
202300002342;4;5;2023;18:30;1;69;69034;2;4;1;1;MontÃ©e de la Boucle;45,78284000;4,83623000
202300002348;4;5;2023;07:25;1;69;69034;2;9;1;6;272 Boulevard des Canuts;45,78495209;4,83243038
202300002352;3;5;2023;18:30;1;91;91345;2;4;9;3;RUE COPERNIC;48,68791000;2,32079000
202300002377;4;5;2023;12:50;1;69;69256;2;1;1;1;4 Rue Joseph Blein;45,75713000;4,92782000
202300002382;27;11;2023;16:20;1;44;44143;2;1;1;3;30 Boulevard Victor Schoelcher;47,19325000; -1,56287000
202300002397;4;5;2023;13:35;1;51;51454;2;6;1;3;place du Souvenir FranÃ§ais;49,26926000;4,07006000
202300002401;3;5;2023;17:45;1;45;45075;2;1;1;3;D2152 PR 63 + 860;47,89362930;1,85004169
202300002404;4;5;2023;10:30;1;41;41018;2;1;1;3;GALLOIS (RUE);47,58679000;1,33039000
202300002411;4;5;2023;19:10;1;35;35238;2;2;1;3;GUILLOUX (LOUIS);48,11194000; -1,70232000
202300002445;4;5;2023;08:05;1;28;28404;2;6;1;3;CRECY (ROUTE DE);48,72868000;1,33506000
202300002447;4;5;2023;10:50;1;28;28229;2;1;1;3;RESISTANCE (AVENUE DE LA);48,45119000;1,47057000
202300002453;27;11;2023;09:30;1;75;75119;2;2;2;3;RUE ALEXANDER FLEMING;48,88200300;2,40251600
202300002460;3;5;2023;08:00;1;19;19031;2;2;1;3;RIBOT (AVENUE);45,16532000;1,52049000
202300002464;27;11;2023;18:49;5;75;75113;2;2;2;6;BOULEVARD DU GENERAL JEAN SIMON;48,82416600;2,37679400
202300002472;27;11;2023;19:15;5;94;94041;2;1;8;1;Boulevard Paul Vaillant Couturier;48,81975000;2,39616000
202300002508;27;11;2023;08:10;2;92;92072;2;2;2;3;GRANDE RUE;48,82543967;2,21586880
202300002510;27;11;2023;08:40;2;92;92040;2;1;2;6;PAIX (AVENUE DE LA);48,81712755;2,27411538
202300002514;27;11;2023;09:45;1;92;92026;2;9;2;3;DIEPPE;48,89991516;2,23975204
202300002520;25;3;2023;16:00;1;69;69386;2;2;1;3;Avenue MarÃ©chal de Saxe;45,76676000;4,84430000
202300002528;4;5;2023;18:25;1;75;75118;2;3;1;6;RUE DOUDEAUVILLE;48,88846800;2,35356800
202300002536;4;5;2023;16:48;1;75;75113;2;3;1;3;RUE JEANNE D ARC;48,83135900;2,36633900
202300002539;4;5;2023;10:10;1;75;75112;2;1;1;6;Avenue Daumesnil;48,84530000;2,37951600
202300002551;27;11;2023;18:05;5;11;11067;2;3;1;3;Faubourg Saint Jacques;43,22753000;2,84702000
202300002570;25;3;2023;22:37;5;49;49007;2;3;2;3;AYRAULT;47,47539000; -0,54860000
202300002583;25;3;2023;15:30;1;37;37214;2;9;1;6;MAISONS BLANCHES (QUAI DES);47,39652000;0,65966000
202300002601;20;9;2023;06:30;2;974;97409;2;9;2;3;DU CENTRE(CHEMIN); -20,94446800;55,66820500
202300002609;8;6;2023;13:25;1;58;58194;2;3;7;3;GUICHET;46,98409600;3,15465100
202300002636;25;3;2023;17:55;1;75;75117;2;3;1;3;AVENUE DE CLICHY;48,88879900;2,32332800
202300002649;8;6;2023;18:20;1;37;37261;2;1;1;3;MAGINOT (AV. ANDRE);47,42271000;0,69693000
202300002655;25;3;2023;14:30;1;75;75111;2;2;1;3;AVENUE PHILIPPE AUGUSTE;48,85575400;2,39134700
202300002658;25;3;2023;20:15;5;75;75110;2;3;1;6;BOULEVARD DE LA CHAPELLE;48,88427400;2,35920100
202300002659;23;12;2023;10:55;1;74;74010;2;1;1;3;LAC (RUE DU);45,90032000;6,12741000
202300002661;7;6;2023;12:36;1;31;31555;2;1;1;3;MINIMES (AV DES) DU 1AU 178;43,62191800;1,43503500
202300002667;25;3;2023;14:00;1;75;75108;2;7;1;3;PLACE DE LA CONCORDE;48,86585700;2,31988500
202300002668;24;3;2023;13:40;1;75;75108;2;1;2;3;PLACE DE LA CONCORDE;48,86510000;2,32233000
202300002671;25;3;2023;04:05;5;75;75107;2;3;1;3;QUAI VOLTAIRE;48,85926500;2,33021900
202300002676;24;3;2023;18:20;1;75;75107;2;2;3;3;RUE DE L UNIVERSITE;48,85735700;2,32888900
202300002677;24;3;2023;13:10;1;75;75102;2;1;2;6;BOULEVARD DE SEBASTOPOL;48,86685082;2,35286593
202300002683;14;12;2023;15:05;1;57;57370;2;6;8;3;route de thionville;49,39152200;6,27149800
202300002696;27;12;2023;11:40;1;44;44143;2;1;8;6;65 Rue Aristide Briand;47,18128384; -1,54516126
202300002702;21;12;2023;09:20;1;44;44109;2;6;8;3;4 Rue Marcel Paul;47,21460505; -1,53764375
202300002709;19;12;2023;07:30;2;44;44109;2;6;8;3;Rue Marcel Paul;47,21470921; -1,53786936
202300002713;7;6;2023;21:10;1;10;10333;2;2;1;2;PRESIDENT WILSON (CD);48,28954000;4,06536000
202300002723;8;6;2023;01:25;5;75;75106;2;3;1;3;RUE DE SEVRES;48,84822800;2,32019600
202300002726;7;6;2023;18:40;1;75;75120;2;9;1;3;BOULEVARD DE MENILMONTANT;48,86308500;2,38736000
202300002731;18;12;2023;18:10;5;44;44109;2;3;8;3;6 Rue du Cherche Midi;47,20806710; -1,52697702
202300002732;24;3;2023;15:00;1;93;93066;2;1;1;6;Boulevard FÃ©lix Faure;48,93862000;2,35787700
202300002733;8;6;2023;20:20;1;75;75116;2;2;1;3;RUE NUNGESSER ET COLI;48,84244500;2,25139100
202300002739;8;6;2023;09:00;1;75;75116;2;1;1;3;AVENUE VICTOR HUGO;48,86907600;2,28394900
202300002740;15;12;2023;15:30;1;44;44109;2;1;8;6;4 Place de l'Ecluse;47,21631892; -1,55622352
202300002765;8;12;2023;19:49;5;44;44109;2;1;8;7;7 Cours des 50 Otages;47,21970700; -1,55559970
202300002774;6;12;2023;09:50;1;44;44109;2;1;1;7;6 Boulevard des AmÃ©ricains;47,23565091; -1,56888092
202300002780;4;12;2023;09:16;1;44;44109;2;6;8;3;82 Route de Rennes;47,25409546; -1,57635070
202300002793;27;11;2023;16:35;2;44;44109;1;2;8;3;17 Rue George Sand;47,22251686; -1,57217117
202300002822;7;6;2023;15:32;1;92;92025;2;1;1;3;VALMY (BD DE);48,93090600;2,25520100
202300002841;8;6;2023;08:29;1;06;06161;2;1;1;3;Avenue des Plans;43,65477200;7,12505000
202300002852;10;11;2023;10:15;1;44;44109;2;6;8;3;1 Place Beaumanoir;47,21273421; -1,57170925
202300002853;8;11;2023;09:25;1;44;44109;2;1;8;3;34 Boulevard BÃ©noni Goullin;47,20168532; -1,55390251
202300002856;23;3;2023;20:45;5;92;92025;2;3;1;3;MONTS CLAIRS (AV VILLA RUE);48,91910800;2,25554200
202300002876;25;3;2023;15:00;1;80;80668;2;1;6;1;25 Grande Rue;49,78700200;2,37942800
202300002892;7;11;2023;08:45;1;44;44109;2;3;1;3;158 Boulevard des Anglais;47,22399688; -1,58443897
202300002914;31;8;2023;10:16;1;38;38389;1;1;1;7;Route du Revoireau;45,54430000;5,05956000
202300002916;28;10;2023;02:15;5;44;44109;2;1;8;3;52 Boulevard Joliot Curie;47,19452023; -1,53292799
202300002949;7;6;2023;16:30;1;03;03093;1;1;1;2;Rue du Mourgon;46,18549200;3,46536400
202300002960;21;10;2023;19:11;4;44;44109;2;6;1;3;Rue des DervalliÃ¨res;47,22190912; -1,57879487
202300002970;11;8;2023;19:15;1;10;10333;2;3;1;3;THIERS (RUE);48,28495000;4,06710000
202300002983;19;10;2023;17:07;1;44;44109;2;1;1;6;Rue Henri IV;47,21648120; -1,54681060
202300002992;14;10;2023;19:15;1;44;44143;2;1;1;7;28 Rue du Lieutenant de Monti;47,18658072; -1,55722553
202300003002;22;8;2023;09:00;1;66;66037;2;1;1;3;;42,70150063;3,01425040
202300003011;4;10;2023;06:20;2;44;44109;2;1;1;7;14 Rue LÃ©on MaÃ®tre;47,21398575; -1,55315757
202300003014;4;10;2023;12:25;1;44;44109;2;2;8;3;38 Rue Grande Biesse;47,20572266; -1,54879645
202300003018;8;6;2023;15:30;1;30;30227;2;1;1;2;Boulevard du Portalet;44,26058000;4,19808100
202300003021;3;10;2023;07:40;5;44;44162;2;1;8;3;11 Avenue des ThÃ©baudiÃ¨res;47,24410805; -1,60646591
202300003030;30;9;2023;08:30;1;44;44109;2;6;8;3;4 Place GÃ©nÃ©ral Mellinet;47,21160702; -1,57666300
202300003048;27;9;2023;12:20;1;44;44109;2;1;8;3;81 Boulevard Jules Verne;47,23863287; -1,53202195
202300003053;8;6;2023;14:30;1;2B;2B084;1;1;1;7;rd151;42,56721400;8,88311100
202300003054;18;9;2023;14:30;1;44;44109;2;6;8;6;535 Route de Saint Joseph;47,27481230; -1,51388542
202300003055;21;8;2023;07:20;1;01;01142;2;6;7;3;Rue des ChartiniÃ¨res;45,84612900;5,06556100
202300003056;18;9;2023;18:15;1;44;44109;2;6;1;7;Boulevard des Tribunes;47,24483254; -1,56136558
202300003057;9;6;2023;15:20;1;66;66171;2;1;1;2;;42,63633320;3,00003737
202300003062;17;9;2023;04:31;5;44;44109;2;1;8;3;168 Rue Paul Bellamy;47,23022271; -1,56325373
202300003065;16;9;2023;10:30;1;44;44109;2;1;8;6;1 Rue GÃ©nÃ©ral Buat;47,23373837; -1,53610223
202300003073;26;3;2023;10:45;1;58;58160;2;1;3;7;Route de Saint-baudiÃ¨re;46,97102900;3,11556800
202300003077;13;9;2023;11:05;1;44;44109;2;6;8;3;41 Rue des BourbonniÃ¨res;47,18768145; -1,52037935
202300003083;9;9;2023;00:05;5;44;44190;2;6;8;3;Boulevard des Pas EnchantÃ©s;47,20953615; -1,50969990
202300003095;5;9;2023;20:49;1;44;44109;2;2;1;3;Boulevard de Doulon;47,22842837; -1,52626834
202300003097;4;9;2023;19:10;1;44;44109;2;6;8;7;34 Rue Saint-Jacques;47,19705341; -1,54011151
202300003104;8;6;2023;16:50;1;22;22179;1;1;1;7;D34;48,64252900; -2,39177900
202300003110;17;8;2023;12:35;1;44;44162;2;6;8;7;86 Avenue de la Branchoire;47,21731467; -1,61206237
202300003116;11;8;2023;13:01;1;44;44109;2;3;8;3;Rue de Manille;47,21943029; -1,53478702
202300003124;9;8;2023;18:10;1;44;44109;2;1;8;3;Rond-Point de Rennes;47,23331190; -1,56584948
202300003126;23;7;2023;20:40;1;44;44109;2;1;1;3;32 Boulevard de la Beaujoire ;47,25840765; -1,51722206
202300003129;1;10;2023;10:45;1;39;39441;1;1;1;7;;46,41919600;6,06010900
202300003206;12;2;2023;04:30;5;69;69266;2;3;1;2;Cours AndrÃ© Philip;45,77281000;4,85973000
202300003216;19;8;2023;16:45;1;66;66136;1;6;1;3;ARCADES (RD POINT);42,67361000;2,88801000
202300003218;19;8;2023;20:05;1;64;64140;2;2;1;1;GLIZE (RUE RAYMOND ET MARCEL);43,52795000; -1,47439000
202300003231;20;8;2023;15:10;1;51;51454;2;2;1;3;JAURES (AVENUE JEAN) DU NÂ° 74 A FIN (PAI;49,26164000;4,05105000
202300003250;21;8;2023;15:35;1;25;25204;2;2;1;3;Pomone;46,92223000;6,34450000
202300003261;11;2;2023;17:30;1;69;69388;2;2;1;2;Avenue Paul Santy;45,73148000;4,87388000
202300003271;11;2;2023;09:50;1;83;83137;2;1;1;6;VILLEVIEILLE (ROND POINT);43,12734000;5,91803000
202300003274;22;8;2023;19:25;1;75;75106;2;2;1;6;RUE DE RENNES;48,84897100;2,32873900
202300003286;11;2;2023;06:00;5;64;64348;2;3;1;3;JEAN MERMOZ;43,32084000; -0,37897000
202300003296;10;2;2023;07:30;5;59;59271;2;4;5;3;SOURCE - ALLEE;51,02213600;2,31388000
202300003298;11;2;2023;11:00;1;56;56121;2;6;1;2;BELLE-FONTAINE (RUE  DE LA );47,74521000; -3,36598000
202300003302;21;8;2023;10:45;1;94;94073;2;3;1;3;Rue du Bas Marin;48,75294000;2,38717000
202300003314;11;2;2023;14:45;1;37;37261;2;1;1;3;GRAMMONT (AVENUE DE);47,37641000;0,69647000
202300003315;22;8;2023;08:35;1;93;93064;2;6;1;2;Rond Point de l'Europe / Rue Jules Ferry;48,87730355;2,47539173
202300003319;11;2;2023;11:30;1;37;37261;2;1;1;3;POMPIDOU (AVENUE GEORGES);47,38374000;0,71092000
202300003336;10;2;2023;17:25;1;22;22278;2;2;1;3;BRAILLE (LOUIS);48,50488000; -2,75531000
202300003358;22;8;2023;16:50;1;92;92024;2;2;1;3;CLICHY (QUAI DE) DE (104 A 202);48,90848000;2,30028000
202300003374;24;10;2023;10:50;1;69;69152;2;1;3;7;Rue Henri Moissan;45,70944000;4,82128000
202300003379;23;8;2023;09:35;1;2B;2B252;1;1;7;7;D506;42,43888200;9,45374600
202300003382;23;8;2023;07:40;1;2B;2B346;1;6;7;3;TERRAGLIOLO;42,50850500;9,47156100
202300003392;21;8;2023;10:30;1;71;71157;2;2;1;3;Chemin de l?Ermitage;46,49306300;5,39039300
202300003406;23;10;2023;20:27;5;87;87085;2;1;1;1;HOPITAL (RUE DE L');45,82377000;1,26348000
202300003421;23;8;2023;15:45;1;50;50216;1;4;1;1;Rue du Haut Vernay;49,22808000; -1,21566300
202300003425;21;8;2023;21:40;3;87;87203;1;1;1;7;D82;45,62794800;1,44223700
202300003434;21;8;2023;12:00;1;24;24086;2;3;1;3;Le Bourg D51;44,80208200;1,13339800
202300003442;24;10;2023;16:40;1;64;64445;2;1;1;3;ALSACE LORRAINE D';43,30272918; -0,36184877
202300003445;24;10;2023;17:50;1;62;62826;2;6;8;3;Avenue de Picardie;50,51724245;1,61028332
202300003446;25;10;2023;00:15;5;62;62239;1;1;2;2;Boulevard du Kent;50,93702800;1,81017500
202300003462;23;10;2023;19:23;5;57;57221;2;1;3;6;LORRAINE (AVENUE DE);49,32543000;6,12165000
202300003479;24;10;2023;12:15;1;45;45147;2;1;1;2;87 Rue de Verdun;47,93476200;1,90949400
202300003482;23;9;2023;17:45;1;85;85191;2;1;1;7;217 Boulevard du marÃ©chal leclerc;46,67792900; -1,43648100
202300003492;24;10;2023;18:15;1;35;35051;2;6;3;3;BOULAIS (AVENUE DE LA);48,12201000; -1,62847000
202300003511;24;10;2023;07:45;5;25;25462;2;1;3;2;NEUCHATEL (AVENUE DE);46,89961000;6,36154000
202300003513;23;10;2023;19:50;5;25;25031;2;1;3;3;REVOLUTION DE 1789 AVENUE DE LA);47,49029000;6,84033000
202300003518;16;10;2023;17:35;1;22;22106;2;1;1;2;BAUDET J.M (RUE;48,49673300; -2,72243100
202300003525;24;9;2023;02:40;5;59;59183;2;1;1;6;CAULIER ALFRED;51,03292267;2,35862881
202300003536;23;9;2023;21:40;5;33;33063;2;5;1;3;Quai de Bacalan;44,86033000; -0,55364000
202300003543;23;9;2023;19:00;1;27;27681;2;9;1;3;MENDES FRANCE (AVENUE PIERRE);49,08950000;1,48221000
202300003573;23;9;2023;00:34;5;75;75111;2;2;1;3;RUE OBERKAMPF;48,86435600;2,37152200
202300003575;23;9;2023;16:35;1;75;75110;2;2;1;3;BOULEVARD DE MAGENTA;48,87480800;2,35743600
202300003576;23;9;2023;00:23;5;75;75110;2;2;1;1;RUE ALIBERT;48,87102600;2,36592000
202300003577;24;10;2023;14:40;1;75;75111;2;3;1;3;RUE POPINCOURT;48,85855400;2,37649100
202300003579;24;10;2023;19:10;5;75;75110;2;1;1;6;RUE DU FAUBOURG SAINT MARTIN;48,87678000;2,36102700
202300003580;23;9;2023;16:00;1;94;94068;2;1;1;3;Boulevard de CrÃ©teil;48,79838737;2,47564955
202300003583;24;10;2023;15:50;1;75;75110;2;4;1;3;PLACE DE LA REPUBLIQUE;48,86795400;2,36236500
202300003585;23;10;2023;16:49;1;75;75109;2;1;2;6;RUE D AMSTERDAM;48,87915300;2,32700100
202300003588;24;10;2023;08:40;1;75;75108;2;2;1;3;RUE DE MADRID;48,87877000;2,32226200
202300003590;24;10;2023;09:05;1;75;75103;2;3;1;6;RUE BEAUBOURG;48,86521200;2,35568100
202300003651;25;10;2023;19:45;5;68;68112;2;3;2;1;3 Route d'Issenheim;47,90286900;7,22680400
202300003655;12;7;2023;17:21;1;51;51108;2;9;1;3;JAURES (RUE JEAN) (NÂ° INFERIEUR A 59-34);48,95463000;4,35236000
202300003659;12;7;2023;11:30;1;50;50129;2;6;1;3;EST (BOULEVARD DE L');49,63675200; -1,59619300
202300003665;22;9;2023;08:35;1;06;06018;1;3;8;1;Route de Valbonne;43,63376500;7,08152500
202300003668;13;7;2023;16:35;1;45;45234;2;2;1;3;92 Rue de Coulmiers;47,91191000;1,89718000
202300003674;24;9;2023;11:30;1;29;29147;1;1;1;1;Lieu Dit Lesforn;47,89507200; -3,59267400
202300003675;7;7;2023;09:30;1;40;40192;2;1;1;3;VILLENEUVE (AV DE);43,88916000; -0,46668000
202300003690;24;10;2023;07:30;3;43;43112;1;1;2;3;Avenue du GÃ©vaudan;45,08771800;3,50885500
202300003697;23;9;2023;11:55;1;69;69039;2;3;1;3;Route de DiÃ¨me;45,98238900;4,50773900
202300003739;13;7;2023;08:15;1;13;13028;2;4;1;1;FONTSAINTE (AVENUE DE);43,19084633;5,64077139
202300003753;23;10;2023;15:44;1;22;22198;1;3;8;3;Route de TrÃ©gastel;48,78220400; -3,49043900
202300003761;24;10;2023;10:45;1;35;35089;1;2;7;3;D47;47,88196543; -1,49422377
202300003765;21;9;2023;16:40;1;974;97411;2;2;1;3;CASSIN (AVENUE RENE); -20,90287000;55,48804000
202300003783;12;7;2023;19:40;1;75;75115;2;1;1;3;RUE DE LA CONVENTION;48,84151800;2,28696900
202300003787;22;9;2023;13:40;1;971;97120;2;9;1;3;CHANZY (BOULEVARD);16,24288000; -61,53971000
202300003788;13;7;2023;09:20;1;75;75114;2;3;1;3;RUE DE L AMIRAL MOUCHEZ;48,82211500;2,34207200
202300003789;13;7;2023;00:10;5;75;75114;2;4;1;7;AVENUE REILLE;48,82460400;2,33988700
202300003798;13;7;2023;16:33;1;75;75107;2;3;1;6;QUAI D ORSAY;48,86274300;2,31163700
202300003799;22;9;2023;13:00;1;88;88209;2;2;1;3;LONGERE (RUE);48,18923414;6,42961442
202300003800;13;7;2023;16:40;1;75;75101;2;3;1;6;RUE DE RIVOLI;48,85946728;2,34515400
202300003803;15;6;2023;19:45;1;75;75104;2;3;1;3;BOULEVARD HENRI IV;48,85106800;2,36221100
202300003809;12;7;2023;14:30;1;94;94016;2;1;1;3;Avenue LÃ©on Blum;48,78930000;2,33690000
202300003814;13;7;2023;14:00;1;94;94028;2;1;1;6;Avenue de Verdun;48,79632317;2,46362641
202300003816;13;7;2023;03:05;5;94;94018;2;1;1;6;Rue de Paris;48,82297300;2,41139300
202300003821;13;7;2023;19:09;1;93;93062;2;2;1;3;Boulevard de l'Est / AllÃ©e de l'Eglise;48,90267000;2,52281000
202300003842;13;7;2023;07:50;1;92;92063;2;1;1;3;HUGO (AVENUE VICTOR);48,88564537;2,17616057
202300003846;13;7;2023;03:50;5;92;92048;2;3;1;7;VAUGIRARD (ROUTE DE);48,82225306;2,23225549
202300003875;8;3;2023;11:50;1;14;14047;2;9;1;1;12 Boulevard d'Eindhoven;49,28343500; -0,71149300
202300003883;4;5;2023;15:40;1;75;75107;2;3;1;1;QUAI D ORSAY;48,86228400;2,30635000
202300003884;4;5;2023;00:00;5;75;75108;2;7;1;1;PLACE DE LA CONCORDE;48,86708500;2,32065800
202300003888;4;5;2023;19:45;1;93;93055;2;3;1;1;Avenue du GÃ©nÃ©ral Leclerc / Rue Delizy;48,89827000;2,40629000
202300003890;4;5;2023;18:05;1;93;93048;2;2;1;2;Bd Paul Vaillant Couturier / Avenue Pasteur;48,86291000;2,44163000
202300003893;4;5;2023;07:55;1;93;93014;2;1;1;3;AllÃ©e de Montfermeil;48,89921883;2,54166716
202300003894;4;5;2023;18:10;1;92;92046;2;1;1;1;AVAULEE (RUE);48,81558000;2,29033000
202300003901;3;5;2023;12:10;1;68;68112;2;3;1;3;18 rue de la commanderie;47,90967600;7,20715200
202300003905;4;5;2023;18:05;1;38;38105;1;1;1;2;D1075;45,42282300;5,55781600
202300003908;4;5;2023;19:40;1;60;60176;2;6;1;1;Rue Marie Rotsen;49,22357162;2,89189679
202300003921;2;5;2023;15:30;1;22;22211;1;4;1;3;D11;48,69281600; -3,44470700
202300003923;3;5;2023;14:25;1;29;29117;2;6;1;7;Avenue gÃ©nÃ©ral de Gaulle;48,58162410; -4,52138246
202300003927;12;2;2023;11:30;1;77;77197;1;3;1;7;D75A / D15;48,70722600;3,19793900
202300003948;10;2;2023;14:20;1;84;84077;1;1;1;6;chemin du combeau;44,10005500;5,12439000
202300003986;13;2;2023;17:20;2;31;31291;2;6;7;3;Rond point de la MÃ©diterranÃ©e;43,60102600;1,24848800
202300004035;11;2;2023;10:45;1;94;94048;2;1;1;2;1 Rue des Forestiers;48,74286000;2,55983600
202300004044;3;5;2023;18:12;1;69;69149;2;2;1;1;Rue de la RÃ©publique;45,71701000;4,81256000
202300004069;30;4;2023;08:15;1;87;87085;2;6;1;2;BUGEAUD (COURS);45,83417000;1,26258000
202300004102;12;2;2023;12:20;1;50;50464;1;1;1;3;La Vaudonniere;48,98318800; -1,41300900
202300004104;27;11;2023;18:25;5;38;38158;2;3;2;3;Rue Irene Joliot Curie;45,14947900;5,74022800
202300004120;11;2;2023;16:45;1;85;85047;2;6;7;3;VC Rue de Bois de CÃ©nÃ©;46,85107900; -1,87965500
202300004129;3;5;2023;11:15;1;67;67218;2;1;1;6;STRASBOURG (AVENUE DE);48,54529900;7,73803100
202300004133;27;4;2023;15:40;1;67;67043;2;3;1;3;PERIGUEUX (AVENUE DE);48,61474000;7,73394000
202300004177;2;5;2023;17:34;1;56;56121;2;1;1;3;NORMANDIE ( BD ET IMP DE );47,75978000; -3,36629000
202300004183;18;5;2023;10:30;1;14;14409;2;1;1;3;98 Route de Cabourg;49,28269000; -0,19228400
202300004200;20;4;2023;16:00;1;30;30189;2;6;1;3;rond point zion ;43,83710000;4,38840000
202300004210;3;5;2023;19:30;1;26;26198;2;6;1;6;Route dâEspeluche;44,54316000;4,77160000
202300004234;7;2;2023;05:15;5;67;67482;2;1;1;3;COMTES (ALLEE DES);48,58506000;7,71453000
202300004242;9;2;2023;20:53;5;64;64445;2;2;1;3;JEAN MERMOZ;43,30810000; -0,37654000
202300004248;26;11;2023;18:35;5;76;76540;2;2;1;3;Rue du Renard;49,45193000;1,06902000
202300004251;3;5;2023;19:15;1;02;02738;2;1;1;1;56 Rue Denfert Rochereau;49,65849000;3,29057000
202300004260;2;5;2023;21:08;5;75;75107;2;2;1;1;RUE DU BAC;48,85770300;2,32797200
202300004267;3;5;2023;17:50;1;75;75117;2;1;1;3;AVENUE DE WAGRAM;48,88669700;2,30443300
202300004270;3;5;2023;18:40;2;75;75115;2;2;1;3;RUE DE LA CROIX NIVERT;48,83998700;2,29038000
202300004277;3;5;2023;18:30;1;75;75113;2;2;1;3;AVENUE D ITALIE;48,82617600;2,35730000
202300004280;26;11;2023;12:30;1;41;41047;2;1;1;3;ONYX (RUE DE);47,60920000;1,35637000
202300004285;10;2;2023;14:30;1;59;59599;2;1;1;6;GRAND PLACE;50,72155000;3,15974000
202300004294;3;5;2023;06:45;1;75;75111;2;2;1;3;AVENUE PARMENTIER;48,86999300;2,37105700
202300004298;10;2;2023;20:20;5;59;59350;2;1;1;3;ESCH SUR ALZETTE RUE;50,64010700;3,07686000
202300004300;3;5;2023;08:00;1;75;75110;2;1;1;1;BOULEVARD DE MAGENTA;48,88266300;2,35034400
202300004302;7;2;2023;17:10;1;59;59328;2;1;1;1;CHENIER ANDRE RUE;50,65554000;3,02842700
202300004318;3;5;2023;16:45;1;75;75101;2;3;1;6;RUE DE RIVOLI;48,86246400;2,33626100
202300004322;9;2;2023;16:35;1;50;50129;2;2;1;3;LECLERC (RUE DU GENERAL);49,64639000; -1,64948000
202300004327;9;2;2023;18:45;3;49;49007;2;3;1;6;DAVID D'ANGERS;47,47194000; -0,55055000
202300004328;3;5;2023;18:35;1;94;94041;2;1;1;3;Rue AmÃ©dÃ©e Huon;48,80504222;2,38821664
202300004330;28;10;2023;12:00;1;30;30032;2;1;1;6;COURS GAMBETTA;43,80605000;4,64357000
202300004352;26;11;2023;12:00;1;06;06004;1;1;1;3;LITTORAL(BDM APRES BIJOU PLAGE RN98;43,57123480;7,10022180
202300004358;24;3;2023;09:55;1;82;82121;2;2;1;3;CHATEAUVIEUX (RUE DE);44,02247615;1,35723799
202300004362;23;3;2023;09:40;1;82;82121;2;3;1;3;Rue renÃ© char;44,02198626;1,37402259
202300004364;3;5;2023;20:13;1;92;92044;2;1;1;3;CHARLES PASQUA (QUAI) 32 A 58;48,89998116;2,28195101
202300004376;22;3;2023;19:15;5;72;72181;2;2;2;3;LOUIS BLANC (QUAI);48,00639000;0,19280000
202300004386;24;11;2023;13:45;1;75;75116;2;1;1;1;ROUTE DE SURESNES;48,87118700;2,27259900
202300004393;24;3;2023;12:15;1;64;64102;1;1;2;3;SAINT BERNARD (CHEMIN DE);43,50123000; -1,48187000
202300004395;10;2;2023;13:05;1;22;22278;2;1;1;7;ECLUSES (CHEM. DE L');48,52719000; -2,72846000
202300004399;25;11;2023;15:04;1;75;75113;2;2;1;3;BOULEVARD DU GENERAL JEAN SIMON;48,82566900;2,38208400
202300004401;23;3;2023;13:45;1;64;64102;2;6;1;3;DE MARTRES (AVENUE RAYMOND);43,48692000; -1,48304000
202300004415;26;11;2023;12:00;1;92;92064;2;1;1;7;PARC SAINT CLOUD;48,82850490;2,21044081
202300004424;7;6;2023;07:30;1;69;69385;2;1;1;7;31 MontÃ©e du Chemin Neuf;45,75997078;4,82449732