Num_Acc;jour;mois;an;hrmn;lum;dep;com;agg;int;atm;col;adr;lat;long
202300004439;7;6;2023;09:50;1;95;95210;2;1;1;2;D311;48,97170100;2,30497500
202300004447;24;3;2023;13:45;1;35;35238;2;3;1;3;SAINT-HELIER;48,10273000; -1,66142000
202300004452;26;11;2023;10:00;1;51;51030;1;2;1;6;dÃ©partemantele D201;49,05719000;4,03404500
202300004460;10;7;2023;10:30;1;61;61484;2;6;1;3;D407;48,26688300;0,67561600
202300004469;6;6;2023;12:30;1;85;85194;2;2;1;3;62bis Rue du docteur schweitzer;46,49250000; -1,75968000
202300004502;6;6;2023;19:20;1;72;72181;2;1;1;5;MITTERAND FRANCOIS (AV);48,00351000;0,19946000
202300004518;25;11;2023;20:20;5;987;98735;1;3;1;3;Mataiea pk 44.500; -17,72200000; -149,39900000
202300004522;14;7;2023;16:05;1;05;05098;2;1;1;3;Route du Boussolenc;44,49720600;6,55482000
202300004532;7;6;2023;07:30;1;64;64125;2;1;1;3;BAYONNE (AVENUE DE);43,44860000; -1,57145000
202300004534;23;3;2023;09:30;1;69;69383;2;2;1;3;1 Rue Bonnand;45,75034000;4,88438000
202300004535;18;7;2023;18:30;1;44;44109;2;1;1;6;52 Rue Nicolas Appert;47,21369771; -1,58077115
202300004537;27;11;2023;11:30;1;976;97608;2;1;1;3;Boulevard des Crabes; -12,78743000;45,26384900
202300004564;23;3;2023;11:30;1;91;91589;2;1;1;3;AV CHARLES DE GAULLE;48,67878000;2,34646000
202300004570;14;7;2023;18:30;1;44;44109;2;1;8;3;3 Rue du Quebec;47,26178019; -1,57839986
202300004581;27;11;2023;08:10;1;67;67118;2;1;1;3;10 Avenue du GÃ©nÃ©ral de Gaulle;48,58055400;7,69395400
202300004584;14;3;2023;07:45;2;83;83050;2;6;1;3;VERDUN( AVENUE DE);43,53331000;6,48265000
202300004589;23;3;2023;15:10;1;82;82033;2;3;1;2;MARECHAL LECLERC (AVENUE DU) ;44,05243000;1,10123000
202300004590;12;7;2023;00:05;5;44;44109;2;6;8;3;Rond-Point de Rennes;47,23327188; -1,56601084
202300004595;11;7;2023;07:50;1;44;44109;2;1;8;3;162 Rue Paul Bellamy;47,22989962; -1,56300532
202300004600;11;7;2023;12:35;1;44;44109;2;1;8;3;26ter Boulevard Gabriel Guist'Hau;47,21686363; -1,56692815
202300004601;14;7;2023;11:26;1;973;97311;2;1;7;2;Avenue Christophe Colomb;5,47856300; -54,03766000
202300004603;7;6;2023;18:20;1;37;37261;2;1;1;3;LOUIS XI (BOULEVARD);47,37364000;0,67827000
202300004604;22;3;2023;17:10;1;77;77186;2;3;1;3;GRANDE (RUE);48,40710000;2,70327000
202300004606;8;7;2023;08:50;1;44;44114;2;6;8;3;329 Route de Vannes;47,24771454; -1,60757935
202300004607;14;7;2023;12:55;1;95;95199;2;9;7;3;1 CLICHY (ALLEE);49,03875766;2,31096447
202300004608;7;6;2023;09:10;1;37;37261;2;4;1;6;REMPART (RUE DU);47,39058000;0,69744000
202300004610;7;7;2023;09:25;1;44;44109;2;1;8;3;3 Rue FÃ©lix Lemoine;47,23580571; -1,54686059
202300004613;7;7;2023;10:10;1;44;44109;2;1;8;3;8 Rue Porte Neuve;47,21934355; -1,56137199
202300004649;22;3;2023;13:53;1;67;67482;2;1;1;1;GEORGES WODLI (RUE);48,58925000;7,73549000
202300004656;17;6;2023;08:10;1;988;98818;2;1;2;3;PROMENADE ROGER LAROQUE; -22,29626000;166,43804000
202300004662;29;6;2023;09:20;1;44;44109;2;2;8;3;15 Rue Louis Blanc;47,20651349; -1,55482515
202300004671;7;6;2023;07:25;1;75;75114;2;1;1;2;RUE D ALESIA;48,83414200;2,31325500
202300004685;12;6;2023;15:45;1;44;44109;2;1;1;3;5 Boulevard Ernest Dalby;47,22798350; -1,52693930
202300004688;6;6;2023;22:30;5;75;75118;2;2;1;5;RUE BELLIARD;48,89722200;2,34229100
202300004698;23;3;2023;16:45;1;45;45147;2;1;1;3;416 Rue du Faubourg Bannier;47,93479000;1,89481000
202300004699;7;6;2023;09:15;1;75;75116;2;3;1;3;AVENUE HENRI MARTIN;48,86411800;2,27285100
202300004703;7;6;2023;17:40;1;44;44109;2;3;8;3;1 Rue Georges Clemenceau;47,22000707; -1,54500460
202300004706;6;6;2023;23:40;4;44;44109;2;6;1;3;Place Alexis Ricordeau;47,21236199; -1,55446026
202300004710;7;6;2023;17:25;1;75;75115;2;3;1;3;AVENUE DE LA MOTTE PICQUET;48,85023100;2,29959200
202300004711;7;6;2023;19:20;1;44;44109;2;6;1;3;80 Rue Chanoine Poupard;47,25057385; -1,57033825
202300004714;7;6;2023;08:50;1;75;75112;2;3;1;6;RUE DE REUILLY;48,84658400;2,38747100
202300004716;2;6;2023;06:00;1;44;44109;2;3;1;3;7 Rue Stanislas Baudry;47,22002778; -1,54498285
202300004717;23;3;2023;10:00;1;37;37261;2;6;1;3;CHAUTEMPS (AVENUE CAMILLE);47,37463000;0,71620000
202300004724;7;6;2023;13:30;1;75;75110;2;1;1;6;BOULEVARD DE LA VILLETTE;48,87934700;2,37011500
202300004733;11;7;2023;20:25;5;974;97407;2;1;1;7;SIMON PERNIC (RUE) ; -20,95002000;55,30679000
202300004735;7;6;2023;13:50;1;75;75101;2;3;1;3;RUE DE L AMIRAL DE COLIGNY;48,86039400;2,34056000
202300004741;21;9;2023;15:35;1;74;74031;2;1;1;7;Route du saleve;46,09464700;6,10905300
202300004742;7;6;2023;07:20;1;75;75102;2;2;1;3;BOULEVARD DE SEBASTOPOL;48,86892300;2,35402300
202300004744;27;5;2023;13:20;1;44;44109;2;1;1;7;6 Rue Charles BrunelliÃ¨re;47,20918659; -1,56882013
202300004746;6;6;2023;23:27;5;75;75102;2;3;1;7;AVENUE DE L OPERA;48,86925000;2,33290000
202300004751;24;5;2023;11:50;1;44;44109;2;1;8;3;221 Route de Sainte Luce;47,24058586; -1,51178611
202300004754;9;9;2023;12:10;1;74;74302;2;2;7;1;820 Route du borgeal;45,91325800;6,37592200
202300004768;23;3;2023;10:05;1;24;24037;2;6;1;3;DE GAULLE (AVENUE DU GENERAL);44,84154842;0,46492696
202300004777;25;11;2023;14:15;1;974;97409;2;2;1;1;DESCHANETS(RUE); -20,95015000;55,65132000
202300004779;7;6;2023;08:45;1;94;94016;2;3;1;2;rue Pierre Mauroy;48,79177000;2,32874000
202300004801;10;7;2023;16:45;1;85;85194;2;9;1;2;RD 949;46,51388300; -1,79022071
202300004827;12;7;2023;09:50;1;77;77243;2;3;1;3;IMPRIMERIE (RUE DE  L' );48,88123000;2,71437000
202300004829;3;5;2023;14:00;1;44;44109;2;1;8;3;30 Rue Jean Poulain;47,25183949; -1,56496406
202300004836;7;6;2023;23:20;5;93;93049;2;3;1;3;Avenue du PrÃ©sident Roosevelt / Rue de Verdun;48,85373090;2,50846772
202300004838;12;7;2023;11:00;1;76;76498;2;6;1;3;Place des bruyÃ¨res;49,41220000;1,07170000
202300004873;7;6;2023;09:08;1;92;92035;2;1;1;1;Joffre ( avenue );48,90475000;2,24470000
202300004878;12;7;2023;10:28;1;65;65433;2;3;1;1;BARBUSSE (AVENUE HENRI);43,21925600;0,09574700
202300004879;10;10;2023;19:30;5;13;13208;2;1;1;6;MENDES FRANCE (AVENUE);43,25350000;5,37590000
202300004888;2;7;2023;20:25;1;61;61006;2;1;1;6;D238A;48,73928000; -0,02334000
202300004894;7;6;2023;10:10;1;84;84142;1;6;1;2;Route d'Avignon (Pont);43,96855800;4,98047600
202300004897;7;4;2023;12:45;1;44;44109;2;1;8;6;23 Boulevard Luc Olivier Merson;47,22362354; -1,57329165
202300004900;25;3;2023;11:25;1;30;30269;1;4;1;3;La Bigore;44,11279100;3,85767600
202300004903;10;7;2023;17:36;1;56;56121;2;6;1;3;MULLER ( DU COLONEL JEAN );47,76596000; -3,40071000
202300004904;4;4;2023;08:45;1;44;44109;2;1;8;1;Rue FÃ©lix EbouÃ©;47,21135493; -1,55801353
202300004906;11;7;2023;16:50;1;49;49007;2;6;1;3;GATS;47,47431000; -0,51589000
202300004917;11;7;2023;19:40;1;42;42218;2;2;1;3;Place Jean et Hippolyte Vial;45,43576000;4,43769000
202300004923;8;6;2023;08:30;1;61;61116;2;1;1;3;VC;48,37808800;0,84585000
202300004924;24;3;2023;15:30;1;972;97224;2;1;3;3;RiviÃ¨re Roches;14,68447400; -61,01608700
202300004935;20;3;2023;08:00;1;44;44109;2;6;8;3;Boulevard du Petit Port;47,24344039; -1,55682017
202300004938;11;7;2023;16:12;1;34;34032;2;1;1;6;38 Boulevard de Verdun;43,33634000;3,22288000
202300004940;13;3;2023;09:45;1;44;44109;2;2;8;3;39 Rue Vidie;47,23390175; -1,56297068
202300004941;12;7;2023;11:15;1;33;33529;2;1;8;1;MAGRETTE (CH. DE LA);44,63415000; -1,12792000
202300004945;13;7;2023;00:30;5;31;31149;2;7;8;1;FORT (RUE DU);43,61376000;1,33706000
202300004946;3;2;2023;16:00;1;12;12243;1;1;1;7;D992;44,02908200;2,96480500
202300004954;14;12;2023;09:00;1;43;43157;2;1;8;3;12 Boulevard Docteur Chantemesse;45,05146000;3,87802000
202300004955;7;6;2023;17:10;1;30;30012;1;6;1;2;;43,90101900;4,69962700
202300004967;1;6;2023;08:10;1;69;69244;2;3;1;7;Avenue Victor Hugo;45,76670700;4,78462100
202300004999;7;6;2023;13:00;1;13;13101;1;1;1;2;Grand Rue;43,40482900;5,52993400
202300005003;8;6;2023;15:45;1;07;07324;2;1;1;1;28 Rue du Doux;45,07011200;4,82547200
202300005019;12;7;2023;00:00;5;75;75120;2;2;1;3;BOULEVARD DAVOUT;48,85130600;2,41111900
202300005023;12;7;2023;11:15;1;75;75119;2;3;1;7;AVENUE SIMON BOLIVAR;48,87642400;2,37685100
202300005029;12;7;2023;18:55;1;75;75117;2;2;1;3;AVENUE DE LA PORTE D ASNIERES;48,89182600;2,30158100
202300005043;11;7;2023;12:00;1;75;75113;2;4;1;6;BOULEVARD SAINT MARCEL;48,83995700;2,36172900
202300005047;11;7;2023;09:50;1;75;75110;2;2;1;7;QUAI DE JEMMAPES;48,87951300;2,36804000
202300005058;30;9;2023;16:29;1;74;74281;2;1;1;2;PLANTEES (AVENUE DES);46,38000000;6,49100000
202300005065;12;7;2023;17:55;1;94;94018;1;1;1;7;Quai de Charenton;48,82494000;2,39264000
202300005078;13;2;2023;08:45;1;44;44109;2;1;8;3;12 Rue Louis Blanc;47,20673158; -1,55503788
202300005088;1;2;2023;08:35;1;44;44109;2;1;1;3;21 Rue Paul PainlevÃ©;47,22603683; -1,57066015
202300005106;12;7;2023;10:00;1;92;92051;2;9;1;2;COMMANDANT CHARCOT (BOULEVARD DU);48,87446785;2,25531265
202300005109;5;6;2023;09:15;1;987;98735;2;1;1;4;CLEMENCEAU ( RUE QTIER DEFLESSELLE); -17,53663000; -149,56028000
202300005113;11;7;2023;10:12;1;92;92049;2;1;1;3;DARDAN RUE GERMAIN;48,81224300;2,30280700
202300005117;5;6;2023;08:30;1;974;97416;1;3;1;3;BOISSY (CHEMIN DE); -21,34500000;55,50290000
202300005135;11;7;2023;07:00;1;49;49092;1;1;7;2;Route DÃ©partementale 24;47,22195800; -0,56652500
202300005140;5;6;2023;19:20;4;973;97302;2;1;1;6;MANDELA  (BOULEVARD);4,93149326; -52,32651758
202300005141;20;1;2023;08:35;1;44;44082;1;1;8;2;;47,38556660; -1,36457511
202300005142;10;7;2023;09:50;1;05;05027;1;1;1;7;D902;44,82645358;6,72801914
202300005143;20;1;2023;08:25;1;44;44109;2;1;8;7;Quai Henri Barbusse;47,22717744; -1,55300997
202300005160;19;1;2023;15:50;1;44;44143;2;6;8;1;50 Rue Camille Claudel;47,16662524; -1,55185023
202300005161;20;8;2023;11:15;1;01;01444;2;1;1;7;269 rue du Village;45,84740200;5,43558800
202300005169;22;8;2023;10:25;1;22;22070;2;9;7;3;Rue de la passerelle;48,56072200; -3,15339400
202300005170;11;11;2023;16:00;1;14;14118;2;2;1;3;Boulevard MarÃ©chal Juin;49,20316200; -0,39108300
202300005208;3;1;2023;16:54;2;44;44109;2;3;1;7;21 Rue de la Colterie;47,24538481; -1,50831261
202300005214;11;7;2023;14:00;1;84;84017;1;1;1;6;Route du Mont-ventoux;44,12458300;5,26157700
202300005248;1;6;2023;13:30;1;73;73211;2;1;1;7;D67;45,72001969;6,45743698
202300005255;13;7;2023;09:43;1;13;13050;1;1;1;2;Route de Pelissanne;43,64443000;5,19982700
202300005272;16;8;2023;17:15;3;976;97611;2;1;1;3;tsoundzou-KwalÃ© ( route de ); -12,81063000;45,20273000
202300005283;18;8;2023;16:30;1;973;97302;2;2;1;3;BARTHELEMY (RENE);4,93367491; -52,33044237
202300005302;16;8;2023;05:15;5;971;97101;2;1;1;3;PATRICK SAINT ELOI ( AVENUE );16,25164000; -61,52691000
202300005307;18;8;2023;11:10;1;95;95555;2;1;1;1;D14;48,96540000;2,28300000
202300005334;18;8;2023;13:10;1;76;76545;2;6;8;3;BOURBON (COURS);49,91525000;1,09436000
202300005341;15;8;2023;21:30;5;69;69290;2;1;1;2;22 Rue Garibaldi;45,68586962;4,94417295
202300005344;16;8;2023;18:10;1;67;67482;2;1;1;1;MACON (RUE DE);48,54715000;7,76398000
202300005348;16;8;2023;09:00;1;64;64545;2;1;8;2;CORNICHE (ROUTE DE LA);43,39010000; -1,68569000
202300005349;17;8;2023;11:50;1;64;64445;2;3;1;3;GRAMONT;43,29654000; -0,37430000
202300005353;15;8;2023;03:45;5;64;64102;2;1;1;6;HAURANNNE (AVENUE DUVERGIER DE);43,49001000; -1,46778000
202300005355;18;8;2023;05:20;2;62;62040;2;1;1;3;Avenue du GÃ©nÃ©ral de Gaulle;50,72569000;2,30812000
202300005369;14;8;2023;20:38;1;56;56083;2;3;1;3;CONTI (RUE  ANITA );47,80042000; -3,26150000
202300005377;22;9;2023;10:40;1;64;64102;2;1;2;3;RESPLANDY (AVENUE DU CAPITAINE);43,48913000; -1,46622000
202300005384;17;8;2023;18:51;1;49;49278;2;6;1;3;BOUCHEMAINE ROUTE;47,44470000; -0,57670000
202300005388;16;8;2023;15:00;1;49;49246;1;1;1;1;BELLE POULE LEVEE;47,42127000; -0,49112000
202300005393;21;9;2023;08:15;1;54;54395;2;1;1;3;Rue Monseigneur Turinaz;48,67474800;6,17383400
202300005404;16;8;2023;18:18;1;36;36063;2;1;9;3;704 Chemin des Marais;46,83875100;1,69697600
202300005420;19;8;2023;11:40;1;33;33063;2;1;1;2;Quai de Brazza;44,85663189; -0,54833740
202300005421;22;9;2023;21:11;5;35;35238;2;3;1;3;GUILLOUX (LOUIS);48,10978332; -1,69850618
202300005424;22;9;2023;08:30;1;35;35238;2;1;2;3;STATION DE METRO HENRI FREVILLE (AUX ABO;48,08867831; -1,67496175
202300005428;19;9;2023;16:50;1;34;34172;2;6;1;3;COLOMB (PLACE CHRISTOPHE);43,60614000;3,89862000
202300005429;18;8;2023;12:00;1;32;32013;2;1;1;6;JEROME CUZIN (SQUARE);43,64688000;0,58185000
202300005430;22;9;2023;02:40;5;33;33063;2;1;2;1;Quai Deschamps;44,83411000; -0,55110000
202300005443;18;6;2023;16:45;1;25;25056;2;6;1;3;rue pierre mesnage;47,24889000;5,99648000
202300005446;15;8;2023;09:10;1;22;22278;2;1;1;7;ARMOR (AV. D') COTE IMPAIR;48,51219000; -2,75430000
202300005470;22;9;2023;15:00;1;75;75119;2;3;1;3;RUE DE LA GARE;48,90189900;2,37274000
202300005471;22;9;2023;18:45;2;75;75118;2;1;1;1;BOULEVARD NEY;48,89849000;2,35609300
202300005476;22;9;2023;15:20;1;75;75112;2;3;1;3;RUE DE REUILLY;48,84420900;2,39027500
202300005478;22;9;2023;14:36;1;75;75110;2;2;1;7;RUE DU FAUBOURG DU TEMPLE;48,86879600;2,36762900
202300005481;22;9;2023;22:50;5;75;75104;2;3;1;7;BOULEVARD HENRI IV;48,85107800;2,36221700
202300005482;22;9;2023;13:45;1;75;75104;2;2;8;7;RUE DE RIVOLI;48,85789700;2,35020000
202300005490;22;8;2023;19:56;2;94;94022;2;2;1;3;VICTOR HUGO (AV);48,76918940;2,42247677
202300005498;21;9;2023;08:05;1;92;92033;2;1;3;3;GAUDONNES;48,85385199;2,19280243
202300005501;21;9;2023;20:25;5;92;92035;2;1;1;3;GÃ©nÃ©ral de Gaulle  ( avenue du );48,90999453;2,25496281
202300005509;22;9;2023;10:15;1;974;97422;2;6;1;3;rue de l'europe; -21,27407900;55,50645900
202300005511;22;9;2023;13:40;1;30;30209;1;1;1;1;Route d'Avignon;43,98890500;4,78272700
202300005524;23;10;2023;06:20;1;974;97407;1;1;1;3;TAMATAVE (BOULEVARD); -20,93029000;55,30163000
202300005545;22;9;2023;18:10;1;17;17124;2;2;1;3;Rue Saint Jean;46,03882000; -0,57257100
202300005562;21;10;2023;10:14;1;87;87075;1;1;1;3;PERIGUEUX (ROUTE DE);45,80223000;1,23193000
202300005588;16;4;2023;15:40;1;13;13028;2;1;1;6;FERRY (AVENUE JULES );43,18300000;5,60100000
202300005589;22;10;2023;18:20;1;76;76351;2;3;1;3;ACACIAS (DES);49,50810000;0,13840000
202300005610;21;9;2023;08:00;1;88;88413;2;1;1;2;Rue SAINT CHARLES;48,28826000;6,95170000
202300005618;23;10;2023;14:48;1;40;40192;2;1;1;2;MARTYRS DE LA RÃSISTANCE (AV DES);43,88750000; -0,50992000
202300005620;23;10;2023;19:55;5;38;38169;2;1;8;2;LANGEVIN (BOULEVARD P.)       (1 A 61);45,18988000;5,68254000
202300005630;23;10;2023;08:49;2;27;27681;2;1;8;6;BONNARD (RUE PIERRE);49,09800000;1,48920000
202300005634;21;9;2023;20:10;3;69;69266;2;1;3;1;Rue Jean Voillot;45,75176402;4,91211802
202300005637;20;9;2023;18:00;1;67;67218;2;1;1;3;LYON (RTE DE);48,52877000;7,71062400
202300005657;23;10;2023;01:20;5;75;75119;2;7;1;1;PLACE DE LA BATAILLE DE STALINGRAD;48,88324994;2,36913085
202300005662;23;10;2023;11:30;1;75;75113;2;2;2;3;PORTE D ITALIE;48,81574700;2,36070335
202300005666;23;10;2023;08:50;1;75;75115;2;1;1;3;AVENUE DE BRETEUIL;48,84629800;2,31191600
202300005680;23;10;2023;01:00;5;93;93001;2;9;1;1;REPUBLIQUE (AVE DE LA ) 43/106 =>;48,90789000;2,38765000
202300005682;23;10;2023;16:45;1;92;92051;2;1;2;3;CHARLES DE GAULLE (AVENUE,NÂ°118 A 192 +;48,88447154;2,26213628
202300005684;23;10;2023;17:50;1;92;92019;2;2;2;3;DIVISION LECLERC (AVENUE DE LA);48,76387149;2,27182674
202300005685;23;10;2023;20:00;5;92;92012;2;1;2;3;ANATOLE FRANCE (BOULEVARD) 1/4BIS;48,85106420;2,23443210
202300005695;24;10;2023;21:40;3;77;77236;1;1;1;2;D2411;48,41294500;3,26189900
202300005712;22;10;2023;09:45;1;43;43199;1;1;7;2;Route de Freycenet;45,07800600;4,21434000
202300005732;23;10;2023;18:30;2;44;44026;1;3;2;3;;47,28444000; -1,50788400
202300005750;9;7;2023;19:50;1;13;13081;2;1;1;2;D113;43,48362100;5,22386000
202300005751;31;7;2023;10:00;1;13;13100;2;6;1;3;Av du Gal Goislard de Monsabert;43,79041800;4,84715900
202300005772;22;10;2023;09:30;1;64;64335;1;6;1;3;NOVELLA;43,32302000; -0,42073000
202300005776;22;10;2023;11:10;1;51;51454;2;1;1;6;CERISAIE (RUE);49,23051000;4,05699000
202300005778;22;10;2023;11:35;1;49;49328;2;6;1;3;rond point du general arnold;47,26290000; -0,09041000
202300005782;21;10;2023;18:10;2;35;35238;2;3;8;3;MULLER (CHARLES);48,09892439; -1,67130187
202300005823;8;2;2023;09:00;1;63;63113;2;1;1;1;VIEILLARDS (RUE DES);45,77940000;3,07910000
202300005838;9;2;2023;09:15;1;35;35051;2;1;1;3;FOUGERES (ROUTE DE);48,13616763; -1,62371546
202300005839;4;2;2023;18:30;5;35;35115;2;3;1;3;RECOLLETS (RUE DES);48,35738000; -1,19556000
202300005847;9;2;2023;22:35;5;31;31555;2;3;1;6;47 Rue de Metz;43,60046300;1,45171900
202300005848;4;5;2023;15:45;1;76;76075;2;1;1;2;Route de Criquetot;49,76921200;1,05284200
202300005859;3;5;2023;17:30;1;34;34216;1;9;1;7;D22E5;43,62774300;3,09010900
202300005880;10;2;2023;11:25;1;75;75118;2;2;1;3;BOULEVARD BARBES;48,88656227;2,34956011
202300005882;9;2;2023;21:20;5;75;75117;2;2;1;3;AVENUE DE LA PORTE D ASNIERES;48,89227500;2,30110800
202300005884;9;2;2023;18:00;5;75;75117;2;3;1;3;AVENUE DES TERNES;48,87973800;2,28937700
202300005886;10;2;2023;08:50;1;75;75116;2;3;1;7;RUE DE PASSY;48,85794300;2,28118600
202300005891;10;2;2023;08:04;1;75;75114;2;5;1;3;AVENUE REILLE;48,82649133;2,34159261
202300005893;10;2;2023;21:45;5;75;75112;2;2;1;3;AVENUE DAUMESNIL;48,84111422;2,38895103
202300005903;8;2;2023;14:05;1;94;94028;2;6;1;3;Car de Pompadour;48,77413000;2,43959000
202300005913;10;2;2023;18:15;5;93;93051;2;1;1;2;Chemin de Halage;48,85107000;2,51666000
202300005915;10;2;2023;15:10;1;93;93048;2;1;1;3;33 Boulevard Rouget de Lisle;48,85985106;2,43882403
202300005929;10;2;2023;12:50;1;31;31044;2;1;1;3;31 Avenue des Arenes;43,61359300;1,48843900
202300005942;10;2;2023;16:35;1;71;71014;2;4;7;3;Place du General Brosset;46,96753100;4,31459100
202300005971;11;2;2023;10:30;1;83;83071;1;1;1;3;D88;43,17279500;6,21575700
202300005975;11;2;2023;10:00;1;13;13079;2;1;7;2;Avenue Henri Froidfond;43,52317600;5,67723100
202300005985;28;4;2023;18:15;1;87;87085;2;1;1;2;CARNOT (BOULEVARD);45,83282000;1,25934000
202300005988;2;5;2023;17:15;1;85;85194;2;1;1;3;79 Avenue de bretagne;46,50660000; -1,77746000
202300006021;1;5;2023;12:00;1;59;59507;2;1;1;3;CARNOT SADI RUE;50,60763000;3,10761000
202300006025;9;2;2023;07:21;5;75;75110;2;2;1;3;RUE DU FAUBOURG SAINT MARTIN;48,88110800;2,36516600
202300006026;9;2;2023;13:36;1;75;75119;2;1;1;3;QUAI DE LA GIRONDE;48,89495700;2,38409100
202300006029;9;2;2023;08:20;1;75;75116;2;1;1;7;BOULEVARD SUCHET;48,85805200;2,26512600
202300006031;9;2;2023;08:15;1;75;75116;2;2;1;7;BOULEVARD SUCHET;48,85735877;2,26465613
202300006033;9;2;2023;16:50;1;75;75114;2;3;1;3;RUE DE LA SANTE;48,83157200;2,34125400
202300006037;28;4;2023;18:45;2;49;49007;2;9;1;3;GEOFFRAY;47,45835000; -0,54501000
202300006038;9;2;2023;08:55;1;75;75109;2;2;1;6;RUE DE LONDRES;48,87654114;2,33095497
202300006040;9;2;2023;08:55;1;75;75109;2;1;1;3;RUE DE MONTHOLON;48,87659000;2,34523600
202300006041;2;5;2023;16:30;1;45;45284;2;6;1;3;52 Avenue Charles PÃ©guy;47,90512000;1,94499000
202300006051;9;2;2023;11:20;1;93;93001;2;1;1;1;4bis Rue Waldeck Rochet;48,91468000;2,36820000
202300006060;2;5;2023;18:10;1;35;35238;2;6;1;3;BIGNON (DU);48,09684000; -1,63522000
202300006065;9;2;2023;12:15;1;92;92012;2;1;1;3;BELLEVUE (RUE DE) 73/FIN - 80/FIN;48,83105877;2,23262116
202300006076;10;2;2023;12:15;1;26;26160;2;1;1;3;Avenue de la Croix des Mailles;45,19911400;4,81469900
202300006078;4;4;2023;17:55;1;19;19031;2;1;1;7;RIVET (AVENUE JEAN CHARLES);45,15052000;1,49789000
202300006080;20;4;2023;19:30;1;19;19031;2;1;1;3;PARIS (AVENUE DE);45,16161000;1,53273000
202300006097;2;5;2023;22:10;5;75;75118;2;2;1;3;AVENUE DE SAINT OUEN;48,89042600;2,32658900
202300006099;2;5;2023;18:30;1;75;75111;2;3;1;3;PLACE DE LA REPUBLIQUE;48,86671800;2,36516200
202300006114;2;5;2023;18:45;1;93;93066;2;1;1;3;Rue du Landy;48,91484855;2,34915644
202300006116;2;5;2023;18:47;1;93;93031;2;3;1;3;Route de Saint-leu / Rue Pierre Curie;48,94964142;2,34137937
202300006124;28;4;2023;14:45;1;92;92036;2;6;1;3;MARCEL PAUL (AVENUE) (1/103);48,93350633;2,30243236
202300006136;2;5;2023;16:20;1;974;97410;1;1;1;2;RN2; -21,05252300;55,72027400
202300006139;3;5;2023;19:00;1;59;59487;1;2;1;3;103 Rue du Bas;50,63543500;2,89093900
202300006144;3;5;2023;15:30;1;62;62281;2;1;7;6;Route de Tournes;50,69390900;1,67161700
202300006148;2;5;2023;11:33;1;74;74208;2;3;1;3;Avenue renÃ© raffort deruttet;45,92330800;6,68559900
202300006165;6;7;2023;20:30;1;44;44045;1;1;1;6;34 La Peille;47,27667800; -1,85563300
202300006190;2;5;2023;18:35;1;64;64133;1;6;1;2;D938;43,22570900; -0,25045400
202300006206;23;3;2023;16:23;1;75;75120;2;1;1;3;BOULEVARD DE BELLEVILLE;48,86809100;2,38196900
202300006210;3;5;2023;11:00;1;87;87117;1;1;1;7;Tramonteil;45,84851700;1,75476600
202300006214;23;3;2023;08:20;1;75;75117;2;2;8;7;BOULEVARD PEREIRE;48,88215400;2,29168000
202300006217;23;3;2023;08:00;1;75;75117;2;2;1;6;AVENUE NIEL;48,87964300;2,29470800
202300006221;23;3;2023;15:05;1;75;75116;2;2;1;2;RUE DE LA POMPE;48,86411955;2,27759778
202300006223;25;11;2023;12:35;1;35;35238;2;2;1;3;CHATEAUBRIAND (QUAI);48,11021911; -1,67777941
202300006238;23;3;2023;11:45;1;75;75104;2;3;1;6;RUE DE RIVOLI;48,85508300;2,36166300
202300006242;23;3;2023;10:00;1;75;75109;2;2;1;3;RUE DE ROCHECHOUART;48,87842400;2,34511500
202300006251;25;11;2023;09:30;1;22;22278;2;1;7;2;TREGUEUX (DE);48,50019000; -2,75691000
202300006263;19;10;2023;19:40;5;13;13056;2;1;2;3;RAYETTES;43,41218000;5,04337000
202300006272;23;3;2023;13:15;1;94;94069;2;6;1;2;Rue du MarÃ©chal Leclerc;48,81499000;2,46150000
202300006286;6;7;2023;14:11;1;87;87085;2;3;1;3;PERRIN (RUE FRANCOIS);45,82674000;1,23806000
202300006305;25;11;2023;16:00;1;75;75105;2;2;8;6;BOULEVARD SAINT MICHEL;48,85062100;2,34281200
202300006306;23;3;2023;09:55;1;92;92040;2;1;1;3;PDT ROOSEVELT (QUAI DU);48,83165000;2,26239000
202300006310;6;6;2023;08:30;1;83;83069;2;1;1;6;STRASBOURG (COURS DE);43,12183006;6,13105729
202300006331;25;11;2023;18:10;5;75;75113;2;3;1;3;BOULEVARD KELLERMANN;48,82000600;2,34709000
202300006339;8;4;2023;10:00;1;74;74210;1;2;1;3;D35_;46,29712200;6,45318600
202300006340;11;7;2023;07:30;1;67;67204;2;6;7;3;STADE (RUE DU);48,62640000;7,76970000
202300006343;6;6;2023;07:30;1;77;77014;2;1;1;3;GARE (PLACE DE LA);48,41590000;2,72571000
202300006344;25;11;2023;11:36;1;75;75113;2;5;1;3;RUE BOBILLOT;48,82581100;2,35036200
202300006350;25;11;2023;02:00;5;75;75112;2;4;1;1;AVENUE DU TREMBLAY;48,83406200;2,45493600
202300006362;5;6;2023;18:30;1;76;76351;2;3;1;6;PIERRE FARCIS;49,51712000;0,09783000