Num_Acc;jour;mois;an;hrmn;lum;dep;com;agg;int;atm;col;adr;lat;long
202300006371;25;11;2023;12:40;1;75;75103;2;4;1;6;RUE SAINT MARTIN;48,86900400;2,35562000
202300006381;25;11;2023;14:45;1;94;94042;2;1;1;3;Rue Charles Pathe;48,82001300;2,47146600
202300006389;20;9;2023;18:03;2;38;38544;2;3;1;3;JEAN MOULIN(RUE);45,50818000;4,85966000
202300006390;11;7;2023;08:00;1;59;59328;2;6;1;3;ALLIANCE NORD OUEST BVD DE L;50,65650308;3,01464200
202300006407;25;11;2023;03:30;5;94;94018;2;1;1;6;Av du Mal de Lattre de Tassigny;48,82291900;2,41980400
202300006414;5;6;2023;12:40;1;71;71076;2;1;1;3;RICHARD (RUE ANTONIN);46,79370000;4,83750000
202300006415;30;11;2023;18:20;5;56;56260;2;2;1;3;RESISTANCE(BLD DE LA) 4 A DDASS;47,64623000; -2,78005000
202300006429;6;7;2023;11:16;1;83;83019;1;1;1;7;;43,15038105;6,30673447
202300006430;27;12;2023;15:55;1;65;65083;2;1;1;7;;43,16512240;0,11017040
202300006433;5;6;2023;08:15;1;67;67482;2;3;1;3;LEBLOIS (BOULEVARD);48,58220000;7,77140000
202300006435;16;9;2023;14:15;-1;65;65239;1;1;-1;7;RD 26 Route du Col de Coupe;43,03030481;0,34006161
202300006445;24;10;2023;09:30;1;75;75107;2;4;8;3;RUE DU BAC;48,85661500;2,32686400
202300006459;25;11;2023;05:55;5;84;84035;1;1;1;2;DUNANT (AVENUE HENRY);43,81511000;5,04447000
202300006460;10;7;2023;20:27;2;33;33522;2;3;7;3;Rue FranÃ§ois Rabelais;44,79711424; -0,59859931
202300006463;25;11;2023;03:56;5;92;92040;2;1;1;7;VICTOR CRESSON (AVENUE) DU 02 AU 40;48,82245159;2,26729095
202300006464;27;12;2023;13:40;1;38;38301;1;2;7;3;D1075;44,79722900;5,63574000
202300006467;25;11;2023;12:25;1;92;92012;2;1;1;1;PIERRE GRENIER (AVENUE);48,83153000;2,25272000
202300006485;28;11;2023;17:40;5;74;74298;2;6;1;3;EUROPE (AVENUE DE L');46,17716000;6,24429000
202300006487;11;7;2023;13:00;1;28;28110;2;1;1;1;DU GORD;48,42060000;1,48874000
202300006492;5;6;2023;18:00;1;59;59350;2;2;1;1;CANONNIERS RUE DES 1:17-26:44;50,64002638;3,06931615
202300006501;22;3;2023;16:30;1;17;17095;1;3;8;3;D156e1;45,29940447; -0,26218995
202300006504;5;6;2023;06:24;1;57;57757;2;1;1;2;Nations (Avenue);49,36256400;6,19833900
202300006512;25;11;2023;09:15;1;71;71263;2;1;8;7;Rue des Cours BÃ©thy;46,65848000;5,15868800
202300006514;1;6;2023;14:27;1;57;57591;2;2;1;3;GARE (RUE DE LA);49,25632000;6,09806000
202300006528;10;7;2023;22:05;5;09;09225;2;3;1;3;TOULOUSE ROUTE DE;43,12334000;1,61082000
202300006549;5;6;2023;15:30;1;54;54274;2;2;1;3;MALGRANGE (AVENUE DE LA);48,66536779;6,19746655
202300006561;10;7;2023;13:10;1;75;75106;2;2;1;6;RUE DE SEVRES;48,85023500;2,32415600
202300006562;15;10;2023;18:20;1;51;51660;2;2;1;3;rue du 08 mai 1918 et rue des marais;49,34805600;4,21959200
202300006566;4;6;2023;17:20;1;51;51454;2;1;1;1;ADRIATIQUE  (RUE DE L');49,24998000;4,06341000
202300006568;11;7;2023;16:21;1;75;75118;2;7;1;3;PLACE ALBERT KAHN;48,89564300;2,34633500
202300006572;4;6;2023;13:45;1;51;51454;2;2;1;3;SFAX (RUE DE);49,26795000;4,05403000
202300006609;24;10;2023;18:20;1;73;73225;2;1;1;1;D12 Route des goulettes;45,53757100;5,95018300
202300006611;5;6;2023;06:55;1;49;49007;2;6;1;3;DE LATTRE DE TASSIGNY;47,44824000; -0,53860000
202300006613;20;2;2023;15:25;1;81;81311;2;1;1;7;;43,74950504;2,19757944
202300006626;11;7;2023;09:45;1;75;75101;2;2;1;2;RUE DE RIVOLI;48,86274700;2,33538000
202300006627;5;6;2023;19:10;1;43;43157;2;1;8;7;Rue de la Ronzade;45,04054900;3,87917500
202300006638;5;6;2023;08:30;1;41;41018;2;3;1;1;BART (RUE JEAN);47,58934000;1,30808000
202300006643;5;6;2023;19:20;1;37;37233;2;1;7;3;FARGES (AVENUE YVES);47,38673000;0,74512000
202300006652;19;8;2023;16:30;1;13;13208;2;9;1;3;MAZARGUES (AVENUE DE);43,26306988;5,39291533
202300006653;6;6;2023;12:05;1;35;35238;2;2;1;3;DONELIERE (RUE DE LA);48,13062000; -1,68455000
202300006654;25;11;2023;16:19;2;37;37042;1;1;7;2;Crissay;47,20431159;0,08477859
202300006658;6;6;2023;08:50;1;35;35238;2;2;1;3;VITRE (BLD DE);48,11571000; -1,64838000
202300006662;5;6;2023;17:20;1;35;35238;2;1;1;6;NANTES (DE);48,09122000; -1,69223000
202300006665;11;7;2023;08:00;1;93;93070;2;1;1;3;Rue du Landy;48,91659223;2,33424484
202300006668;5;6;2023;09:00;1;34;34301;2;1;1;3;21 Rue Montmorency;43,40650000;3,69288000
202300006675;21;3;2023;09:24;1;973;97302;2;6;1;6;MONTABO (ROUTE DE) 2;4,92722000; -52,28985000
202300006677;4;6;2023;16:55;1;34;34336;2;3;1;3;49 Rue Jean LaurÃ¨s;43,31751000;3,28035000
202300006681;22;3;2023;18:20;1;69;69383;2;2;1;6;Rue de la BanniÃ¨re;45,75330000;4,85640000
202300006715;5;6;2023;11:40;1;33;33529;2;1;1;3;RD 1250 (Camicas - Sortie Dune);44,64744000; -1,15803000
202300006719;11;7;2023;19:10;1;92;92026;2;2;1;3;COLOMBES;48,89883888;2,25665385
202300006723;7;8;2023;09:00;1;10;10238;1;1;1;7;14 rue du lac;48,25684000;4,33857600
202300006725;20;8;2023;09:00;1;44;44128;1;1;1;7;;47,55680298; -1,94260729
202300006726;21;3;2023;15:08;1;87;87085;2;1;1;7;VANTEAUX (BOULEVARD DE);45,82139000;1,24095000
202300006729;6;6;2023;19:00;1;29;29232;1;1;1;3;Route de Rosporden;47,98593400; -4,04400587
202300006730;21;12;2023;15:25;1;44;44069;2;1;-1;7;Route des Paludiers;47,33321700; -2,46855000
202300006732;14;8;2023;17:00;1;13;13028;2;3;1;3;DULAC (AVENUE GUILLAUME);43,18678000;5,60769000
202300006735;21;3;2023;13:31;1;87;87085;2;2;1;3;SABLARD (AVENUE DE);45,82817000;1,28218000
202300006746;16;8;2023;19:42;1;10;10387;2;3;1;6;BLANQUI (RUE);48,30600000;4,05000000
202300006766;5;6;2023;16:20;1;26;26362;2;1;1;1;Rue de la ForÃªt;44,92140000;4,90903000
202300006771;18;8;2023;19:20;1;06;06088;1;1;1;1;MERCANTOUR (BD);43,71885000;7,18635000
202300006772;1;12;2023;10:35;1;93;93001;2;3;1;3;Rue du Landy;48,91537288;2,36805677
202300006773;5;6;2023;17:25;1;26;26198;2;1;1;2;GOURNIER (Avenue de);44,53297230;4,73633051
202300006793;6;6;2023;08:33;1;18;18279;2;1;1;1;62 avenue marÃ©chal philippe leclerc de hauteclocque;47,20836000;2,05175000
202300006805;20;3;2023;22:11;5;52;52121;2;1;1;1;REPUBLIQUE (AVENUE);48,10079157;5,14476849
202300006807;23;5;2023;19:30;1;15;15014;2;6;1;2;CARMES (RUE DES);44,92331900;2,44036000
202300006809;10;7;2023;20:20;2;65;65467;1;1;1;6;route du hautacam;42,98271400; -0,03703600
202300006837;16;8;2023;18:22;1;75;75106;2;3;1;2;BOULEVARD SAINT GERMAIN;48,85228500;2,33875300
202300006844;18;12;2023;17:45;3;59;59009;2;9;1;1;Rue Jean Jaures;50,65574000;3,13275000
202300006850;19;1;2023;14:45;1;92;92048;2;1;1;2;BANES (RUE) NÂ° 3 A 19;48,80821540;2,24006720
202300006861;24;11;2023;18:35;5;69;69387;2;3;2;3;Avenue FÃ©lix Faure;45,75211000;4,84679000
202300006870;18;8;2023;17:40;1;75;75115;2;2;1;3;RUE LECOURBE;48,83860500;2,28942500
202300006874;16;8;2023;23:50;5;75;75114;2;2;1;3;RUE D ALESIA;48,83274100;2,31150900
202300006889;2;6;2023;13:50;1;01;01053;2;3;1;3;VERNE (AVENUE JEAN MARIE );46,19938000;5,22599000
202300006891;8;10;2023;17:50;3;84;84022;1;6;1;2;d20;44,27824000;4,99856200
202300006905;6;6;2023;00:15;5;75;75105;2;3;1;3;QUAI DE MONTEBELLO;48,85143200;2,35042200
202300006908;16;8;2023;19:05;1;75;75112;2;3;1;2;BOULEVARD DIDEROT;48,84581000;2,37245100
202300006913;5;6;2023;12:15;1;75;75106;2;1;1;3;BOULEVARD SAINT MICHEL;48,84922200;2,34200700
202300006915;16;8;2023;17:50;1;75;75111;2;4;1;6;BOULEVARD RICHARD LENOIR;48,85477600;2,36954100
202300006921;18;8;2023;06:30;1;75;75110;2;2;1;3;BOULEVARD DE LA CHAPELLE;48,88427100;2,36465100
202300006937;24;11;2023;12:30;1;91;91432;2;1;1;7;AV ARISTIDE BRIAND;48,70065000;2,32467000
202300006961;18;8;2023;00:30;5;75;75101;2;4;1;3;RUE DE TURBIGO;48,86370500;2,34820200
202300006968;6;6;2023;07:55;1;75;75115;2;2;1;2;BOULEVARD PASTEUR;48,84512300;2,31112100
202300006969;12;7;2023;13:15;1;38;38349;1;2;1;3;Rue des Granges;45,32823900;4,78160600
202300006975;16;8;2023;10:08;1;75;75103;2;2;1;6;RUE BEAUBOURG;48,86122200;2,35349300
202300006987;20;6;2023;19:45;1;94;94080;2;2;1;3;Rue de Fontenay;48,84841200;2,43453800
202300006995;14;12;2023;08:10;5;89;89387;2;6;1;3;BARBIER (ROND POINT);48,20546000;3,27762000
202300006996;12;7;2023;15:00;1;17;17121;1;9;1;4;PK019+550 RD735;46,19833200; -1,42625700
202300006998;22;3;2023;19:45;5;94;94043;2;6;2;3;Avenue de Fontainebleau;48,80969000;2,36264000
202300007014;16;8;2023;19:50;1;94;94041;2;1;1;3;Avenue Maurice Thorez;48,81857000;2,37369000
202300007029;5;6;2023;22:50;5;94;94080;2;1;1;3;Avenue de Nogent;48,84456034;2,43964760
202300007034;11;8;2023;19:00;2;94;94079;2;6;2;3;Boulevard Jean Monnet;48,83168764;2,53342983
202300007035;6;6;2023;13:25;1;94;94046;2;1;1;3;279 Avenue du GÃ©nÃ©ral Leclerc;48,80256800;2,44709400
202300007038;24;11;2023;14:30;1;67;67482;2;1;1;3;COLMAR (AVENUE DE);48,55681000;7,74766000
202300007050;5;6;2023;11:10;1;94;94011;2;3;1;3;chemin de la POMPADOUR;48,76559422;2,47689195
202300007059;6;6;2023;13:40;1;75;75112;2;2;1;3;Avenue de Nogent;48,84449400;2,43950000
202300007071;19;8;2023;17:52;1;93;93055;2;3;7;1;Rue Davoust / Avenue Ãdouard Vaillant;48,89975000;2,39611000
202300007093;22;3;2023;19:50;5;92;92062;2;1;1;6;FRANCE (RUE ANATOLE) DU 11 AU 33;48,88476571;2,23929450
202300007105;6;6;2023;09:10;1;93;93008;2;1;1;7;Chemin LatÃ©ral;48,90426000;2,45486000
202300007109;22;3;2023;13:35;1;92;92012;2;1;8;7;POINT DU JOUR (QUAI DU);48,83226000;2,25954000
202300007117;4;6;2023;18:40;1;92;92046;2;2;1;7;FABIEN (BOULEVARD DU COLONEL);48,81179547;2,28074402
202300007178;7;6;2023;22:00;5;974;97412;2;1;1;3;Rue RaphaÃ«l Babet; -21,38058100;55,60972500
202300007216;20;8;2023;11:15;1;24;24309;2;2;1;3;Route de Mauriac;45,10065000;0,44446900
202300007223;6;6;2023;16:00;1;42;42313;1;1;1;2;Route de Montbrison;45,73281600;4,01017100
202300007231;29;12;2023;10:05;1;44;44154;2;1;1;3;Avenue Guy Lafontaine;47,24459300; -2,15803600
202300007232;21;8;2023;11:55;1;71;71047;1;1;1;3;Avenue du Fourneau;46,63128000;3,71886900
202300007242;17;12;2023;07:45;5;69;69387;2;1;1;6;20 Quai Claude Bernard;45,74988000;4,83535000
202300007246;18;8;2023;07:35;1;68;68026;1;2;1;6;Croisement entre 2 chemins de vigne;48,14120900;7,33943600
202300007256;15;8;2023;14:50;1;86;86191;1;2;1;3;D54;46,48689400;0,78723400
202300007283;10;8;2023;11:15;1;56;56102;1;2;1;3;bocneuf la riviÃ¨re;47,96515100; -2,61787900
202300007316;19;9;2023;12:10;1;49;49099;2;2;1;3;MARCEL DOUTRELIGNE;47,04740000; -0,84767000
202300007317;18;8;2023;15:45;1;65;65195;1;1;1;7;Route de Val Louron;42,80840000;0,40122300
202300007319;17;8;2023;09:30;1;65;65039;1;1;1;3;Route du Col D918;42,92559300;0,34785000
202300007335;20;9;2023;14:00;1;37;37261;2;1;1;6;VICTOIRE (RUE DE LA);47,39275000;0,67867000
202300007338;20;8;2023;10:40;1;63;63097;1;1;1;7;D23 PK 18+500;45,49128896;3,06965785
202300007346;20;9;2023;17:20;1;13;13209;2;1;2;2;LANCIER (CHEMIN DU);43,24652133;5,39568030
202300007347;20;9;2023;17:50;1;11;11069;2;9;8;3;3 Route de Montreal;43,21193000;2,33005000
202300007349;20;9;2023;17:28;1;10;10387;2;1;1;-1;EDOUARD HERRIOT (RUE);48,27415000;4,08350000
202300007365;21;9;2023;02:15;5;75;75117;2;3;2;3;AVENUE DE CLICHY;48,88998500;2,32124900
202300007366;21;9;2023;18:40;1;75;75116;2;1;1;3;AVENUE VICTOR HUGO;48,87002000;2,28618300
202300007368;21;9;2023;15:00;1;75;75115;2;2;2;3;RUE LECOURBE;48,83686100;2,28358400
202300007370;21;9;2023;08:10;1;75;75115;2;1;2;3;RUE BALARD;48,83903200;2,27828300
202300007372;20;9;2023;11:50;1;75;75114;2;2;1;6;RUE D ALESIA;48,82653100;2,34159000
202300007374;21;9;2023;17:38;1;75;75107;2;1;1;3;RUE SAINT DOMINIQUE;48,85994900;2,31620500
202300007377;21;9;2023;07:50;1;75;75101;2;2;2;7;BOULEVARD DE SEBASTOPOL;48,86198500;2,35016300
202300007378;19;9;2023;17:45;1;75;75104;2;2;1;3;PONT DE SULLY;48,85080200;2,36143700
202300007379;21;9;2023;11:25;1;94;94068;2;1;2;2;Avenue du Bac;48,79555000;2,50881000
202300007411;22;8;2023;19:40;1;91;91560;1;6;1;3;D35;48,67501200;2,16807200
202300007417;22;9;2023;14:30;1;63;63132;1;1;2;3;;45,61750400;3,55030100
202300007431;18;9;2023;15:00;1;43;43051;2;2;1;3;Route de Saint-AgrÃ¨ve;45,05566700;4,31346400
202300007447;7;9;2023;16:20;1;01;01249;2;3;7;3;Rue des Brotteaux;45,82323100;4,96672700
202300007449;20;9;2023;19:15;1;33;33243;2;6;1;3;Avenue du GÃ©nÃ©ral de Gaulle;44,90319000; -0,22194700
202300007482;20;9;2023;14:33;1;69;69387;2;8;1;3;Quai Charles de Gaulle;45,74781000;4,83360000
202300007503;19;9;2023;20:00;1;69;69259;2;2;1;3;Route de Vienne;45,71687668;4,85628833
202300007507;20;9;2023;10:00;1;64;64284;1;1;1;6;18 JUIN 1940 DU;43,29335129; -0,41141063
202300007508;20;9;2023;08:30;1;64;64445;2;1;7;3;UNIVERSITE DE L';43,31125000; -0,36340000
202300007537;22;10;2023;17:20;1;75;75102;2;2;1;3;BOULEVARD DE SEBASTOPOL;48,86441100;2,35152800
202300007540;21;10;2023;22:20;5;94;94033;2;1;3;3;Avenue de Lattre de Tassigny;48,85711000;2,49183000
202300007542;22;10;2023;11:55;1;93;93055;2;1;1;3;Avenue du GÃ©nÃ©ral Leclerc;48,89903700;2,40786500
202300007547;22;10;2023;11:30;1;93;93008;2;6;8;3;Avenue Paul Vaillant - Couturier;48,90955000;2,44572000
202300007548;22;10;2023;20:30;5;92;92036;2;1;1;3;MARCEL PAUL (AVENUE) (1/103);48,93362127;2,30274975
202300007556;22;3;2023;18:30;2;19;19063;2;1;1;1;;45,13837056;1,58181667
202300007563;22;10;2023;13:15;1;68;68126;2;1;1;1;45 Rue de HÃ©singue;47,56542900;7,52702400
202300007566;20;10;2023;10:25;2;29;29174;1;1;2;2;Trelluant;47,89751099; -4,30908530
202300007574;22;10;2023;14:00;1;14;14057;1;3;1;3;3845 Route de Bourguebus;49,11575500; -0,25977600
202300007586;12;10;2023;07:00;2;974;97415;2;3;7;3;Route du ThÃ©Ã¢tre; -21,04478126;55,22984147
202300007593;22;10;2023;11:40;1;63;63247;1;1;1;2;Route DÃ©partementale 5;45,56651300;2,94864900
202300007597;22;10;2023;11:45;1;59;59465;1;1;1;7;Route ers l'Ã©tang du flaquet;50,12400700;3,59263700
202300007621;20;10;2023;08:45;1;973;97302;2;1;1;3;ZEPHIR (ROCADE);4,93477000; -52,30857000
202300007647;21;10;2023;12:03;1;51;51454;2;2;1;3;PONSARDIN (RUE);49,25097000;4,04067000
202300007672;21;10;2023;13:48;1;75;75119;2;2;2;2;AVENUE JEAN JAURES;48,88662900;2,38484400
202300007676;20;10;2023;16:30;1;75;75114;2;4;2;6;BOULEVARD ARAGO;48,83445000;2,33344900
202300007683;20;10;2023;21:04;5;75;75107;2;1;2;2;QUAI D ORSAY;48,86289800;2,31768100
202300007684;21;10;2023;19:45;5;75;75102;2;4;2;3;RUE MONTMARTRE;48,86912500;2,34320400
202300007693;21;10;2023;01:55;5;92;92046;2;1;1;1;GABRIEL PERI;48,81933718;2,30435157
202300007714;9;2;2023;07:35;2;31;31224;2;2;1;3;D825;43,08225400;0,57525900
202300007717;10;2;2023;07:30;1;06;06032;2;1;1;6;120 Avenue du Trois Septembre;43,72312600;7,39630900
202300007735;9;2;2023;17:20;2;81;81210;2;1;7;3;Route dÃ©partementale 51;43,53234000;1,98610100
202300007762;8;2;2023;07:30;1;974;97416;2;9;1;6;BANK (BOULEVARD); -21,33069000;55,47751000
202300007765;8;2;2023;15:45;1;973;97302;2;6;1;3;CATAYEE (JUSTIN);4,92433000; -52,32421000
202300007771;7;2;2023;18:20;5;87;87085;2;1;1;6;PERRIN (RUE FRANCOIS);45,82206000;1,21523000
202300007788;7;2;2023;16:22;1;57;57491;2;1;7;3;POINCARE (RUE);49,24550000;6,03574000
202300007811;8;2;2023;13:20;1;75;75113;2;3;1;3;AVENUE D IVRY;48,82371540;2,36490101
202300007812;8;2;2023;15:20;1;75;75112;2;1;1;6;AVENUE COURTELINE;48,84422000;2,41102500
202300007815;8;2;2023;08:00;2;75;75111;2;3;1;6;BOULEVARD VOLTAIRE;48,85326600;2,38771700
202300007816;8;2;2023;13:00;1;75;75110;2;1;1;6;RUE DE MAUBEUGE;48,88111200;2,35333100
202300007817;7;2;2023;12:20;1;75;75108;2;2;1;3;BOULEVARD MALESHERBES;48,87778890;2,31628597
202300007818;8;2;2023;19:28;5;75;75101;2;3;1;3;BOULEVARD DE SEBASTOPOL;48,86247620;2,35042781
202300007826;8;2;2023;09:10;1;93;93070;2;2;1;3;Rue des Bateliers / Rue la Clef des Champs;48,91314000;2,32668000
202300007839;8;2;2023;17:31;1;92;92051;2;2;1;6;CHEZY (RUE DE, NÂ° 21 A 99);48,89002522;2,27379978
202300007873;9;2;2023;13:30;1;74;74010;2;1;1;7;Avenue jean clerc;45,88507100;6,09513300
202300007903;3;5;2023;12:15;1;59;59129;1;3;1;3;D549;50,50313700;3,17766700
202300007912;28;2;2023;10:30;1;43;43040;2;3;1;3;Rue Andocede Carrot;45,29799200;3,38076900
202300007922;1;5;2023;09:20;1;83;83126;2;6;1;3;RENOIR (AV AUGUSTE);43,08415000;5,86618000
202300007929;1;5;2023;10:50;1;54;54099;2;3;1;3;Rue Louis Bertrand;49,24244700;5,93824500
202300007941;30;4;2023;14:00;1;75;75116;2;2;1;3;AVENUE KLEBER;48,86899700;2,29156900
202300007943;29;4;2023;03:30;5;75;75101;2;1;1;3;QUAI DES TUILERIES;48,86367200;2,32158500
202300007959;1;5;2023;17:10;1;92;92012;2;1;1;3;JEAN JAURES (BOULEVARD) 63/215 - 70/208;48,83575100;2,24229200
202300008001;2;5;2023;14:15;1;81;81105;1;1;1;7;La plaine;43,77831000;1,98577900
202300008005;1;5;2023;16:20;1;33;33019;2;1;1;3;AllÃ©e des ChÃ¨vres;44,69178931; -1,01953179
202300008019;30;4;2023;13:20;1;974;97407;2;1;1;1;LONDRES(RUE); -20,94190000;55,29444000
202300008038;7;6;2023;18:40;1;50;50111;1;1;1;3;Les Nouettes;49,03528300; -1,27846400
202300008071;24;11;2023;07:10;5;37;37214;2;4;2;3;DE GAULLE (BD CHARLES);47,41814000;0,66528000
202300008074;24;11;2023;17:40;2;35;35238;2;2;1;3;ROOSEVELT (BD FRANKLIN);48,09590000; -1,66150000
202300008092;6;6;2023;17:45;1;91;91661;1;1;7;1;Avenue de la Plesse;48,69387400;2,23761600
202300008120;29;4;2023;11:40;1;22;22113;2;1;1;2;SAINT MARC (RUE DE);48,73455000; -3,44430000
202300008144;7;6;2023;05:15;1;27;27599;1;1;1;7;RD 6015 PR 14. 200;49,15009300;1,38105900
202300008148;30;4;2023;07:35;1;75;75120;2;1;1;3;RUE DES MARAICHERS;48,85515200;2,40614100
202300008153;30;4;2023;05:43;5;75;75119;2;3;1;6;AVENUE JEAN JAURES;48,88295600;2,37061300
202300008165;30;4;2023;16:05;1;75;75113;2;1;1;2;AVENUE D ITALIE;48,82938800;2,35632000
202300008168;30;4;2023;18:45;1;75;75112;2;1;1;3;QUAI DE BERCY;48,84127600;2,37338700
202300008192;30;4;2023;20:45;5;93;93055;2;3;1;3;Avenue Jean Lolive / Rue HonorÃ© dâEstienne dâOrves;48,89176000;2,40643000
202300008204;24;11;2023;11:30;1;75;75115;2;1;1;6;RUE DE VAUGIRARD;48,84466500;2,31860600
202300008210;22;11;2023;17:40;3;75;75114;2;2;1;3;PLACE DENFERT ROCHEREAU;48,83369500;2,33192000
202300008226;24;11;2023;08:50;1;75;75111;2;3;1;6;RUE DE CHARONNE;48,85359100;2,38040600
202300008233;24;11;2023;17:20;2;75;75110;2;3;1;1;RUE LA FAYETTE;48,88064000;2,36201700
202300008239;10;7;2023;08:38;1;87;87085;1;1;1;6;AEROPORT LIMOGES BELLEGARDE (AVENUE DE);45,86109200;1,17294500
202300008254;13;3;2023;14:00;1;74;74010;2;1;1;3;Avenue des vieux moulins (Seynod);45,88976200;6,11492700
202300008258;24;11;2023;19:05;5;94;94002;2;9;1;3;Quai Blanqui;48,81452962;2,41119843
202300008279;4;6;2023;16:15;1;75;75116;2;1;1;3;ROUTE D AUTEUIL AUX LACS;48,85120300;2,25329500
202300008282;5;6;2023;11:40;1;75;75115;2;2;1;3;RUE DU THEATRE;48,84811000;2,29012300
202300008290;14;12;2023;18:55;5;92;92004;2;1;1;2;LAURENT-CELY  ( AVENUE );48,91637682;2,30807863
202300008295;21;3;2023;18:05;1;36;36123;2;2;1;3;;46,82118999;1,20929539
202300008298;10;7;2023;14:00;1;64;64373;2;3;1;3;LOUIS BARTHOU;43,27680000; -0,35693000
202300008305;5;6;2023;12:15;1;75;75111;2;3;1;3;AVENUE PARMENTIER;48,86864100;2,37208600
202300008308;10;7;2023;07:40;1;63;63075;2;1;1;3;VILLARS (AVENUE DE);45,77543000;3,05692000
202300008314;22;12;2023;18:55;5;30;30189;2;1;1;3;ALLENDE SALVADOR (RUE);43,81980000;4,35550000
202300008321;5;6;2023;09:55;1;75;75104;2;5;1;7;RUE DE RIVOLI;48,85554500;2,35969100
202300008323;10;7;2023;09:00;1;56;56121;2;2;1;3;RUE LOUIS GUIGUEN;47,75573000; -3,35479000
202300008327;5;6;2023;07:50;1;75;75101;2;2;1;3;RUE DE RIVOLI;48,86011000;2,34361000
202300008334;10;7;2023;14:30;1;51;51454;2;2;1;1;DE GAULLE (AVENUE DU GENERAL);49,24552900;4,01789500
202300008347;16;12;2023;11:30;1;01;01249;2;3;1;3;Rue Joseph Carre;45,82503900;4,95406700
202300008349;10;7;2023;13:55;1;37;37214;2;2;1;3;MENARDIERE (RUE DE LA);47,41891000;0,66879000
202300008356;22;11;2023;16:45;2;56;56053;1;1;1;2;Kerzio;47,74260600; -2,57243700
202300008373;7;7;2023;12:40;1;34;34032;2;1;1;7;Avenue Pierre MendÃ¨s-france;43,34178000;3,24380000
202300008385;10;7;2023;09:00;1;27;27229;2;4;1;3;CONCHES (ROUTE DE);49,01889000;1,11830000
202300008390;5;6;2023;15:50;1;93;93048;2;1;1;3;Rue de Paris;48,85608425;2,42505742
202300008392;10;7;2023;18:30;1;25;25056;2;1;1;3;chemin des journaux;47,21957400;6,01322800
202300008395;10;7;2023;18:15;1;25;25056;2;1;1;2;PLANCON RUE GABRIEL;47,23231200;6,01400730
202300008430;5;6;2023;20:00;1;92;92051;2;1;1;3;ACHILLE PERETTI (AVENUE,  NÂ° 98 A 166 ET;48,88435308;2,26939827
202300008431;25;12;2023;18:00;3;84;84017;1;1;1;1;D19;44,10392000;5,22743200
202300008439;18;8;2023;11:20;1;55;55010;2;3;1;3;Rue Emile Debraux;48,63478400;5,02060200
202300008443;5;6;2023;18:00;1;92;92040;2;3;1;3;GENERAL DE GAULLE (AVE DU) 78 A 158;48,81954298;2,27892458
202300008464;3;6;2023;18:25;1;92;92004;2;1;1;6;DIX HUIT JUIN 40 ( RUE DU );48,93101113;2,27704391
202300008466;28;11;2023;11:30;1;75;75116;2;7;1;2;PLACE CHARLES DE GAULLE;48,87355500;2,29414900
202300008472;2;10;2023;15:20;1;44;44092;1;3;1;3;Le Petit Marais;47,68872000; -1,87490700
202300008485;9;7;2023;10:20;1;75;75114;2;3;1;1;RUE D ALESIA;48,83010400;2,32041700
202300008489;25;11;2023;10:30;1;63;63284;2;1;2;1;chemin de la Banche;45,78893100;3,22546900
202300008490;21;3;2023;17:13;1;38;38185;2;1;1;1;COURS LA FONTAINE;45,18786000;5,72508000
202300008491;10;7;2023;08:25;1;75;75113;2;2;1;3;BOULEVARD MASSENA;48,81888300;2,35953900
202300008492;6;6;2023;15:45;1;42;42166;2;1;1;7;188 Rue de la PrÃ©votÃ©;45,99130800;4,09841500
202300008510;10;7;2023;08:50;1;75;75110;2;2;1;3;RUE LA FAYETTE;48,88061600;2,36203100
202300008514;10;7;2023;09:20;1;75;75108;2;1;1;3;AVENUE HOCHE;48,87578900;2,29958600
202300008515;21;3;2023;20:15;5;69;69383;2;2;1;3;Rue Duguesclin;45,76357133;4,84830739
202300008519;26;12;2023;18:15;5;92;92024;1;1;1;3;JEAN JAURES (BD) DE (111 A 159);48,90746000;2,30019000
202300008521;21;3;2023;11:05;1;69;69383;2;1;1;2;Rue Feuillat;45,75433000;4,87716000
202300008526;10;7;2023;14:00;1;94;94043;2;1;1;3;19 Avenue de Fontainebleau;48,81467400;2,36091200
202300008531;19;8;2023;05:45;2;25;25470;1;1;1;3;Route dÃ©partementale 663;47,44697700;6,61354400
202300008557;10;7;2023;21:15;1;93;93007;2;1;1;1;Rue dâAltrincham Sandwell;48,94772882;2,44840190
202300008559;5;6;2023;10:20;1;11;11358;1;1;1;3;;42,82985800;2,21182500
202300008563;17;8;2023;10:55;1;31;31107;2;6;1;3;Route de l'Arize;43,29469000;1,21597100
202300008583;6;6;2023;14:45;1;68;68155;2;1;1;6;50 Rue de la Promenade;48,09187900;7,29684800
202300008589;19;8;2023;10:00;1;38;38043;2;3;1;3;Route de Charavines;45,44496900;5,53406800
202300008602;4;6;2023;17:15;1;02;02003;2;1;1;6;1 Rue du Jury;49,35301400;3,42013100
202300008611;15;8;2023;12:10;1;01;01314;2;6;8;7;Grande Rue de la Cotiere;45,99707000;5,28136600
202300008616;19;8;2023;11:15;1;70;70507;1;1;1;3;Grande Rue;47,44756100;6,03298500