Num_Acc;jour;mois;an;hrmn;lum;dep;com;agg;int;atm;col;adr;lat;long
202300008617;22;11;2023;18:10;1;974;97411;2;4;1;3;SAINT-FRANCOIS (BOULEVARD DE); -20,89766000;55,46254000
202300008626;31;12;2023;06:43;5;76;76341;2;6;3;7;BELLEVUE;49,51192000;0,19938000
202300008634;30;12;2023;08:00;2;76;76447;2;6;1;3;RD 31;49,54715000;0,18896000
202300008644;4;7;2023;09:20;1;19;19123;2;6;1;3;rond point Simone VEIL;45,16899600;1,56015200
202300008655;20;3;2023;19:30;2;67;67447;2;3;1;3;Carrefour des quatre vents;48,60449000;7,74740000
202300008659;6;12;2023;11:55;1;57;57269;2;1;1;3;Rue Galla;49,30239800;6,21488200
202300008660;20;8;2023;11:30;1;58;58095;2;1;1;3;2 Rue MarÃ¨chal Foch;46,82809400;3,46009500
202300008664;23;11;2023;06:50;5;69;69382;2;1;1;7;16 Quai Perrache;45,74498492;4,82721716
202300008669;23;11;2023;13:00;1;971;97105;2;1;1;6;MAURICE MARIE-CLAIRE(RUE);15,99609521; -61,73097074
202300008684;10;7;2023;21:30;1;39;39432;2;3;1;3;Place de la Liberte;47,22352800;5,50177900
202300008693;18;3;2023;09:35;1;60;60159;2;1;1;2;Place du GÃ©nÃ©ral De Gaulle;49,41800000;2,82955000
202300008712;19;8;2023;02:05;3;50;50003;2;1;1;7;72 avenue de la mer;49,04523800; -1,59091700
202300008715;8;7;2023;09:15;1;26;26146;1;3;1;3;Route de MontÃ©limar;44,41905300;4,89800300
202300008751;10;7;2023;18:50;1;85;85025;1;1;1;7;la Basse Grange;46,94858400; -1,17550300
202300008771;23;11;2023;08:45;1;67;67482;2;1;8;3;BAN DE LA ROCHE (RUE DU);48,57754000;7,72771000
202300008773;21;3;2023;12:20;1;35;35238;2;6;1;3;ALBERT 1ER (BD);48,09010445; -1,69091552
202300008786;10;7;2023;17:10;1;38;38027;2;6;1;3;D1090;45,43491500;6,00140000
202300008790;23;11;2023;08:00;1;63;63300;2;3;1;1;Rue Virlogeux/ rue GrÃ©goire de Tours;45,89004795;3,11985165
202300008797;19;8;2023;10:30;1;64;64371;2;1;1;1;Avenue de Belzunce;43,22575500; -0,87861100
202300008810;17;8;2023;09:05;1;64;64516;1;1;1;4;Route de Montaner;43,32915000; -0,17366800
202300008811;23;11;2023;11:40;1;62;62764;2;9;1;2;D63;50,30153248;2,78227879
202300008816;17;8;2023;07:55;1;73;73010;2;2;1;3;D991C Rue de la Chambotte;45,78510000;5,94075000
202300008849;22;11;2023;20:50;5;54;54304;2;4;1;1;Rue de MarÃ©ville;48,68460000;6,15398000
202300008851;15;8;2023;18:20;1;36;36171;2;1;1;3;;47,06424382;2,03303935
202300008881;20;8;2023;10:30;1;21;21695;2;1;1;7;rue de la corvÃ©e;47,57061200;4,58025300
202300008883;4;6;2023;23:00;4;91;91687;2;1;1;1;VICTOR SCHOELCHER (AVENUE);48,64999000;2,36865000
202300008895;12;12;2023;12:00;1;67;67098;2;3;1;1;70 Rue du GÃ©nÃ©ral de Gaulle;48,54258000;7,42739900
202300008898;11;7;2023;07:15;1;63;63204;1;1;1;3;D2;45,80429106;3,20082178
202300008932;10;7;2023;14:45;1;17;17225;1;1;1;3;D268;45,74000500; -1,16849900
202300008935;11;7;2023;08:20;1;17;17207;1;3;1;1;D 102;46,21659000; -1,46049500
202300008941;20;8;2023;11:20;1;17;17466;1;1;1;3;D107 - RUE DES GUES;46,17840400; -0,93819400
202300008946;8;7;2023;10:40;1;85;85035;2;1;1;1;Avenue de la corniche;46,63047800; -1,87947600
202300008947;17;8;2023;16:50;1;87;87117;2;1;1;7;d222;45,80182000;1,84345000
202300008949;4;6;2023;10:00;1;72;72003;2;1;1;1;BEAU SOLEIL (RUE DE);47,95596000;0,16667000
202300008957;7;7;2023;14:00;1;22;22162;2;1;1;7;48 Rue des 8 Patriotes;48,78174100; -3,04767100
202300008969;21;3;2023;18:20;1;93;93006;2;1;1;3;Rue des Loriettes;48,87188000;2,41942100
202300008980;4;6;2023;12:00;1;54;54431;1;9;1;3;Rue du Bois le PrÃªtre;48,92157000;6,04018000
202300009018;31;12;2023;07:55;2;78;78502;2;3;2;3;BELLEVUE (RUE DE);48,87740000;2,10648000
202300009039;19;8;2023;11:30;1;06;06152;1;1;1;3;Route de Biot;43,64305500;7,05017600
202300009056;22;3;2023;15:30;1;2B;2B123;2;3;1;3;Intersection rue des Ã©coles - Route de Ghisoni;42,01703000;9,40419000
202300009062;21;3;2023;15:10;1;12;12154;1;4;1;3;moulin neuf;43,88698700;2,81291300
202300009067;19;3;2023;10:00;1;86;86023;1;1;1;6;D14;46,89977000;0,25744200
202300009069;21;3;2023;13:00;1;86;86160;2;1;1;1;1 Rue Gambetta;46,78470000;0,18241300
202300009070;29;12;2023;13:30;1;22;22113;2;6;8;3;BUZULZO (RUE DE);48,72780000; -3,45900000
202300009073;31;12;2023;15:00;1;75;75106;2;2;1;2;RUE DU VIEUX COLOMBIER;48,85160900;2,33112600
202300009074;14;3;2023;17:50;1;68;68126;1;1;1;3;Rue de Bale;47,56163900;7,54576700
202300009096;31;12;2023;14:30;1;75;75107;2;3;1;3;RUE DU BAC;48,85881000;2,32873200
202300009098;22;3;2023;15:00;1;16;16070;2;1;1;6;65 ROUTE DE BELLEVUE;45,86811500;0,73003600
202300009103;20;8;2023;12:45;1;33;33527;1;1;1;1;20 Rue de Boulange;44,62768000; -1,02270400
202300009104;22;3;2023;11:00;1;68;68321;2;1;1;3;26 rue de la rÃ©publique;47,82737700;7,25067600
202300009107;19;8;2023;09:00;1;33;33527;2;2;1;3;12 Rue de l?Industrie;44,62995900; -1,02156200
202300009121;20;3;2023;15:20;1;33;33496;2;6;1;3;Avenue du PÃ©rigord;44,83152600; -0,39967100
202300009122;17;8;2023;11:30;1;77;77175;1;3;1;3;D48 - D35;48,64739200;2,67172400
202300009156;19;8;2023;11:50;1;05;05177;1;1;1;1;D902;44,58323900;6,68288500
202300009161;30;12;2023;11:10;1;69;69383;2;3;1;5;Rue Desaix;45,75744000;4,85465000
202300009170;20;9;2023;17:00;1;60;60057;2;3;1;3;Rue du Docteur Schweitzer;49,41412000;2,10610000
202300009176;16;8;2023;16:30;1;13;13041;2;3;1;3;Chemin de la Garde;43,46279400;5,48335800
202300009188;18;9;2023;15:50;1;54;54395;2;2;3;3;Rue de Graffigny;48,68312000;6,17145800
202300009198;19;9;2023;21:20;5;49;49007;2;2;1;3;BRESSIGNY;47,46638000; -0,54767000
202300009208;19;8;2023;18:48;1;03;03006;1;1;1;3;RD207;46,12569400;3,70512800
202300009228;20;3;2023;11:10;1;93;93073;2;3;1;1;Rue de l'Orme Benoit / Rue de l'Estrelle;48,97796000;2,56298000
202300009233;16;8;2023;08:35;1;65;65006;1;1;1;7;hourquette d'ancizan;42,91018000;0,28687300
202300009234;20;9;2023;12:10;1;33;33249;2;6;1;3;Rue FranÃ§ois Villon;44,87135000; -0,51640000
202300009235;13;8;2023;12:20;1;65;65059;1;1;1;3;RD 918 - Lieu-dit LA MONGIE - PR 045.100;42,91053300;0,17573800
202300009246;17;8;2023;18:40;1;17;17452;2;1;7;4;D25;45,79252900; -1,17844500
202300009250;20;8;2023;08:00;1;17;17240;1;1;7;2;AllÃ©e du Lac;45,27347100; -0,40227800
202300009259;20;9;2023;12:00;1;25;25056;2;4;1;3;PONTARLIER RUE DE;47,23606000;6,02997000
202300009268;20;9;2023;16:14;1;22;22278;2;9;2;6;SAINT-BENOIT (ET ESPACE);48,51484000; -2,75720000
202300009280;20;3;2023;17:03;1;64;64445;2;6;1;3;LEON BERARD;43,31322000; -0,36887000
202300009294;19;9;2023;17:50;1;75;75120;2;1;1;6;BOULEVARD MORTIER;48,87206700;2,40848500
202300009297;20;9;2023;13:20;1;75;75117;2;1;1;3;BOULEVARD DU FORT DE VAUX;48,89321700;2,30257200
202300009299;20;9;2023;14:45;1;75;75113;2;3;1;3;BOULEVARD VINCENT AURIOL;48,83270500;2,36221100
202300009303;19;9;2023;20:50;5;75;75112;2;2;1;1;QUAI DE LA RAPEE;48,84339600;2,37071200
202300009310;10;10;2023;09:15;1;94;94046;2;1;1;3;Avenue du Professeur Cadiot;48,80383000;2,43310000
202300009314;20;9;2023;22:20;5;93;93071;2;5;1;3;Avenue du Commandant Charcot / Avenue John Fitzgerald Kennedy;48,93635000;2,51532000
202300009321;20;9;2023;12:26;1;92;92064;2;1;1;7;ALPHONSE MOGUEZ;48,85331907;2,21760454
202300009325;20;9;2023;16:20;1;92;92040;2;1;1;7;HOCHE (ALLEE);48,82349949;2,26967740
202300009341;19;9;2023;18:00;1;55;55533;2;1;1;3;Rue de Tusey;48,61271100;5,66929900
202300009363;16;9;2023;21:45;3;91;91482;1;7;1;6;D24;48,65125500;2,03282700
202300009368;14;9;2023;18:00;2;69;69040;2;6;1;6;Chemin du Tronchon;45,80151302;4,78500085
202300009369;21;9;2023;17:52;1;64;64422;2;6;3;3;Boulevard Francois Mitterrand;43,18453800; -0,62212800
202300009405;18;9;2023;17:40;1;71;71306;2;6;1;3;MARECHAL LECLERC (AVENUE DU);46,68117000;4,37015000
202300009412;19;9;2023;12:40;1;64;64445;2;3;1;3;TOURASSE;43,31130000; -0,35418000
202300009413;18;9;2023;10:15;1;64;64122;2;6;1;3;ROND POINT DE L EUROPE;43,48073000; -1,54088000
202300009420;18;9;2023;13:02;1;49;49007;2;6;1;3;VISITATION PLACE;47,46641000; -0,55724000
202300009424;19;9;2023;17:55;1;35;35238;2;1;1;6;JANVIER (AVENUE JEAN);48,10950000; -1,67390000
202300009426;19;9;2023;21:50;5;33;33063;2;1;1;3;Cours Georges ClÃ©menceau;44,84453000; -0,57851000
202300009427;19;9;2023;08:50;1;31;31069;2;1;1;1;BD DE L'EUROPE;43,65243800;1,37424500
202300009454;16;10;2023;16:15;1;14;14475;2;2;1;3;1756 Route de Bretagne (Noyers-Bocage);49,12108800; -0,56612200
202300009475;22;10;2023;11:45;1;31;31291;2;3;1;3;62 Avenue de Bouconne;43,60461900;1,22310900
202300009490;21;8;2023;08:38;1;87;87075;2;1;1;6;MARS 1962 (RUE DU 19);45,80841000;1,22530000
202300009493;21;8;2023;01:41;5;13;13203;2;3;1;1;NATIONAL (BOULEVARD);43,31281000;5,37573000
202300009501;19;10;2023;12:06;1;95;95555;2;1;1;1;PARMENTIER (RUE);48,96790978;2,28082216
202300009513;19;10;2023;09:00;1;72;72181;2;1;1;6;OYON ALEXANDRE (BD);47,99505000;0,18780000
202300009521;20;10;2023;11:30;1;66;66136;1;6;1;3;;42,69416000;2,85022000
202300009522;19;10;2023;18:25;2;64;64129;2;1;2;3;GASTON PHOEBUS;43,29841000; -0,38672000
202300009523;10;10;2023;08:50;1;64;64445;2;2;1;3;PAIX;43,31644000; -0,33955000
202300009528;20;10;2023;07:00;5;59;59350;2;1;2;6;DUNKERQUE AVENUE DE;50,63426000;3,03057000
202300009530;19;10;2023;11:35;1;59;59390;2;3;1;3;COMPIEGNE (RUE);50,33756000;3,19095000
202300009533;16;10;2023;12:40;1;56;56260;2;6;1;3;KERANGUEN(GIRATOIRE DE);47,65937300; -2,79411800
202300009540;20;10;2023;08:00;5;51;51454;2;4;3;3;boulevard Dieu LumiÃ¨re;49,23930000;4,03873000
202300009545;19;10;2023;10:45;1;49;49099;2;6;8;3;DOROHOI (PLACE DE);47,05080000; -0,87165000
202300009550;6;2;2023;13:10;1;988;98818;2;3;1;3;RUE AUER; -22,24128000;166,45409000
202300009577;20;10;2023;11:13;1;31;31555;2;1;2;1;RTE D ALBI;43,64307606;1,46778524
202300009595;13;1;2023;12:37;1;67;67482;2;4;1;3;MEINAU (ROUTE DE LA);48,55280000;7,74869000
202300009599;1;2;2023;12:25;1;65;65440;2;1;1;3; ROND-POINT DE LA SEDE;43,23267300;0,06128000
202300009609;6;2;2023;08:05;2;63;63113;2;3;1;3;NIEL (RUE) / Rue de la LiÃ¨ve;45,78326000;3,10239000
202300009618;20;10;2023;17:20;1;75;75106;2;2;2;6;RUE DAUPHINE;48,85470800;2,33931400
202300009620;19;10;2023;20:35;5;75;75106;2;1;2;3;BOULEVARD DU MONTPARNASSE;48,84349100;2,32532100
202300009625;7;2;2023;07:45;2;56;56098;2;2;1;3;78 Rue Emile Combes;47,77192000; -3,33878000
202300009628;20;10;2023;10:15;1;75;75116;2;3;8;3;RUE JEAN DE LA FONTAINE;48,85090600;2,27178700
202300009629;6;2;2023;16:22;1;56;56107;2;1;1;3;LE PORT (ROGER BOULEVARD);47,71846000; -3,37396000
202300009631;19;10;2023;21:10;5;75;75116;2;2;2;3;AVENUE INGRES;48,85735700;2,26466200
202300009635;20;10;2023;07:45;2;75;75115;2;2;2;6;BOULEVARD LEFEBVRE;48,82901300;2,29894100
202300009636;7;2;2023;09:40;1;50;50129;2;2;1;3;GAMBETTA (RUE);49,63818000; -1,62529000
202300009646;19;10;2023;20:50;5;75;75110;2;3;2;3;PLACE NAPOLEON III;48,88024700;2,35365500
202300009650;7;2;2023;16:10;1;35;35238;2;1;1;6;PARIS (RUE DE);48,11271000; -1,66450000
202300009656;7;2;2023;08:15;1;31;31555;2;3;1;3;RUE DU PONT GUILHEMERY;43,60173000;1,45827000
202300009661;20;10;2023;13:55;1;93;93066;2;9;2;3;Boulevard de la LibÃ©ration;48,92966900;2,34100000
202300009700;20;10;2023;18:40;2;92;92012;2;1;2;2;VICTOR HUGO (AVENUE) 49/FIN - 60/FIN;48,83769000;2,24599000
202300009703;6;2;2023;15:35;1;974;97416;1;1;1;3;ANCIENNE RN 1; -21,32111000;55,44440000
202300009706;3;2;2023;10:10;1;973;97302;2;6;9;1;EAU-LISETTE (CITE);4,92850012; -52,32226914
202300009719;21;10;2023;10:30;1;81;81217;2;3;1;3;Route des BarriÃ¨res;43,94174489;1,71971353
202300009722;4;2;2023;18:39;5;87;87085;2;2;1;3;LECLERC (AVENUE DU GENERAL);45,85174000;1,26647000
202300009744;6;2;2023;11:50;1;76;76114;2;1;1;2;GAMBETTA LEON (RUE);49,57081000;0,47046000
202300009766;5;2;2023;17:45;5;54;54395;2;3;2;3;ADAM  (RUE SIGISBERT);48,69980000;6,18280000
202300009801;7;2;2023;09:05;1;75;75120;2;3;1;6;AVENUE GAMBETTA;48,86412600;2,39227200
202300009803;7;2;2023;22:30;5;75;75118;2;2;1;3;RUE ORDENER;48,89337200;2,33826100
202300009806;6;2;2023;14:00;1;75;75114;2;2;1;3;RUE FERRUS;48,83168600;2,34087800
202300009808;7;2;2023;10:20;1;75;75112;2;1;1;6;RUE DE CHARENTON;48,83766200;2,39077600
202300009809;7;2;2023;15:50;1;75;75103;2;2;1;3;RUE DE TURENNE;48,85815600;2,36449600
202300009847;29;4;2023;10:20;1;83;83098;2;1;1;3;LE LEAP (AVENUE ALAIN);43,11019000;6,02124300
202300009853;29;4;2023;18:15;1;76;76540;2;1;1;3;Rue des Faulx;49,44173000;1,10095000
202300009864;29;4;2023;17:20;1;51;51454;2;1;1;3;rue des Thiolettes;49,25044000;4,05512000
202300009874;28;4;2023;07:30;2;29;29019;2;6;1;2;Place des Formes;48,38615200; -4,47519100
202300009882;29;4;2023;18:30;1;75;75118;2;3;1;3;PLACE DE LA CHAPELLE;48,88478700;2,35924900
202300009886;29;4;2023;16:45;1;75;75104;2;2;1;6;RUE SAINT MARTIN;48,85806900;2,34968500
202300009913;29;4;2023;23:00;3;46;46183;1;1;3;7;montredon;44,54846000;1,80038500
202300009915;30;4;2023;11:11;1;86;86290;2;3;1;3;Route de Gizay;46,45665600;0,37476000
202300009937;1;5;2023;15:50;1;38;38467;1;4;1;1;Route du Bugey;45,67308300;5,35986900
202300009939;19;4;2023;21:00;5;69;69157;1;6;1;3;Route Nationale 7;45,87910800;4,47508900
202300009962;28;4;2023;12:25;1;69;69385;2;2;1;3;Pont Kitchener-Marchand;45,75175289;4,82148937
202300009968;26;4;2023;18:08;1;69;69034;2;5;1;3;Grande rue de Saint Clair;45,79104803;4,86004720
202300009979;27;4;2023;17:27;1;87;87065;2;6;1;3;PLAISANCE ( rond point de );45,81830000;1,29539000
202300010000;27;4;2023;19:54;1;63;63113;2;2;1;2;Oradou / MÃ©dicis;45,76953000;3,11210000
202300010006;4;6;2023;12:04;1;75;75120;2;2;1;3;RUE DES PYRENEES;48,85270700;2,40612800
202300010007;28;4;2023;10:25;1;49;49099;2;6;1;3;D160;47,05813000; -0,85646000
202300010016;28;4;2023;20:10;1;44;44162;2;1;1;3;57 Boulevard du Massacre;47,23350000; -1,59000000
202300010018;4;6;2023;20:30;2;75;75112;2;2;7;3;BOULEVARD PONIATOWSKI;48,83182500;2,39767000
202300010020;27;4;2023;08:10;1;38;38421;2;3;7;3;RUE HENRI WALLON;45,17284000;5,75864000
202300010023;4;6;2023;01:00;5;75;75108;2;2;1;3;RUE DE MIROMESNIL;48,87654400;2,31568000
202300010024;28;4;2023;18:25;1;37;37261;2;6;1;3;POMPIDOU (AVENUE GEORGES);47,39484000;0,70463000
202300010032;27;4;2023;18:00;1;27;27681;2;1;2;3;BONNARD (RUE PIERRE);49,10130000;1,48597000
202300010034;4;6;2023;09:15;1;94;94081;2;3;1;3;Avenue de la RÃ©publique;48,80242000;2,39725000
202300010054;28;4;2023;09:30;1;75;75117;2;1;1;7;BOULEVARD DE DOUAUMONT;48,89536800;2,30731900
202300010058;4;6;2023;17:45;1;93;93051;2;3;1;3;Quai de la Rive Charmante / Rue Suzanne;48,85384000;2,54485000
202300010062;28;4;2023;14:40;1;75;75112;2;1;1;5;BOULEVARD DE PICPUS;48,84210800;2,40136500
202300010063;28;4;2023;12:05;1;75;75111;2;2;1;3;AVENUE DE LA REPUBLIQUE;48,86616600;2,36963200
202300010066;28;4;2023;02:55;5;75;75116;2;3;3;2;BOULEVARD DE BEAUSEJOUR;48,85661500;2,26632100
202300010079;23;11;2023;10:00;1;75;75119;2;5;2;2;PLACE DE LA BATAILLE DE STALINGRAD;48,88280600;2,37030500
202300010091;22;11;2023;19:00;2;75;75115;2;1;1;7;VILLA THORETON;48,83823300;2,28369300
202300010096;23;11;2023;15:35;1;75;75111;2;1;1;3;RUE DU FAUBOURG SAINT ANTOINE;48,85282500;2,37105200
202300010098;23;11;2023;06:40;5;75;75111;2;3;1;3;AVENUE PARMENTIER;48,86861800;2,37208500
202300010120;22;4;2023;11:15;1;88;88075;2;3;1;1;Rue Mougel Bey;48,00624400;6,87430300
202300010123;30;12;2023;16:10;1;75;75110;2;5;1;3;RUE LA FAYETTE;48,87852400;2,35404800
202300010136;8;7;2023;16:15;1;974;97407;2;1;1;3;19 MARS 1946(AVENUE DU); -20,94976000;55,29790000
202300010160;8;7;2023;23:30;5;971;97107;2;3;1;7;DUMANOIR ( ALLEE );16,03437600; -61,57839190
202300010188;9;7;2023;10:30;1;63;63113;2;3;1;3;SAINT JEAN (BD);45,78570000;3,11940000
202300010219;9;7;2023;09:25;1;33;33529;2;3;1;3;HUGO (RUE VICTOR);44,63301000; -1,14902000
202300010220;5;6;2023;17:40;1;56;56034;2;1;1;7;48 Rue Saint Cornely;47,58601000; -3,08562900
202300010235;30;12;2023;13:35;1;41;41106;2;1;1;1;7 Rue FranÃ§ois Blache;47,60669500;2,02503600
202300010243;23;11;2023;07:18;5;08;08302;2;2;8;3;3 Rue Jean Mermoz;49,88539500;4,74049300
202300010272;3;6;2023;14:45;1;11;11259;2;4;1;1;Avenue de la RÃ©publique;43,27967400;2,23041800
202300010274;30;12;2023;16:30;1;69;69051;2;4;1;7;Route de Mornant;45,63400800;4,64276400
202300010293;20;8;2023;19:00;1;14;14409;2;3;1;6;41 Boulevard Kennedy;49,28190200; -0,20908900
202300010295;29;12;2023;16:47;1;22;22090;2;3;7;3;D31;48,76978300; -3,37012300
202300010302;17;8;2023;20:00;1;29;29006;2;1;1;6;3 Avenue de la Mer;47,87217000; -4,10428200
202300010328;16;8;2023;21:45;5;76;76057;2;2;1;1;4 Rue Jules Ferry;49,55060000;0,95775800
202300010329;9;6;2023;01:35;5;75;75119;2;3;1;3;AVENUE JEAN JAURES;48,88879000;2,39310600
202300010344;16;8;2023;18:42;1;60;60079;1;1;1;7;rue du gue;49,16818415;2,86958814
202300010364;11;8;2023;09:30;1;62;62589;1;1;1;2;D341;50,36071648;2,66888022
202300010371;21;8;2023;09:15;1;59;59336;2;3;1;1;Grand Rue;50,27815100;3,03860500
202300010381;20;3;2023;19:15;1;51;51230;2;2;1;3;Rue Maurice Cerveaux;49,04053588;3,95682961
202300010382;9;7;2023;22:05;5;94;94078;2;3;1;3;Rue du Chemin de Fer;48,72308169;2,44462189
202300010404;28;12;2023;22:35;5;72;72181;2;6;1;3;CHANZY (RUE)  NÂ° IMP 1 A 71 BIS;48,00389000;0,20262000
202300010439;29;12;2023;19:30;5;62;62386;2;2;2;1;Boulevard de Tahiti;50,44711000;2,74964000
202300010459;3;6;2023;13:35;1;06;06068;1;1;1;7;D3;43,75217000;6,99046500
202300010476;22;11;2023;15:45;1;69;69081;2;2;8;3;Avenue du Docteur Terver;45,77175000;4,77713000
202300010487;29;12;2023;10:15;1;41;41269;2;9;1;3;SAINT LUBIN (FAUBOURG);47,79035000;1,06368000
202300010520;2;6;2023;07:50;2;40;40284;2;9;1;3;Avenue de Terreblanque;43,66172500; -1,28752500
202300010524;8;7;2023;20:45;2;65;65045;1;1;1;6;Aucun;43,00456900; -0,21266700
202300010539;20;3;2023;18:30;2;75;75115;2;7;1;2;BOULEVARD DE GRENELLE;48,84802400;2,30154900
202300010553;20;3;2023;13:45;1;75;75113;2;4;1;3;BOULEVARD DE L HOPITAL;48,83989800;2,36176100
202300010555;29;12;2023;23:30;5;13;13208;2;1;1;2;pointe rouge (ave);43,24543000;5,37323000
202300010562;9;7;2023;17:30;1;44;44088;1;1;1;2;;47,11459500; -1,39605800
202300010573;19;3;2023;20:10;5;75;75108;2;4;1;3;RUE DE CONSTANTINOPLE;48,88065900;2,31832400
202300010585;29;12;2023;10:25;1;75;75118;2;3;1;3;BOULEVARD NEY;48,89792300;2,33836100
202300010605;19;3;2023;11:30;1;94;94018;2;3;8;3;Avenue de Gravelle / Rue de Valmy;48,82835949;2,40497321
202300010606;10;7;2023;08:30;1;85;85151;1;9;8;2;RD149;46,98365000; -0,93363900
202300010615;26;5;2023;13:34;1;74;74010;2;3;1;2;ALERY (GRANDE RUE D');45,89872232;6,11062802
202300010617;29;12;2023;17:35;5;75;75101;2;1;1;3;RUE CAMBON;48,86798400;2,32665900
202300010623;20;3;2023;10:15;1;93;93048;2;1;1;3;Rue de Rosny;48,86714492;2,45668083
202300010627;9;7;2023;05:20;2;72;72300;1;1;1;2;Route de Saint Etienne du Narais;48,00238500;0,40393000
202300010632;19;11;2023;10:35;1;59;59017;2;9;2;6;DE MUN  (RUE ALBERT );50,68000000;2,88660000
202300010636;22;11;2023;14:25;1;57;57463;2;1;1;1;ANDRE MAGINOT (BOULEVARD);49,11691800;6,18497300
202300010639;20;3;2023;18:20;1;92;92063;2;1;1;2;CREVEL DUVAL (RUE);48,88237000;2,19157000
202300010643;22;11;2023;09:30;1;51;51454;2;1;1;3;INTERMARCHE (BOULEVARD WILSON);49,24172200;4,01734800
202300010648;4;4;2023;15:26;1;73;73084;1;2;1;3;D1006;45,50734820;6,02361470
202300010652;21;11;2023;17:41;2;41;41018;2;1;2;2;MOULIN (RUE JEAN);47,58738000;1,32817000
202300010660;22;11;2023;18:00;5;38;38185;2;9;1;3;BERRIAT (COURS)            100-93 A 148-;45,18857000;5,71068000
202300010669;22;11;2023;12:15;1;37;37261;2;1;1;6;PALISSY (RUE BERNARD);47,39355000;0,69300000
202300010673;29;12;2023;18:20;5;92;92046;2;3;8;3;GABRIEL PERI;48,81931737;2,30448537
202300010692;22;11;2023;17:30;1;33;33318;2;1;1;3;11bis Avenue Pierre Wiehn;44,80152000; -0,63122000
202300010709;15;8;2023;06:45;1;74;74298;2;6;1;3;COLLINE (ROUTE DE LA );46,18678400;6,25751900
202300010721;15;8;2023;08:45;1;64;64445;2;2;8;3;DIDIER DAURAT;43,33113000; -0,37960000
202300010738;10;8;2023;07:35;1;62;62193;2;2;7;1;Boulevard LÃ©on Gambetta;50,94707000;1,84826000
202300010742;15;8;2023;18:50;1;62;62160;2;3;7;3;D236;50,71697000;1,59291000
202300010752;14;8;2023;11:50;1;61;61169;2;2;1;3;VC;48,73192400; -0,58335000
202300010764;21;3;2023;16:20;1;38;38434;1;3;1;3;D73;45,51462500;5,52517900
202300010806;8;7;2023;07:42;1;13;13007;2;1;1;2;D560;43,36939200;5,65730500
202300010833;27;7;2023;11:11;1;11;11262;2;6;1;2;;43,17583200;3,02620000
202300010837;4;6;2023;12:00;1;54;54111;1;1;1;2;chemin du charbonnier;48,64390119;6,07972026
202300010844;7;7;2023;09:40;1;38;38474;2;2;1;3;Rue des Grands Champs;45,21968300;5,66107000
202300010848;15;8;2023;15:00;1;75;75105;2;3;1;1;QUAI SAINT MICHEL;48,85331700;2,34590500
202300010859;15;3;2023;16:30;1;06;06147;2;1;1;1;645 Boulevard LÃ©on Sauvan;43,78555400;7,27162400
202300010868;7;7;2023;17:00;1;59;59416;2;2;1;3;Avenue des Flandres;50,70380700;2,52409800
202300010869;15;8;2023;18:30;1;92;92033;2;2;1;3;GEORGES CLEMENCEAU;48,84268649;2,18641520
202300010871;22;11;2023;18:30;5;75;75107;2;1;9;7;PORT DE LA BOURDONNAIS;48,86276000;2,29990000
202300010898;22;11;2023;21:15;5;94;94016;2;9;1;1;Avenue Cousin de MÃ©ricourt;48,79587000;2,33535000
202300010926;27;4;2023;17:20;1;43;43046;2;1;1;6;12 Rue de l'Aubette;45,06681000;3,90344000
202300010941;8;7;2023;01:25;5;75;75107;2;2;1;3;AVENUE DE BRETEUIL;48,85164700;2,31253200
202300010949;14;8;2023;12:15;1;69;69149;2;3;1;3;Grande Rue;45,71508000;4,80803000
202300010966;7;7;2023;18:10;3;974;97411;2;2;1;3;BOYER DE LA GIRODAY (RUE); -20,90614000;55,50215000
202300010968;19;9;2023;18:30;1;75;75110;2;2;1;6;BOULEVARD DE STRASBOURG;48,87227100;2,35590800
202300010974;19;9;2023;07:50;2;75;75109;2;2;1;6;RUE DE CHATEAUDUN;48,87588900;2,33987200
202300010979;28;12;2023;08:35;1;972;97209;2;1;1;1;VICTOR SEVERE (RUE);14,60635000; -61,07041000
202300010987;19;9;2023;08:05;1;75;75107;2;3;1;6;RUE SAINT DOMINIQUE;48,85903200;2,30425500
202300010993;19;9;2023;20:00;5;75;75102;2;3;1;7;BOULEVARD DE BONNE NOUVELLE;48,86977734;2,35227048
202300011006;6;7;2023;11:30;1;971;97107;2;3;1;7;MARQUISAT ( ROUTE DE );16,04107041; -61,56641722
202300011024;14;8;2023;20:40;1;69;69266;2;1;1;2;Boulevard Stalingrad;45,78424123;4,86009508
202300011026;19;9;2023;12:50;1;94;94041;2;2;1;3;LENINE (R);48,81669000;2,39532000
202300011041;19;9;2023;15:45;1;94;94002;2;1;1;6;Rue du PrÃ©sident Kennedy;48,80260000;2,42150000
202300011069;14;8;2023;13:45;1;37;37208;2;1;1;2;GRANGES GALANT (RUE DES);47,36938000;0,71877000
202300011073;19;9;2023;09:10;1;93;93048;2;3;1;3;Boulevard de Chanzy / Rue DÃ©sirÃ© PrÃ©aux;48,85852826;2,43164485