Num_Acc;jour;mois;an;hrmn;lum;dep;com;agg;int;atm;col;adr;lat;long
202300011086;19;9;2023;22:10;5;93;93070;2;1;1;6;Pont de Saint-Ouen;48,91863000;2,32884000
202300011097;19;3;2023;21:00;2;03;03190;2;6;1;3;Cours de Bercy;46,56934000;3,32536000
202300011106;19;3;2023;09:50;1;75;75105;2;1;1;6;BOULEVARD SAINT MICHEL;48,85229400;2,34364000
202300011107;14;8;2023;13:01;1;75;75111;2;4;1;6;BOULEVARD RICHARD LENOIR;48,85633300;2,37089300
202300011111;14;8;2023;07:20;1;75;75105;2;3;1;1;QUAI SAINT BERNARD;48,84684600;2,36098400
202300011134;19;9;2023;08:40;1;92;92026;2;1;1;2;RÃPUBLIQUE ( DE 01 A 31 ET DE 02 A 52 );48,90000000;2,24000000
202300011137;17;9;2023;21:00;5;92;92024;2;1;1;6;CLICHY (PONT DE);48,91004442;2,29928970
202300011160;15;8;2023;20:20;1;86;86272;1;1;1;3;Route de Rettel;46,82734600;0,47149100
202300011173;6;9;2023;08:20;1;67;67117;1;4;7;2;D1004;48,76699500;7,31680900
202300011175;16;8;2023;09:30;1;35;35338;1;1;1;1;Lieu Dit la Favrie;48,05867800; -1,27884500
202300011177;20;3;2023;12:15;1;95;95116;1;1;8;3;RD 924;49,16121100;2,33860200
202300011192;15;8;2023;08:06;1;59;59528;2;4;7;3;30 Rue Camille Desmoulins;50,20554500;3,40742500
202300011195;15;8;2023;22:40;3;56;56214;1;1;1;2;la Saline;47,52535900; -2,84492300
202300011212;19;3;2023;10:15;1;29;29074;2;6;1;3;Route de Kermat;48,48671800; -3,99566500
202300011256;19;3;2023;21:37;3;33;33196;1;1;1;2;D128    PK 31+300;44,80021200; -0,21034400
202300011261;20;9;2023;09:00;1;60;60107;2;1;1;3;Rue AndrÃ© Oudin;49,37487800;2,42736700
202300011285;18;9;2023;08:10;1;92;92024;2;3;1;3;VICTOR HUGO (BD);48,89992162;2,31448352
202300011288;18;6;2023;15:00;1;75;75119;2;3;1;1;RUE D AUBERVILLIERS;48,89449800;2,37060300
202300011289;17;6;2023;13:50;1;75;75119;2;9;1;2;BOULEVARD SERURIER;48,87853500;2,40251200
202300011290;16;6;2023;19:45;1;75;75119;2;4;1;6;RUE DE CRIMEE;48,88421100;2,38427800
202300011292;16;6;2023;12:45;1;75;75119;2;2;1;2;RUE DE CRIMEE;48,88298800;2,38560900
202300011298;16;6;2023;19:30;1;75;75118;2;1;1;2;BOULEVARD DE ROCHECHOUART;48,88298700;2,34409500
202300011309;16;6;2023;00:30;5;75;75115;2;3;1;1;QUAI DE GRENELLE;48,85370200;2,28768000
202300011310;15;6;2023;09:15;1;75;75115;2;2;1;6;BOULEVARD VICTOR;48,83429100;2,28390900
202300011312;16;6;2023;00:35;5;75;75113;2;3;1;1;AVENUE DE FRANCE;48,83364600;2,37360600
202300011315;14;6;2023;23:09;5;75;75110;2;2;1;7;QUAI DE JEMMAPES;48,86883000;2,36764800
202300011320;17;6;2023;13:03;1;75;75107;2;2;1;7;BOULEVARD DES INVALIDES;48,84797400;2,31614600
202300011321;16;6;2023;08:50;1;75;75114;2;1;1;6;RUE PIERRE LAROUSSE;48,82866300;2,31470000
202300011322;16;6;2023;09:00;1;75;75107;2;2;1;3;RUE DE L UNIVERSITE;48,86113948;2,30547819
202300011323;16;6;2023;10:15;1;75;75104;2;3;1;7;QUAI DES CELESTINS;48,85135700;2,36228500
202300011326;14;6;2023;11:22;1;75;75104;2;2;1;3;BOULEVARD DE SEBASTOPOL;48,86058100;2,34937600
202300011328;26;4;2023;15:20;1;32;32156;1;3;1;3;D2;43,52572900;0,45814300
202300011331;18;9;2023;10:20;1;69;69386;2;2;3;3;Rue VendÃ´me;45,76803000;4,84540000
202300011341;8;9;2023;13:25;1;89;89346;2;6;1;3;GENERAL DE BILLY ( RUE );47,80338000;3,53564000
202300011353;15;9;2023;09:34;1;67;67462;2;1;7;3;GENERAL CASTELNAU (BOULEVARD DU);48,26098000;7,45713000
202300011365;18;9;2023;14:17;1;37;37261;2;2;1;3;MIRABEAU (RUE);47,39759000;0,69947000
202300011368;18;9;2023;09:55;1;35;35238;2;6;1;3;LANGEVIN (PAUL);48,09153055; -1,65824085
202300011411;20;10;2023;11:55;1;33;33449;2;6;3;6;Avenue Anatole France;44,89380400; -0,74721000
202300011438;8;2;2023;14:30;1;46;46028;1;1;1;6;D 803;44,93187400;1,75746900
202300011482;19;8;2023;14:05;1;35;35238;2;2;1;3;TOULLIER;48,10939000; -1,67396000
202300011494;19;10;2023;07:15;5;69;69386;2;2;3;1;Rue Louis Blanc;45,76458000;4,84689000
202300011503;6;2;2023;19:00;5;75;75120;2;1;1;6;RUE DES PYRENEES;48,85962200;2,40155300
202300011505;6;2;2023;09:40;1;75;75117;2;1;1;3;AVENUE DE WAGRAM;48,87694900;2,29724400
202300011523;6;2;2023;16:50;1;75;75111;2;3;1;3;AVENUE PARMENTIER;48,86114800;2,37788300
202300011524;6;2;2023;08:03;2;75;75110;2;2;1;3;RUE LA FAYETTE;48,87852000;2,35404400
202300011531;6;2;2023;08:10;2;94;94077;2;2;1;3;Avenue Victor Hugo;48,73250000;2,41824000
202300011536;18;10;2023;12:19;1;87;87075;1;3;1;6;BOULEAUX (RUE DES);45,80365000;1,18883000
202300011540;6;2;2023;09:45;1;92;92075;2;2;1;3;JACQUES JEZEQUEL (AVENUE);48,81871000;2,29169000
202300011543;6;2;2023;20:37;5;92;92049;2;1;1;3;JAURES AVENUE JEAN NÂ°53 A FIN;48,81186965;2,30385929
202300011544;6;2;2023;16:50;1;92;92040;2;2;1;3;PONT D ISSY;48,82985459;2,26079777
202300011549;6;2;2023;10:30;1;92;92023;2;2;1;3;COQUELICOTS (RUE DES);48,79213000;2,25944000
202300011551;6;2;2023;19:20;2;92;92012;2;1;1;7;YVES KERMEN (RUE) 51/FIN - 40/FIN;48,82970989;2,23577410
202300011568;18;10;2023;14:00;1;71;71076;2;1;1;3;134 EME RI  (RUE);46,78974000;4,84317000
202300011584;17;10;2023;20:10;5;67;67043;2;9;1;3;MAIRES SCHAUB (RUE DES);48,61443000;7,76393000
202300011587;19;10;2023;20:50;5;62;62771;2;2;1;6;Avenue de la Fosse 4;50,41797000;2,86679000
202300011588;6;2;2023;16:40;1;85;85095;2;1;1;3;58 Rue de l'ocÃ©an;46,86917700; -1,75927200
202300011602;6;2;2023;09:10;1;69;69204;2;6;1;3;Chemin du Grand Revoyet;45,69598500;4,80722700
202300011609;18;10;2023;13:40;1;54;54395;2;1;1;6;Rue Jeanne d'Arc;48,68894000;6,17018000
202300011629;5;2;2023;16:30;1;974;97411;2;1;1;3;DIGUE (ROUTE); -20,89186000;55,47060000
202300011631;5;2;2023;14:45;1;974;97411;2;1;1;3;NOTRE DAME DE LA TRINITE (BOULEVARD); -20,89647000;55,46698000
202300011634;5;2;2023;10:30;1;974;97411;2;1;1;6;DORET 1 (BOULEVARD); -20,89010000;55,46148000
202300011652;19;10;2023;17:35;2;33;33063;2;3;1;3;Boulevard du PrÃ©sident Wilson;44,83771000; -0,59909000
202300011661;4;2;2023;16:45;1;31;31483;2;1;1;6;14bis Av du Pdt Francois Mitterrand;43,10964000;0,72945000
202300011674;5;2;2023;11:50;1;13;13208;2;6;1;3;ALAIN SAVARY (ROND-POINT);43,24616100;5,39458622
202300011678;5;2;2023;05:25;5;01;01053;2;1;1;1;LECLERC (BVD  MARECHAL COTE PAIR);46,20656000;5,21972000
202300011715;4;2;2023;18:00;5;33;33063;2;1;1;2;Cours Aristide Briand;44,83210000; -0,57843000
202300011716;3;2;2023;15:05;1;33;33522;2;1;1;2;Cours de la LibÃ©ration;44,80952000; -0,59129000
202300011725;19;10;2023;11:10;1;75;75111;2;3;1;3;AVENUE PARMENTIER;48,85914000;2,37946900
202300011728;31;1;2023;16:50;1;16;16089;2;1;1;6;ANGOULEME (AVENUE D');45,68686600; -0,30905200
202300011729;19;10;2023;15:30;1;75;75108;2;3;1;6;AVENUE BERTIE ALBRECHT;48,87495400;2,30104700
202300011730;19;10;2023;11:00;1;75;75108;2;3;8;3;PLACE DE LA CONCORDE;48,86439000;2,32031100
202300011731;18;10;2023;23:00;5;75;75108;2;1;2;7;AVENUE MONTAIGNE;48,86721200;2,30680400
202300011732;19;10;2023;15:00;1;75;75101;2;3;1;7;RUE DE RIVOLI;48,86631000;2,32416500
202300011734;18;10;2023;13:50;1;75;75103;2;2;2;3;RUE DE TURBIGO;48,86546300;2,35608800
202300011740;17;10;2023;10:40;1;94;94033;2;6;1;3;Pl. de l'AmitiÃ© entre les Peuples;48,85270000;2,48160000
202300011754;19;10;2023;06:55;5;92;92040;2;1;1;3;GAMBETTA (BOULEVARD);48,82750204;2,27680291
202300011756;27;4;2023;20:18;5;75;75104;2;3;2;1;RUE SAINT ANTOINE;48,85430300;2,36374800
202300011760;28;4;2023;15:50;1;94;94021;2;1;1;2;78 Avenue de Stalingrad;48,77323000;2,36745300
202300011761;28;4;2023;09:00;1;94;94034;2;9;2;3;Carrefour de la DÃ©portation;48,76055700;2,31830809
202300011763;28;4;2023;12:15;1;94;94017;2;2;1;1;Rue de Dunkerque / Avenue Marx Dormoy;48,80632000;2,53008300
202300011766;28;4;2023;18:13;1;93;93031;2;3;1;3;Rue des CarriÃ¨res / Rue de Rennes;48,95824000;2,29524000
202300011767;28;4;2023;09:25;1;93;93066;2;1;2;7;Avenue LÃ©nine;48,93891900;2,37001700
202300011771;28;4;2023;09:00;1;92;92050;2;1;8;3;PONS NOEL RUE;48,90643783;2,22437203
202300011772;28;4;2023;08:20;1;92;92040;2;9;2;6;HOCHE;48,82456606;2,27094457
202300011789;28;4;2023;16:45;1;19;19013;1;1;1;3;ROUTE DU LAC;45,17615674;1,67319037
202300011841;26;4;2023;17:10;1;971;97101;2;1;1;3;DE L'OUEST (AVENUE);16,25748000; -61,53064000
202300011857;27;4;2023;23:17;5;69;69266;2;1;1;4;Cours Emile Zola;45,77080000;4,87238000
202300011867;27;4;2023;10:55;1;64;64335;1;2;1;3;SAULT DE NAVAILLES DE;43,34702000; -0,43595000
202300011874;13;4;2023;16:00;1;59;59328;2;3;1;3;DUNKERQUE AVENUE DE;50,63690000;3,02521000
202300011875;26;4;2023;16:20;1;57;57566;2;9;1;7;RUE DE NANCY;48,74280931;7,08814859
202300011880;27;4;2023;10:40;1;51;51454;2;1;1;3;rue Libergier;49,25168000;4,02834000
202300011884;27;4;2023;22:53;5;37;37261;2;6;8;3;HEURTELOUP (BOULEVARD);47,39465000;0,70473000
202300011885;27;4;2023;19:35;1;35;35278;2;9;1;3;ROUTE DE ST MALO;48,13670300; -1,69232900
202300011915;27;4;2023;16:25;1;75;75119;2;1;2;2;RUE RIQUET;48,88950800;2,36955500
202300011917;27;4;2023;20:34;5;75;75118;2;1;2;2;BOULEVARD NEY;48,89861200;2,36319300
202300011919;26;4;2023;13:35;1;75;75117;2;1;1;7;BOULEVARD BERTHIER;48,89206500;2,30782700
202300011920;27;4;2023;09:35;1;75;75110;2;2;1;3;RUE LA FAYETTE;48,87973900;2,35869600
202300011922;27;4;2023;09:30;1;75;75107;2;3;1;3;QUAI D ORSAY;48,86260800;2,31907500
202300011923;27;4;2023;11:15;1;75;75101;2;3;1;6;BOULEVARD DE SEBASTOPOL;48,86198100;2,35019100
202300011925;26;4;2023;13:57;1;75;75104;2;1;1;6;SOUTERRAIN HENRI IV;48,84773200;2,36426100
202300011926;27;4;2023;09:45;1;94;94080;2;1;1;3;Avenue du GÃ©nÃ©ral de Gaulle;48,84226906;2,43324798
202300011948;16;8;2023;17:50;1;71;71391;2;1;1;3;Rue du Pont;46,82462100;4,60019000
202300011964;16;8;2023;17:00;1;43;43224;1;3;1;1;41 Chemin de Fey;45,24373400;4,21479100
202300011981;7;7;2023;18:05;1;44;44184;2;1;1;1;387 Route de la CÃ´te d'Amour;47,25883000; -2,27763000
202300011983;4;6;2023;11:10;1;79;79184;1;2;7;3;;46,35349600; -0,11848400
202300011989;8;7;2023;18:44;1;43;43002;2;1;1;3;Avenue de Bonneville;45,05071192;3,88258910
202300012013;22;11;2023;09:15;1;29;29105;2;6;1;3;Moulin aux PrÃªtres;48,51581803; -4,05374394
202300012014;8;7;2023;09:45;1;34;34172;2;1;1;3;Passage Soixante Quinze;43,59984900;3,86667300
202300012026;2;6;2023;10:00;1;62;62366;1;1;1;1;Rue du Calvaire;50,40908755;2,56886530
202300012043;3;7;2023;08:12;1;05;05061;2;1;1;1;PROVENCE (AVENUE DE);44,54276221;6,05954736
202300012044;16;8;2023;06:45;1;68;68352;2;1;1;3;Voie Romaine;48,01440100;7,53799400
202300012045;22;11;2023;17:45;3;27;27198;1;9;1;2;RD 140;48,88065200;1,05790100
202300012066;8;7;2023;17:00;1;75;75113;2;3;1;3;QUAI D AUSTERLITZ;48,83817900;2,37299400
202300012074;21;11;2023;15:00;1;84;84119;2;1;9;2;Route d'Avignon;43,95522800;4,92354300
202300012078;7;7;2023;12:39;1;75;75101;2;2;1;3;BOULEVARD DE LA MADELEINE;48,86985000;2,32806000
202300012088;8;7;2023;12:55;1;94;94068;2;2;1;3;CHEVALIER (R);48,78919600;2,50361900
202300012119;8;7;2023;12:38;1;92;92075;2;9;1;7;RAYMOND MARCHERON (RUE);48,81819270;2,28459567
202300012123;28;12;2023;17:18;2;43;43041;2;9;1;3;Rue de Genebret;45,05080000;3,90863000
202300012130;3;6;2023;18:55;1;72;72181;2;1;1;3;BEETHOVEN (ALLEE);47,96992000;0,20860000
202300012131;8;7;2023;10:15;1;92;92040;2;2;1;1;ROUGET DE L'ISLE;48,82896352;2,26428616
202300012136;9;7;2023;10:45;1;40;40296;2;3;1;3;Avenue des Tucs;43,69592700; -1,43056600
202300012160;8;7;2023;17:40;1;62;62397;2;1;1;6;D215E4;50,86976300;1,87391500
202300012176;2;6;2023;16:20;1;59;59527;2;3;1;3;CARNOT SADI RUE;50,66523000;3,05966000
202300012188;28;12;2023;08:20;1;13;13208;2;1;1;1;BENEDETTI (RUE DE);43,27730300;5,39460600
202300012196;2;6;2023;17:20;1;54;54149;1;3;1;3;D27;49,44725000;5,91864000
202300012204;21;11;2023;20:22;5;69;69386;2;3;1;3;Rue Garibaldi;45,77125000;4,84988000
202300012210;13;8;2023;08:38;1;77;77237;1;1;1;2;D10;48,84395500;2,74907200
202300012212;3;6;2023;19:05;1;49;49007;2;2;1;3;BICHON PLACE;47,47840000; -0,56460000
202300012213;28;12;2023;17:05;5;06;06088;2;2;1;3;ARSON (RUE);43,70045730;7,28657330
202300012216;3;6;2023;07:50;1;49;49246;2;6;7;3;GALLIENI AVENUE;47,43370000; -0,52967000
202300012223;28;12;2023;11:40;1;75;75117;2;1;8;3;RUE AMPERE;48,88520400;2,30558400
202300012233;5;7;2023;05:45;2;24;24311;2;9;1;3;Rue du PavÃ©;45,53306000;0,66266700
202300012242;28;12;2023;15:15;1;75;75107;2;2;1;3;RUE DE CONSTANTINE;48,85994500;2,31483600
202300012248;13;8;2023;17:55;1;51;51454;2;1;1;3;MATHIEU (RUE LEON) DU NÂ°1 A 49 ET DU NÂ°2;49,24042000;4,00994000
202300012249;3;6;2023;22:45;5;35;35238;2;2;1;3;SERGENT MAGINOT (AVENUE);48,10993018; -1,65550500
202300012255;8;7;2023;19:10;1;30;30062;2;2;1;3;Rue AndrÃ© Hebrard;43,78610000;4,20220000
202300012259;3;6;2023;20:00;1;34;34172;2;3;1;3;37 Rue de la Figairasse;43,60541490;3,85372147
202300012261;13;8;2023;18:25;1;43;43157;2;3;1;1;Rue Charles Rocher;45,03955000;3,88046000
202300012266;3;6;2023;12:15;1;33;33063;2;1;1;3;Boulevard Alfred Daney;44,86725000; -0,57251000
202300012271;7;7;2023;22:10;4;91;91249;1;1;1;1;Rue du Ruisseau;48,61961200;2,08007500
202300012279;7;7;2023;19:10;1;66;66008;1;6;1;3;;42,55138200;2,99729300
202300012283;29;12;2023;11:15;1;22;22311;2;1;1;3;14 Rue des Tilleuls;48,54548900; -2,22963500
202300012309;8;7;2023;15:00;1;68;68296;1;2;1;3;Rue de la Gare;48,22746000;7,38067200
202300012316;8;7;2023;19:30;1;03;03165;2;1;1;6;22-24 Place de l'Eglise;46,07283600;3,66835000
202300012320;3;8;2023;21:15;2;03;03185;2;6;1;3;Avenue des Guineberts;46,33695000;2,58729000
202300012339;7;7;2023;19:50;1;85;85113;2;1;1;1;50 Chemin du grand pas;46,72556500; -2,36819200
202300012342;13;8;2023;03:30;5;75;75111;2;2;1;3;RUE SAINT MAUR;48,86306200;2,37932100
202300012354;28;6;2023;15:05;1;59;59249;2;1;1;6;Rue Xavier Clavon;50,01613300;4,03911300
202300012379;21;11;2023;10:10;1;67;67482;2;1;1;3;EGLISE ROUGE (RUE DE L );48,59608000;7,74629000
202300012383;3;6;2023;04:07;5;75;75108;2;7;1;7;PLACE DE LA CONCORDE;48,86408900;2,32019600
202300012384;21;11;2023;10:21;1;66;66136;2;3;1;3;PIA (TRAVERSE DE);42,70835000;2,89463000
202300012400;21;11;2023;06:05;5;64;64445;2;6;3;2;COMBATTANTS D' INDOCHINE DES;43,31826733; -0,37837923
202300012404;2;6;2023;19:30;2;75;75101;2;2;1;6;RUE DE RIVOLI;48,86096400;2,34084100
202300012417;3;6;2023;20:42;1;94;94068;2;1;1;3;121 Boulevard de Champigny;48,80696244;2,50894770
202300012450;21;11;2023;08:33;1;53;53130;2;3;1;3;GUE D'ORGER ( RUE DU );48,06185000; -0,78097000
202300012477;7;7;2023;10:50;1;69;69149;2;3;1;3;Rue Fleury;45,71553000;4,80740000
202300012478;20;11;2023;16:15;1;45;45286;2;1;1;3;35 Rue du General de Gaulle;47,89233400;1,91801500
202300012485;3;6;2023;12:40;1;92;92073;2;3;1;3;BRIAND (BOULEVARD ARISTIDE);48,86751000;2,22694000
202300012495;14;8;2023;11:00;1;50;50200;1;1;1;3;Le Nomen;48,67054500; -0,79448100
202300012498;7;7;2023;08:20;1;91;91657;2;3;1;3;RUE DE LA LONGUERAIE;48,72059000;2,44055000
202300012510;27;12;2023;20:00;5;69;69383;2;1;1;7;Rue Feuillat;45,75266000;4,87689000
202300012517;15;8;2023;12:15;1;85;85021;2;4;1;6;RD86;47,04925300; -1,26662200
202300012548;7;7;2023;03:36;5;76;76540;2;2;1;3;Boulevard de l'Europe;49,43456065;1,07646865
202300012550;15;8;2023;13:10;1;38;38285;1;1;1;6;rd526;45,03498800;5,97463100
202300012551;21;11;2023;12:50;1;34;34129;2;6;1;2;GARE (ROND POINT DE LA);43,56816000;3,90339000
202300012562;7;7;2023;13:45;1;71;71153;2;2;1;3;CAVELL (RUE EDITH);46,80043000;4,42097000
202300012568;27;12;2023;08:05;5;72;72181;2;6;1;3;LOUIS BLANC (QUAI);48,00930000;0,19550000
202300012570;14;8;2023;14:20;1;37;37079;1;2;1;3;Le FossÃ© Fourrier;47,34078900;1,03675400
202300012580;1;6;2023;20:50;1;75;75120;2;3;1;1;RUE DE GUEBRIANT;48,87312300;2,40945900
202300012592;7;7;2023;11:00;1;67;67482;2;3;1;3;ANVERS (BOULEVARD D );48,58401000;7,77486000
202300012597;21;11;2023;08:30;1;26;26362;2;6;1;3;FAVENTINES ROND POINT;44,92444564;4,90370315
202300012613;7;7;2023;14:30;1;63;63113;1;1;1;3;BREZET (AVENUE);45,77917000;3,14836000
202300012621;15;8;2023;16:30;1;85;85019;2;1;1;6;Rue du pont caillaud (Saligny);46,80787400; -1,42362660
202300012667;6;7;2023;12:00;1;51;51454;2;6;1;3;BRIAND (PLACE ARISTIDE);49,25768000;4,03886000
202300012672;27;12;2023;00:05;5;75;75107;2;1;1;1;QUAI BRANLY;48,86220100;2,29932400
202300012677;27;12;2023;06:00;5;75;75104;2;2;1;3;RUE DE RIVOLI;48,85753800;2,35129600
202300012686;2;6;2023;18:15;1;78;78015;2;1;1;3;VERDUN (RUE DE);48,98929000;2,05979000
202300012687;7;7;2023;22:25;4;45;45298;2;1;1;1;Pont de l'Europe;47,89522605;1,87625885
202300012705;27;12;2023;19:20;5;93;93048;2;2;1;3;Boulevard Jeanne dâArc / Rue des 3 Territoires;48,85182000;2,44450000
202300012708;7;7;2023;18:00;1;44;44109;2;1;1;6;19 Rue Chateaubriand;47,22211000; -1,55429000
202300012709;21;11;2023;13:50;1;75;75120;2;1;1;3;RUE DES PYRENEES;48,85696200;2,40445200
202300012736;21;11;2023;09:50;1;75;75116;2;3;2;6;RUE BOILEAU;48,84593400;2,26478900
202300012753;19;3;2023;10:20;1;988;98818;2;3;2;3;MARCELLIN LACABANNE/ROUTE DE L'ANSE VATA; -22,29368000;166,44642000
202300012756;7;7;2023;13:25;1;13;13103;2;1;1;3;AVENUE CABRIER - GASTON;43,64103882;5,10140569
202300012765;21;11;2023;19:30;5;75;75114;2;3;1;2;AVENUE ERNEST REYER;48,82240600;2,32390100
202300012774;21;11;2023;09:40;1;75;75113;2;1;2;3;QUAI D AUSTERLITZ;48,83936000;2,37143200
202300012778;2;6;2023;16:50;1;60;60057;2;3;1;3;Rue d'Amiens;49,44001400;2,08945900
202300012787;1;6;2023;18:20;1;56;56162;1;1;1;6;LARMOR (ROUTE DE);47,72945000; -3,41682000
202300012789;26;12;2023;11:00;1;38;38075;1;5;1;3;Route du GrÃ©sivaudan;45,47053500;5,99050700
202300012793;11;8;2023;17:25;1;54;54167;1;1;7;2;RD909;48,67100000;5,93301000
202300012794;20;11;2023;16:15;2;75;75104;2;1;1;6;VOIE GEORGES POMPIDOU;48,85668500;2,34889700
202300012798;12;8;2023;16:00;1;51;51454;2;1;1;3;BONAPARTE (AVENUE DU GENERAL);49,23123000;4,00684000
202300012803;12;8;2023;15:50;1;50;50147;2;1;1;3;ECLUSE CHETTE;49,05522000; -1,44548000
202300012811;27;12;2023;15:20;1;15;15163;2;3;7;1;RD 45;44,86956500;2,37632500
202300012813;12;8;2023;19:15;1;44;44109;2;1;1;3;123 Route de Sainte Luce;47,23459000; -1,52045000
202300012822;31;5;2023;08:05;1;52;52125;2;1;1;3;RD 619;48,09040000;5,14565000
202300012833;28;12;2023;16:00;1;08;08457;2;1;1;3;Rue de la Suine;49,79518700;4,63817800
202300012834;2;6;2023;17:25;1;51;51454;2;1;1;3;CHENIER (RUE ANDRE);49,21456000;4,02507000
202300012868;22;12;2023;21:15;5;971;97128;1;1;1;1;Marly;16,27803600; -61,34004500
202300012869;21;11;2023;08:00;1;92;92075;2;6;2;3;CARREFOUR DE L'INSURRECTION;48,82028378;2,29062492
202300012871;10;8;2023;15:10;1;18;18033;2;3;1;3;Rue Jean Jacques Rousseau;47,07939000;2,38957000
202300012876;12;8;2023;10:50;1;17;17415;2;6;2;3;GAUTIER RUE;45,74092000; -0,62245000
202300012886;2;6;2023;11:10;1;38;38516;2;9;1;2;RANDON (AV. MAL);45,20106000;5,74195000
202300012898;24;12;2023;13:15;1;22;22067;1;1;8;2;D54;48,55420000; -3,17639000
202300012919;18;3;2023;03:20;5;75;75111;2;2;1;3;RUE DU FAUBOURG SAINT ANTOINE;48,85010200;2,38471500
202300012921;18;3;2023;10:20;1;75;75109;2;1;1;6;BOULEVARD DE ROCHECHOUART;48,88265200;2,34368600
202300012938;18;9;2023;08:40;1;75;75118;2;1;8;6;RUE DE LA CHAPELLE;48,89661200;2,35975740
202300012940;18;9;2023;08:00;1;75;75118;2;2;1;3;BOULEVARD BARBES;48,88385300;2,34947300
202300012953;25;12;2023;21:30;5;972;97209;2;1;1;1;BISHOP (Avenue Maurice);14,61322433; -61,05248551
202300012955;18;9;2023;13:30;1;75;75111;2;2;1;3;BOULEVARD DE MENILMONTANT;48,85843700;2,38943600
202300012978;18;3;2023;16:20;1;76;76302;2;1;1;1;Rue de la Voie Romaine;49,64440200;0,37391100
202300012980;17;9;2023;17:30;1;93;93051;2;1;1;3;Rue du RÃ©seau Robert Keller;48,85238029;2,56809925
202300012988;18;9;2023;11:05;1;92;92051;2;1;1;6;BINEAU (BOULEVARD, NÂ°133 A 217 ET 134 A;48,89105384;2,27024263
202300013004;18;9;2023;06:35;3;35;35136;1;1;1;2;JanzÃ©;47,96303845; -1,51493847
202300013048;18;3;2023;10:00;1;72;72264;2;6;2;3;7 Rue de la Petite Vitesse;47,84262000; -0,34258300
202300013051;28;2;2023;14:30;1;60;60141;2;6;1;3;rond point de sylvie;49,18610700;2,46074400
202300013099;19;9;2023;16:30;1;69;69014;1;4;1;1;Route DÃ©partementale 4E;45,66808473;4,48505468
202300013108;16;9;2023;21:45;5;22;22093;2;6;1;7;Rue de PenthiÃ¨vre;48,46314000; -2,51994100
202300013157;17;9;2023;17:10;1;69;69385;2;9;1;3;23 Quai de Bondy;45,76533439;4,82906325
202300013160;17;3;2023;19:40;5;54;54395;2;2;1;3;STRASBOURG (AVENUE DE);48,67868000;6,19733000
202300013171;15;9;2023;11:00;1;68;68376;2;1;1;6;SAINT CLOUD (RUE DU);47,81126000;7,33720000
202300013180;17;9;2023;18:50;1;62;62186;2;3;8;6;D166;50,45420000;2,72103000
202300013182;17;9;2023;10:55;1;62;62457;2;6;1;3;D86;50,44757000;2,52965000
202300013186;15;9;2023;15:30;1;60;60057;2;1;1;3;Rue des DÃ©portÃ©s;49,42506000;2,07185000
202300013190;17;9;2023;17:15;1;58;58194;2;9;1;2;DOCKS;46,99315000;3,14885000
202300013202;17;3;2023;16:40;1;17;17415;2;1;1;3;JEAN RUE DU DOCTEUR;45,73714000; -0,61524300
202300013206;17;3;2023;17:21;1;14;14327;2;6;1;3;Le Grand Parc;49,19798000; -0,33333000
202300013221;17;9;2023;01:20;5;75;75120;2;1;1;3;AVENUE GAMBETTA;48,86347800;2,38982700
202300013226;17;3;2023;13:58;1;10;10325;2;2;1;3;BERTHELIN DE ROSIERES (RUE);48,26076000;4,06373000
202300013227;17;9;2023;09:30;1;75;75112;2;1;1;3;ROUTE DE LA PYRAMIDE;48,83104400;2,44888100
202300013233;17;9;2023;16:45;1;75;75107;2;1;1;7;PORT DE LA BOURDONNAIS;48,86102200;2,29487000
202300013236;17;3;2023;07:48;1;06;06069;2;1;1;3;SEMARD - LA GARE (AVENUE PIERRE);43,65495800;6,92740000
202300013248;16;9;2023;16:40;1;93;93007;2;2;1;3;Rue de la Victoire / Avenue Charles Floquet;48,94052587;2,44634360
202300013252;17;3;2023;13:45;1;75;75115;2;2;1;6;RUE LECOURBE;48,84050200;2,29576700
202300013254;17;9;2023;09:50;1;92;92073;2;1;1;3;VERDUN (RUE DE) NÂ° 78 A 164;48,87786000;2,23430000
202300013312;4;2;2023;11:20;1;75;75117;2;2;2;6;AVENUE DE VILLIERS;48,88381300;2,30468200
202300013332;5;2;2023;21:18;5;32;32162;2;3;1;7;Boulevard du midi;43,75718000;0,45733500
202300013344;5;2;2023;15:00;1;07;07069;1;4;1;1;route de la combe de beaune;45,05465100;4,70788600
202300013367;17;10;2023;08:45;1;92;92035;2;1;1;3;RÃ©publique ( boulevard de la );48,90665091;2,24627137
202300013381;4;2;2023;00:40;5;75;75119;2;7;1;3;PLACE RHIN ET DANUBE;48,88199900;2,39329300
202300013382;4;2;2023;18:15;5;75;75117;2;3;1;3;BOULEVARD DES BATIGNOLLES;48,88235500;2,32098100
202300013391;4;2;2023;09:35;1;93;93070;2;3;2;3;Boulevard Jean JaurÃ¨s / Rue du Docteur Bauer;48,91256404;2,33464032
202300013421;6;10;2023;14:56;1;63;63003;1;9;1;3;d906;45,54959100;3,74548600
202300013443;4;2;2023;22:30;3;68;68147;1;1;1;2;D1b;48,17541600;7,32316000
202300013446;20;10;2023;15:20;1;66;66049;2;1;1;1;;42,50147500;2,76130600