Num_Acc;jour;mois;an;hrmn;lum;dep;com;agg;int;atm;col;adr;lat;long
202300013458;20;10;2023;17:50;1;17;17292;1;2;3;2;D739;45,96329200; -0,74995600
202300013488;19;10;2023;14:27;1;91;91111;2;2;1;3;D97;48,62108000;2,11699200
202300013494;3;2;2023;17:15;1;69;69386;2;2;1;4;Avenue MarÃ©chal Foch;45,77247000;4,84311000
202300013505;18;10;2023;09:30;1;67;67300;2;3;1;2;2 Route Industrielle de la Hardt;48,53730900;7,50133400
202300013533;2;2;2023;07:45;2;64;64122;2;1;1;6;22 Avenue de Verdun;43,48176800; -1,55635900
202300013546;2;2;2023;22:30;5;54;54395;2;2;2;2;LOBAU (BOULEVARD);48,68955000;6,19382000
202300013573;18;10;2023;07:15;1;974;97416;1;1;1;3;ANCIENNE RN 1; -21,32384000;55,44530000
202300013581;15;10;2023;04:20;3;971;97101;1;1;1;2;RN5-BOISRIPEAUX;16,30518000; -61,49221000
202300013590;18;10;2023;09:15;1;76;76351;2;2;2;7;JEAN CHARCOT;49,49853000;0,10079000
202300013598;18;10;2023;20:20;5;69;69266;2;3;3;2;Rue des Antonins;45,77915134;4,87902508
202300013599;18;10;2023;14:50;1;68;68224;2;3;8;3;BRUNSTATT (RUE DE);47,73781000;7,31784000
202300013606;17;10;2023;07:05;5;56;56098;2;6;2;3;Avenue du PrÃ©sident Salvador Allende;47,76301000; -3,32863000
202300013620;18;10;2023;06:43;5;33;33249;2;1;2;3;Chemin de Lissandre;44,86356005; -0,53715698
202300013621;18;10;2023;07:45;2;25;25462;2;3;8;1;ARMEE DE L'EST (AVENUE DE L');46,89416000;6,36450000
202300013629;18;10;2023;11:10;1;04;04070;2;1;1;6;GAMBETTA (BD);44,08700000;6,22831000
202300013631;18;10;2023;09:50;1;75;75119;2;1;1;6;AVENUE DE FLANDRE;48,88646600;2,37142800
202300013632;18;10;2023;18:50;5;75;75116;2;3;2;3;RUE LE MAROIS;48,83879398;2,26132751
202300013634;18;10;2023;15:00;1;75;75113;2;2;3;6;BOULEVARD KELLERMANN;48,82101300;2,35075600
202300013635;18;10;2023;20:25;5;75;75111;2;2;1;6;RUE DU CHEMIN VERT;48,85779200;2,37093100
202300013637;18;10;2023;17:30;1;75;75110;2;3;2;6;BOULEVARD DE STRASBOURG;48,87061200;2,35501600
202300013638;18;10;2023;17:10;2;75;75110;2;7;2;2;BOULEVARD DE MAGENTA;48,86849500;2,36298300
202300013639;18;10;2023;13:10;1;75;75110;2;3;2;3;BOULEVARD DE STRASBOURG;48,87060500;2,35500100
202300013647;18;10;2023;19:00;5;94;94033;2;1;2;6;Avenue du MarÃ©chal Joffre;48,85333000;2,47588000
202300013658;18;10;2023;19:18;5;93;93031;2;1;2;3;Avenue Joffre;48,96007000;2,29869000
202300013660;18;10;2023;07:10;5;93;93029;2;1;2;1;STALINGRAD (DE);48,91722000;2,41967600
202300013666;18;10;2023;11:20;1;92;92063;2;1;1;6;RICHELIEU (BOULEVARD);48,86959032;2,18547240
202300013672;29;4;2023;13:25;1;46;46317;1;1;2;7;Combarele;44,81034293;1,74710408
202300013674;29;4;2023;13:40;1;29;29273;1;9;1;3;Rue de la Plaine;48,69437400; -4,03460000
202300013689;24;4;2023;16:15;1;14;14716;1;2;1;1;720 Route des VallÃ©es;49,18206924; -0,72347546
202300013694;18;10;2023;16:25;1;64;64410;2;3;1;5;Avenue du lac;43,37845800; -0,60269200
202300013700;28;4;2023;15:20;1;30;30106;1;1;1;3;RD 982;43,97940600;3,92799900
202300013767;27;4;2023;22:45;5;69;69168;2;3;1;1;596 Quai Pierre Dupont;45,84481000;4,83519700
202300013774;26;4;2023;09:30;1;15;15138;1;1;8;3;RD 3;45,13358000;2,83285300
202300013775;28;4;2023;11:55;1;58;58283;1;1;1;7;D180;47,30943400;3,50343700
202300013778;28;4;2023;13:35;1;06;06067;1;1;1;3;1225 Route de Menton;43,78569400;7,45119000
202300013799;27;4;2023;20:25;2;26;26004;2;6;1;3;Rue Marc Seguin;44,98850000;4,97825500
202300013805;27;4;2023;18:55;1;59;59435;1;1;1;5;Rue d'Ouvignies;50,51687700;3,22824300
202300013838;26;4;2023;08:30;1;69;69276;1;4;1;3;Route DÃ©partementale 312                  ;45,66889000;4,84659000
202300013842;23;4;2023;07:40;1;64;64122;2;1;1;6;GOLF (AVENUE - IMPASSE);43,49010000; -1,54662000
202300013845;26;4;2023;10:00;1;59;59512;2;3;1;3;COQ FRANCAIS (RUE DU);50,68555000;3,18167000
202300013850;26;4;2023;14:00;1;35;35150;2;2;8;3;MARTRAY (RUE DU);48,36775000; -1,21880000
202300013862;26;4;2023;11:41;1;75;75112;2;2;1;5;BOULEVARD PONIATOWSKI;48,83184300;2,39772700
202300013864;26;4;2023;19:15;1;75;75120;2;1;1;7;AVENUE GAMBETTA;48,86347400;2,38984300
202300013865;26;4;2023;08:20;1;75;75119;2;3;1;3;BOULEVARD SERURIER;48,87835300;2,40342700
202300013866;26;4;2023;12:30;1;75;75118;2;1;1;3;BOULEVARD DE LA CHAPELLE;48,88451600;2,36369200
202300013870;26;4;2023;08:55;1;75;75114;2;3;1;3;BOULEVARD DE PORT ROYAL;48,83838900;2,34209300
202300013871;26;4;2023;16:30;1;75;75111;2;3;1;3;AVENUE DE LA REPUBLIQUE;48,86582600;2,37155900
202300013879;7;4;2023;11:55;1;93;93066;2;1;1;5;Avenue du PrÃ©sident Wilson;48,91021000;2,35770000
202300013882;26;4;2023;07:40;2;93;93048;2;5;1;3;Avenue du Colonel Fabien / Boulevard de la BoissiÃ¨re;48,87800000;2,45714000
202300013883;12;8;2023;08:20;1;17;17333;2;6;8;3;MOCQUERIES (AVENUE);45,60214000; -0,99342000
202300013896;2;8;2023;21:20;2;75;75108;2;1;1;2;AVENUE FRANKLIN D ROOSEVELT;48,87010100;2,31005500
202300013904;7;7;2023;11:55;1;75;75106;2;2;1;6;RUE DU CHERCHE MIDI;48,85023000;2,32718000
202300013910;7;7;2023;20:40;1;75;75112;2;1;1;2;ROUTE DAUPHINE;48,83003300;2,43953200
202300013917;7;7;2023;08:45;1;75;75110;2;9;7;3;PLACE DULCIE SEPTEMBER;48,88061700;2,36202700
202300013922;14;8;2023;08:20;1;65;65388;1;1;1;6;Route du Pla d?Adet;42,82789043;0,28753281
202300013924;7;7;2023;17:21;1;75;75102;2;2;1;1;BOULEVARD DE SEBASTOPOL;48,86444700;2,35154700
202300013926;7;7;2023;11:40;1;75;75101;2;3;1;3;BOULEVARD DE LA MADELEINE;48,86968500;2,32663900
202300013942;7;7;2023;13:35;1;94;94011;2;1;1;1;Rue Alfred Gillet;48,77569000;2,48990000
202300013945;14;8;2023;10:40;1;66;66009;2;1;1;2;9 Baills Jean Baptiste Barjau;42,45554900;2,63469300
202300013955;7;7;2023;19:40;1;93;93048;2;1;1;3;Avenue Ferdinand Buisson;48,87268364;2,43594231
202300013957;6;7;2023;22:30;5;93;93074;2;1;1;3;Avenue du GÃ©nÃ©ral de Gaulle;48,94265000;2,56922000
202300013963;7;7;2023;13:42;1;92;92075;2;1;1;7;JEAN BLEUZEN (RUE);48,82323000;2,29625000
202300013979;9;8;2023;18:40;1;08;08487;1;1;1;3;voie verte;50,04428400;4,72600900
202300013988;13;8;2023;10:15;1;65;65123;1;1;1;6;RD 918 - PR 051.900;42,93622200;0,20871900
202300014008;8;7;2023;08:50;1;83;83049;1;1;1;1;D40;43,25533426;6,07224255
202300014024;2;6;2023;09:40;1;29;29019;2;6;1;3;Rond point Herman Melville ;48,38669000; -4,47086756
202300014113;1;6;2023;07:40;1;75;75110;2;3;1;3;BOULEVARD DE STRASBOURG;48,87060000;2,35495300
202300014114;12;8;2023;15:55;1;65;65116;1;1;1;6;RD 113;42,89404500;0,32439700
202300014116;6;7;2023;08:25;1;36;36154;2;2;7;3;Avenue de la Font Pie VII;46,58251643;1,53226286
202300014121;4;7;2023;13:57;1;21;21317;1;4;1;3;D959;47,54652443;5,12240291
202300014131;1;6;2023;08:30;1;75;75120;2;2;1;1;RUE EVARISTE GALOIS;48,87408600;2,41304800
202300014137;21;11;2023;15:00;1;34;34057;2;1;1;3;720 Route de Nimes;43,63756600;3,92958600
202300014144;7;7;2023;10:30;1;30;30003;2;2;1;3;D979;43,55832500;4,18293300
202300014146;2;6;2023;16:00;1;75;75116;2;2;1;3;RUE SPONTINI;48,86826000;2,27737700
202300014147;12;8;2023;16:00;1;31;31391;2;6;1;3;Place du PrÃ© Commun;43,11265800;0,93406900
202300014159;31;5;2023;07:35;1;75;75116;2;1;1;2;ROUTE DES TRIBUNES;48,86180600;2,23030300
202300014174;2;6;2023;13:50;1;75;75115;2;1;1;7;AVENUE DE LA PORTE DE SEVRES;48,83497300;2,27758100
202300014177;1;6;2023;18:30;1;75;75114;2;1;1;7;AVENUE PAUL APPELL;48,82154200;2,32793500
202300014181;11;8;2023;09:20;1;87;87176;1;1;1;7;D19a1;45,65673800;1,31473300
202300014182;2;6;2023;21:10;2;75;75112;2;7;1;1;BOULEVARD DE PICPUS;48,84481500;2,40202800
202300014185;13;8;2023;11:50;1;30;30140;1;1;1;1;;44,03479000;3,82319900
202300014201;1;6;2023;16:55;1;75;75101;2;2;1;3;RUE DE RIVOLI;48,85853700;2,34823000
202300014205;1;6;2023;09:13;1;75;75104;2;2;1;6;RUE DES DEUX PONTS;48,85183200;2,35654700
202300014207;8;7;2023;08:50;1;83;83068;1;1;1;2;D 14;43,26905000;6,53753000
202300014229;13;8;2023;10:29;1;77;77470;2;1;1;5;29 Rue de Provins;48,73901800;2,76749300
202300014233;8;7;2023;11:30;1;31;31318;1;1;1;7;D10F;43,21792600;0,96618000
202300014255;11;8;2023;14:25;1;65;65295;2;1;1;3;1 Avenue de Saint sauveur;42,87314900; -0,00350800
202300014261;12;8;2023;15:50;1;85;85113;2;1;1;3;9 Rue jean yole;46,71988700; -2,34925700
202300014262;2;6;2023;19:10;1;93;93057;2;1;1;1;Chemin de Halage;48,91287706;2,50048726
202300014268;16;6;2023;18:00;1;74;74042;2;1;7;3;1676 Route de bouverat;46,06452700;6,43737900
202300014277;2;6;2023;19:20;1;92;92020;2;6;1;6;DIVISION LECLERC AVENUE DE LA;48,79812500;2,28296000
202300014282;27;2;2023;13:30;1;38;38421;2;2;1;3;AVENUE AMBROISE CROIZAT;45,18381000;5,75435000
202300014283;2;6;2023;12:00;1;92;92044;2;4;1;2;PDT WILSON(RUE) 2A24 ET 1A21;48,89061272;2,29173392
202300014315;17;3;2023;12:23;1;75;75107;2;2;1;2;RUE DE GRENELLE;48,85272200;2,32937800
202300014334;17;11;2023;18:20;5;87;87114;2;1;2;7;PUY-LA-RUE (ALLEE DE);45,84298000;1,32010000
202300014340;6;7;2023;07:45;1;974;97411;2;1;1;2;MAZAGRAN (RUE); -20,88940000;55,45508000
202300014356;10;8;2023;19:34;1;77;77487;1;3;1;3;D 605;48,53637000;2,70340000
202300014373;9;8;2023;14:25;1;71;71270;2;1;1;7;LIBERTE (BOULEVARD DE LA);46,30377000;4,81994000
202300014379;2;6;2023;14:45;1;01;01130;2;1;1;7;260 Chemin de Balvay;46,31314800;5,19536100
202300014381;5;7;2023;16:50;1;971;97101;1;3;1;3;PERRIN;16,29367000; -61,51119000
202300014392;17;3;2023;15:45;1;92;92049;2;1;1;7;GAMBETTA AVENUE LEON NÂ° IMPAIRS;48,81434236;2,32108310
202300014399;19;11;2023;16:04;1;72;72181;2;9;1;3;Robert Jarry (Bd);47,99800000;0,18900000
202300014405;20;11;2023;09:35;2;69;69271;2;1;5;3;72 Avenue du ProgrÃ¨s;45,72996423;4,96370385
202300014406;11;8;2023;14:55;1;67;67180;2;9;1;3;DEPUTE HALLEZ (CHEMIN DU);48,79633000;7,77023000
202300014411;17;3;2023;10:25;1;92;92012;2;1;1;1;POINT DU JOUR (QUAI DU);48,83160000;2,25824000
202300014413;11;8;2023;15:15;1;64;64102;2;1;1;2;PLANTOUN (AVENUE);43,49502000; -1,45746000
202300014415;1;7;2023;02:38;3;83;83098;1;1;1;6;PLAINES (CHEMIN DES);43,11399100;6,03687200
202300014430;9;3;2023;11:44;1;86;86153;2;1;1;7;Route de Bouresse;46,40482700;0,69578100
202300014434;10;8;2023;08:40;1;56;56121;2;1;1;5;ROBELIN (RUE);47,74164000; -3,38179000
202300014436;15;5;2023;14:00;1;73;73255;1;3;1;3;Rue de la Crouze / Rte des Grands PrÃ©s;45,34695800;6,30308400
202300014442;20;11;2023;08:00;1;62;62193;2;1;3;1;Avenue Yervant Toumaniantz;50,95335000;1,88857000
202300014452;10;8;2023;15:35;1;49;49353;2;1;1;7;PARMENTIER;47,45237100; -0,51401100
202300014456;10;8;2023;13:39;1;49;49007;2;1;1;7;CUL D'ANON CHEMIN;47,47604000; -0,51525000
202300014499;20;11;2023;17:00;1;49;49015;2;1;1;3;DE GAULLE AVENUE DU GENERAL;47,50300000; -0,59192000
202300014544;6;7;2023;08:00;1;47;47001;2;3;1;3;JAURES (AV. JEAN);44,19499000;0,64250000
202300014547;20;11;2023;16:05;1;35;35238;2;3;8;3;ARMORIQUE (BD D');48,13061000; -1,67641000
202300014549;6;7;2023;18:50;1;45;45234;2;8;1;1;Pont George V;47,89634000;1,90437000
202300014555;20;11;2023;17:42;5;32;32013;2;1;2;3;FRANCOIS MITTERAND (Rue);43,65961000;0,58933000
202300014563;2;6;2023;15:00;1;56;56152;2;4;1;3;Route de Sauzon;47,34920400; -3,16069400
202300014600;6;7;2023;10:15;1;32;32013;2;1;1;7;SAMBRE ET MEUSE (AVENUE);43,64745000;0,59764000
202300014617;26;12;2023;15:35;1;75;75113;2;1;1;3;QUAI DE LA GARE;48,83646700;2,37461400
202300014636;26;12;2023;13:50;1;75;75104;2;1;1;6;VOIE GEORGES POMPIDOU;48,84854600;2,36276200
202300014658;20;11;2023;07:40;2;75;75116;2;4;1;2;AVENUE FOCH;48,87278600;2,28039300
202300014670;20;11;2023;07:40;2;94;94011;2;1;8;6;Avenue de Boissy;48,76604000;2,49055000
202300014678;20;11;2023;07:45;1;93;93066;2;1;1;3;Rue Henri Delaunay;48,92608417;2,35999452
202300014700;16;3;2023;07:55;1;69;69383;2;3;1;3;68 Rue Ferdinand Buisson;45,74979000;4,88985000
202300014708;17;9;2023;10:50;1;57;57443;2;1;1;3;N52;49,20973700;6,12677200
202300014719;1;6;2023;17:41;1;69;69034;2;1;1;3;112 Quai ClÃ©menceau;45,81152000;4,84602000
202300014722;26;12;2023;16:40;1;41;41010;2;9;1;3;Rue de Buissay;47,85416300;1,00280300
202300014723;1;6;2023;10:10;1;69;69385;2;2;1;3;Rue Joliot Curie;45,75444000;4,78216000
202300014731;14;9;2023;17:00;1;85;85112;1;1;7;7;la brochetiere;46,55411200; -1,76529900
202300014737;7;11;2023;21:50;5;92;92036;2;2;1;3;PIERRE DE COUBERTIN  ( BD );48,92926369;2,28446531
202300014743;15;3;2023;07:45;1;76;76351;2;2;2;3;FLEURUS (DE);49,49262000;0,13750000
202300014749;27;12;2023;12:45;1;61;61293;1;3;1;3;D8;48,52011800;0,56219100
202300014756;26;5;2023;17:03;1;87;87085;2;1;1;6;LIAISON SUD ( voie de);45,81098000;1,25688000
202300014773;16;3;2023;08:10;1;69;69264;2;3;1;6;Rue Jeanne Jugan;45,99290000;4,70726000
202300014782;27;12;2023;10:45;1;14;14478;2;1;1;2;8 Rue des Augustines;49,02212800;0,40507000
202300014792;24;12;2023;11:00;1;64;64059;1;1;7;3;RD 817;43,28139200; -0,24184900
202300014793;30;5;2023;08:20;1;80;80489;2;2;1;3;GENERAL GALLIENI (RUE DU );49,86904000;2,35563000
202300014804;21;11;2023;19:18;3;71;71182;1;3;2;3;D981;46,80098500;4,75217700
202300014835;30;5;2023;07:50;1;72;72181;2;3;1;3;FRESNELLERIE BD DE LA NÂ° IMP;47,96981000;0,20610000
202300014852;16;3;2023;12:20;1;35;35238;2;1;1;3;BATAILLE FLANDRES/ DUNKERQUE MAI 40;48,12134900; -1,70183500
202300014857;1;6;2023;16:36;1;68;68224;2;6;7;7;GAY-LUSSAC (RUE);47,74227000;7,33130000
202300014887;16;9;2023;06:15;5;76;76540;2;1;1;6;Avenue de la LibÃ©ration;49,42747000;1,07007000
202300014888;16;3;2023;07:47;1;17;17300;2;1;1;3;REPENTIE   AVENUE DE LA;46,17117000; -1,20844000
202300014890;31;5;2023;07:10;1;61;61001;2;3;1;3;D112;48,43551000;0,09696000
202300014896;16;9;2023;20:09;2;64;64122;2;2;1;3;BOUSSINGORY (RUE);43,48020000; -1,54654000
202300014910;15;9;2023;16:50;1;56;56121;2;1;1;2;NAYEL ( ET PLACE AUGUSTE );47,74738770; -3,36237000
202300014927;1;6;2023;07:55;1;59;59350;2;1;1;2;VAUBAN BOULEVARD NÂ°2-18-1-39;50,63314000;3,04752600
202300014941;16;9;2023;12:50;1;33;33075;2;1;1;3;Boulevard Jacques Chaban-Delmas;44,88303555; -0,58474034
202300014970;15;3;2023;13:50;1;91;91477;2;6;1;3;ALLIES (AVENUE DES);48,72360000;2,24803000
202300014973;24;9;2023;10:25;1;13;13111;1;1;1;3;Le Puits d'Auzon Nord;43,55512600;5,70089600
202300014998;16;9;2023;13:25;1;75;75106;2;3;1;3;RUE D ASSAS;48,84754600;2,32998100
202300015000;16;9;2023;02:40;5;75;75106;2;3;1;2;QUAI DES GRANDS AUGUSTINS;48,85439500;2,34071900
202300015003;16;9;2023;11:15;1;75;75119;2;3;1;1;AVENUE DE FLANDRE;48,89442360;2,38149941
202300015006;16;9;2023;14:15;1;75;75118;2;1;1;3;RUE DES POISSONNIERS;48,89615200;2,35290200
202300015018;15;9;2023;09:25;1;75;75116;2;1;1;3;AVENUE RAYMOND POINCARE;48,87118700;2,28496200
202300015028;16;9;2023;22:02;5;75;75114;2;1;1;3;BOULEVARD ARAGO;48,83450500;2,33464700
202300015030;16;9;2023;14:45;1;75;75114;2;1;1;3;BOULEVARD JOURDAN;48,81960600;2,34190600
202300015033;16;9;2023;14:30;1;75;75114;2;1;1;7;RUE RAYMOND LOSSERAND;48,83181300;2,31416600
202300015035;15;3;2023;08:00;1;47;47001;2;2;1;3;CASSIN (RUE RENE);44,19411354;0,62398948
202300015036;16;9;2023;18:30;1;75;75113;2;2;1;3;RUE VERGNIAUD;48,82789300;2,34564700
202300015042;15;3;2023;20:00;5;35;35238;2;3;1;3;CHEZY (BD DE);48,11362000; -1,68723000
202300015045;15;3;2023;18:15;1;35;35238;2;7;1;3;BRETAGNE (PLACE DE);48,10993000; -1,68384000
202300015051;16;9;2023;23:00;3;75;75104;2;3;1;2;QUAI DE L HOTEL DE VILLE;48,85532700;2,35274300
202300015053;16;9;2023;21:55;5;75;75103;2;2;1;7;BOULEVARD BEAUMARCHAIS;48,85924600;2,36764500
202300015055;16;9;2023;20:25;5;75;75104;2;2;1;6;RUE DE RIVOLI;48,85773200;2,35077200
202300015069;16;9;2023;14:50;1;93;93031;2;3;1;3;Route de Saint-leu / Rue Rouget de Lisle;48,95103511;2,33939347
202300015111;23;12;2023;16:02;1;14;14369;1;1;7;2;Route de l'Embranchement;49,16639500; -0,88332700
202300015145;17;9;2023;10:30;1;03;03044;1;1;1;6;la Courie;46,05548700;3,35616200
202300015147;16;9;2023;11:30;1;03;03136;1;6;2;7;D745;46,30751000;2,44634600
202300015148;26;12;2023;09:00;1;66;66164;2;1;7;3;Avenue de la MourÃ©re;42,76815100;2,87662600
202300015153;14;9;2023;17:40;2;36;36248;2;1;1;6;14 Route d'Ardentes;46,81999900;1,92433700
202300015166;16;9;2023;15:00;1;08;08071;1;1;1;6;;49,81168667;4,46076157
202300015177;16;9;2023;12:50;1;33;33199;2;3;1;3;AllÃ©e de Bordeaux;44,62528200; -1,05531000
202300015190;17;9;2023;09:30;1;01;01403;1;1;1;2;D19;45,81700100;5,44926200
202300015204;17;9;2023;02:30;3;62;62684;2;1;1;2;Rue des Flamands;50,69680600;2,35563200
202300015219;10;6;2023;14:00;1;75;75118;2;1;1;2;BOULEVARD BARBES;48,88602600;2,34954200
202300015230;10;6;2023;12:00;1;75;75110;2;1;1;6;QUAI DE JEMMAPES;48,86984800;2,36682800
202300015232;10;6;2023;11:00;1;75;75116;2;1;1;2;ROUTE DES TRIBUNES;48,86408800;2,23528700
202300015255;3;2;2023;15:15;1;75;75120;2;3;1;6;RUE DE MENILMONTANT;48,86794800;2,38660400
202300015258;3;2;2023;10:08;1;75;75117;2;2;1;3;AVENUE DE LA PORTE D ASNIERES;48,89004600;2,30386000
202300015262;3;2;2023;16:48;1;75;75111;2;1;1;3;BOULEVARD VOLTAIRE;48,85155300;2,39055800
202300015264;3;2;2023;18:50;5;75;75104;2;3;1;6;RUE DE RIVOLI;48,85549600;2,36008700
202300015279;3;2;2023;21:05;5;92;92040;2;2;1;3;GALLIENI (BOULEVARD);48,83156000;2,26720000
202300015282;3;2;2023;08:45;1;92;92024;2;1;2;7;EUROPE (ALLEES DE);48,91108459;2,31004313
202300015294;3;2;2023;16:40;1;58;58086;2;1;8;3;Rue Saint Lazare;47,41883900;2,93230900
202300015299;2;2;2023;16:20;1;63;63050;2;6;1;3;giratoire D34/D76 ;45,40883400;3,32694800
202300015312;31;1;2023;17:15;1;85;85047;2;9;1;6;VC 190 rue Carnot;46,85445900; -1,89576500
202300015333;4;2;2023;11:20;1;27;27070;1;1;1;2;D316;49,30346800;1,49774600
202300015348;2;2;2023;17:50;1;69;69387;2;1;1;6;Avenue Jean JaurÃ¨s;45,72777000;4,83158000
202300015355;1;2;2023;08:35;1;69;69381;2;3;1;3;2 Rue Terme;45,76811000;4,83210000
202300015390;1;2;2023;08:54;1;49;49007;2;3;1;3;BRESSIGNY;47,46716000; -0,54942000
202300015433;2;2;2023;09:45;1;06;06123;2;4;1;3;GERBAULT ALAIN PROMENADE;43,65660000;7,17968000
202300015442;2;2;2023;12:00;1;75;75119;2;2;1;3;BOULEVARD MACDONALD;48,89829900;2,38614400
202300015474;17;10;2023;17:50;1;974;97411;2;1;1;6;GRENADIERS (CHEMIN DES); -20,91399000;55,47749000
202300015497;13;10;2023;18:37;2;80;80021;2;1;1;1;ALSACE LORRAINE (BOULEVARD D');49,89043000;2,30627000
202300015505;16;10;2023;16:15;1;76;76351;2;2;1;3;GUSTAVE NICOLLE;49,49251700;0,14846300
202300015515;16;10;2023;08:40;1;66;66136;2;6;1;3;;42,69246000;2,87966000
202300015518;16;10;2023;13:40;1;64;64335;2;6;1;3;SANTOS-DUMONT;43,32305000; -0,42058000
202300015520;17;10;2023;11:00;1;64;64102;2;6;1;3;LEGION TCHEQUE (AVENUE DE LA);43,49367000; -1,49162000
202300015523;16;10;2023;17:28;1;64;64024;2;3;1;3;BIARRITZ (AVENUE DE);43,48031000; -1,52622000
202300015531;6;10;2023;15:55;1;55;55545;2;1;1;7;METZ ( AVENUE DE );49,14820000;5,40209000
202300015543;16;10;2023;17:15;1;32;32013;2;1;1;3;CORPS FRANC POMMIES (AVENUE DU);43,62920000;0,57999000
202300015552;10;10;2023;09:40;1;15;15014;2;2;1;1;MONRAISSE (AVENUE DU COMMANDANT);44,91334000;2,43317000
202300015566;17;10;2023;15:25;1;75;75105;2;3;1;6;RUE GEOFFROY SAINT HILAIRE;48,83849400;2,35706400
202300015569;17;10;2023;22:05;5;75;75117;2;3;1;3;RUE LEMERCIER;48,88811000;2,32103000
202300015570;16;10;2023;17:00;1;75;75116;2;1;1;3;BOULEVARD EXELMANS;48,84187100;2,26243500
202300015572;17;10;2023;19:30;5;75;75113;2;2;1;5;AVENUE CLAUDE REGAUD;48,82156100;2,37252800
202300015573;17;10;2023;22:40;5;75;75112;2;1;1;3;AVENUE DES TERROIRS DE FRANCE;48,83175400;2,38833900
202300015575;17;10;2023;16:15;1;75;75111;2;2;1;3;RUE ALEXANDRE DUMAS;48,85364000;2,39322000
202300015584;14;10;2023;12:32;1;94;94042;2;1;1;2;Quai Pierre Brossolette;48,81903204;2,46788891
202300015589;17;10;2023;20:46;5;93;93031;2;3;1;3;Avenue de la RÃ©publique / Rue Gounod;48,94803000;2,33853000
202300015605;17;10;2023;15:30;1;46;46177;1;1;1;7;D118;44,86672800;1,81300200
202300015671;27;4;2023;13:20;1;36;36018;2;1;1;6;Boulevard FranÃ§ois Mitterrand;46,63526800;1,07198200
202300015679;17;4;2023;14:15;1;30;30245;1;3;1;3;;43,85700000;4,18830000
202300015682;25;4;2023;17:10;1;31;31028;2;2;1;3;intersection D52C et D52;43,21665100;0,88063400
202300015767;14;4;2023;21:20;5;05;05061;2;1;1;3;BONNE (RUE DE );44,56303000;6,08315000
202300015775;28;1;2023;19:30;3;74;74010;1;4;1;3;Route des machurettes;45,96307600;6,08031000
202300015787;25;4;2023;00:20;5;75;75110;2;2;2;3;RUE DU FAUBOURG SAINT MARTIN;48,88384900;2,36859000
202300015788;24;4;2023;13:07;1;75;75107;2;3;1;3;QUAI BRANLY;48,86063700;2,29547100
202300015789;25;4;2023;09:23;1;75;75101;2;2;1;6;BOULEVARD DE SEBASTOPOL;48,86198700;2,35018000
202300015793;24;4;2023;19:20;1;94;94041;2;1;1;1;Rue Westermeyer;48,81851627;2,39568204
202300015802;15;6;2023;16:04;1;15;15014;2;1;1;2;PONT ROUGE (BOULEVARD DU);44,92729100;2,44821700
202300015826;6;7;2023;13:40;1;75;75101;2;2;1;1;PONT NEUF;48,85844750;2,34250500
202300015836;11;8;2023;15:20;1;75;75119;2;3;1;3;AVENUE JEAN JAURES;48,88878900;2,39310700
202300015842;11;8;2023;09:50;1;75;75119;2;3;1;3;RUE BOURET;48,88172000;2,37379300
202300015844;11;8;2023;22:25;5;75;75116;2;2;2;3;QUAI LOUIS BLERIOT;48,84716300;2,27444200
202300015851;6;7;2023;12:00;1;75;75113;2;4;1;3;BOULEVARD DE L HOPITAL;48,83994600;2,36174200
202300015854;5;7;2023;07:30;1;75;75113;2;3;1;3;AVENUE DE LA PORTE D IVRY;48,82025800;2,37182600
202300015865;5;7;2023;13:37;1;75;75107;2;2;1;3;AVENUE DU MARECHAL GALLIENI;48,86096600;2,31499000
202300015868;6;7;2023;06:24;1;75;75103;2;7;1;3;PLACE DE LA REPUBLIQUE;48,86651000;2,36478800
202300015870;5;7;2023;20:00;1;75;75103;2;3;1;7;RUE SAINT MARTIN;48,86900700;2,35559500
202300015874;11;8;2023;18:30;1;94;94018;2;2;2;1;Rue de Paris;48,82470000;2,40883000
202300015883;11;8;2023;19:00;1;92;92046;2;1;2;3;DE STALINGRAD;48,81506000;2,28292000
202300015884;6;7;2023;18:30;1;94;94028;2;1;1;1;Rue Jean JaurÃ¨s;48,78796476;2,43575397
202300015893;5;7;2023;14:05;1;94;94002;2;1;1;3;Rue de Rome;48,78845000;2,42885000
202300015908;6;7;2023;09:05;1;92;92026;2;1;1;6;BOULEVARD CIRCULAIRE;48,89204000;2,24599000
202300015920;5;7;2023;10:40;1;92;92036;2;1;1;3;GRESILLONS ( AVENUE DES  );48,92020000;2,31519000
202300015933;11;8;2023;11:05;1;38;38384;2;3;1;5;D519;45,34138900;5,34931700
202300015937;7;7;2023;06:09;2;68;68238;1;1;1;3;D52;47,70867100;7,51204700
202300015952;7;7;2023;13:35;1;67;67513;1;1;1;7;D57;48,39256700;7,24967300
202300015956;12;8;2023;16:25;1;04;04166;1;1;1;3;RD952 PK 63+400;43,80708100;6,05820900
202300015958;12;8;2023;16:52;1;85;85234;2;1;1;7;Avenue des pays de monts;46,78798400; -2,08053600
202300015962;6;7;2023;12:15;1;69;69168;2;3;1;3;Quai Pierre Dupont;45,84481200;4,83517300