Num_Acc;jour;mois;an;hrmn;lum;dep;com;agg;int;atm;col;adr;lat;long
202300020756;30;1;2023;09:30;1;93;93048;2;3;8;3;Rue Paul Doumer / Rue Lenain de Tillemont;48,86144979;2,45610550
202300020766;14;9;2023;15:40;1;61;61075;1;1;1;7;D207;48,51059400; -0,61209300
202300020796;3;9;2023;10:50;1;78;78406;2;4;1;6;Place de la Madeleine;48,72518800;2,04887000
202300020798;31;1;2023;11:00;1;83;83036;2;1;1;6;220Avenue Pierre Rameil;43,17393000;6,52780500
202300020834;31;1;2023;12:50;1;37;37156;2;1;1;6;2 Chemin de Montaigu;47,39107200;0,84416600
202300020842;20;12;2023;14:40;1;76;76351;2;6;1;3;MARCEAU (RUE);49,48537000;0,13673000
202300020865;21;12;2023;13:05;1;67;67482;2;3;1;3;COLMAR (AVENUE DE);48,55794000;7,74855000
202300020870;21;12;2023;17:30;5;66;66136;2;1;1;3;Cours Lazare ESCARGUEL;42,70000000;2,88700000
202300020872;13;9;2023;16:30;1;38;38158;2;1;2;1;avenue de Poisat;45,15501800;5,75290400
202300020876;13;9;2023;17:15;1;26;26220;2;6;1;3;Rond point du paroirs;44,34977800;5,11665200
202300020883;21;12;2023;13:20;1;64;64122;2;1;2;3;;43,48239000; -1,56692000
202300020905;20;12;2023;16:22;1;57;57283;2;6;2;1;HASSEL (CHEMIN DU);49,25202000;6,15201000
202300020908;29;1;2023;11:45;1;59;59173;1;1;1;3;Route de Quesnoy;50,72470200;2,97866600
202300020940;21;12;2023;15:40;1;44;44109;2;1;8;6;2 Rue des ChalÃ¢tres;47,22532000; -1,53088000
202300020955;11;9;2023;07:30;1;974;97416;1;3;7;3;PERE MAITRE(RUE DU); -21,28382000;55,46626000
202300020959;11;9;2023;15:05;1;974;97407;2;1;1;3;MASCAREIGNES(BOULEVARD); -20,93873000;55,30790000
202300020961;20;12;2023;15:55;1;37;37261;2;6;1;3;CHAUTEMPS (AVENUE CAMILLE);47,37472000;0,71632000
202300020976;12;9;2023;09:15;1;69;69383;2;1;1;1;Rue Louis;45,75271000;4,88818000
202300020997;12;9;2023;09:00;1;69;69382;2;3;1;3;Quai Jules Courmont;45,76011000;4,83781000
202300021002;21;12;2023;13:25;1;29;29019;2;2;1;3;boulevard LÃ©on Blum;48,40551800; -4,48484300
202300021003;11;9;2023;08:10;1;69;69149;2;1;1;3;253 Grande Rue;45,70871000;4,79872000
202300021009;20;12;2023;07:30;5;29;29019;2;3;1;3;1 rue Dupuy de Lome;48,38844600; -4,51578100
202300021013;29;1;2023;10:15;1;29;29015;2;9;1;6;Rue des Abers;48,50128300; -4,50719500
202300021028;30;1;2023;13:30;1;50;50483;2;6;1;3;Rue de l'Europe;49,10472600; -1,17587800
202300021035;20;1;2023;08:00;2;40;40224;2;4;8;3;Route de Bayonne;43,54720900; -1,11377100
202300021038;29;1;2023;12:15;1;24;24034;1;2;8;3;lieu dit les miniÃ¨res;44,98115100;0,47631200
202300021074;21;12;2023;18:10;5;75;75117;2;3;1;3;BOULEVARD MALESHERBES;48,88277489;2,31018484
202300021084;30;1;2023;20:00;5;07;07324;2;1;1;1;Quai Charles de Gaulle;45,06775600;4,83458000
202300021086;28;1;2023;10:50;1;69;69019;2;2;1;3;4 Rue Victor Hugo;46,10866700;4,74965600
202300021088;30;1;2023;09:20;1;81;81099;2;1;1;3;Avenue de Lattre de Tassigny;43,90793780;1,89792000
202300021092;20;12;2023;18:40;5;75;75114;2;1;1;6;BOULEVARD JOURDAN;48,81965500;2,34193300
202300021111;21;12;2023;21:05;5;75;75102;2;2;1;7;BOULEVARD MONTMARTRE;48,87149100;2,34308200
202300021113;21;12;2023;16:15;1;94;94078;2;3;2;3;Rue du Pont de la gendarmerie;48,73106800;2,44671000
202300021132;20;12;2023;19:10;5;92;92044;2;1;2;3;TREZEL(RUE) 1A13 ET 2A10;48,89510560;2,29501963
202300021144;20;12;2023;18:10;3;18;18146;1;1;1;3;Route du Canal;47,32441100;2,85520100
202300021148;21;12;2023;17:19;3;51;51217;1;1;2;2;D3;49,08426300;3,65742800
202300021178;20;12;2023;20:00;5;77;77466;2;1;2;3;rue de la foret;48,82237136;2,90315068
202300021179;22;12;2023;15:05;1;34;34081;1;1;1;2;D 162;43,30564500;3,13721400
202300021180;21;12;2023;19:50;5;21;21038;1;1;2;2;D20B;47,19440000;5,42819000
202300021207;9;10;2023;16:45;1;25;25031;2;6;1;3;DASLE (RUE DE);47,47855000;6,84892000
202300021225;14;10;2023;22:15;5;75;75116;2;3;1;3;PLACE CLEMENT ADER;48,85128000;2,27835900
202300021242;14;10;2023;09:35;1;80;80136;1;1;7;5;d329;49,96532800;2,71757100
202300021247;14;10;2023;13:45;1;59;59229;1;6;7;2;Rue de Glageon;50,04108300;4,02763700
202300021258;13;10;2023;00:00;3;47;47248;1;1;1;2;Route de Toulouse;44,15905097;0,72293096
202300021260;14;10;2023;10:45;1;29;29160;2;3;1;3;Rue de Penhoat;48,45639900; -4,45532600
202300021265;11;10;2023;09:25;1;72;72208;1;1;1;3;D36;48,10655700;0,79043600
202300021272;15;10;2023;14:30;1;24;24084;1;1;1;2;D53;44,79627000;1,04282500
202300021273;11;10;2023;18:20;1;67;67309;2;2;7;1;Rue de l'industrie;48,63432700;7,71591100
202300021287;15;10;2023;09:00;1;69;69020;1;6;1;1;Route BuissonniÃ¨re;45,85902000;4,66958100
202300021340;4;7;2023;11:40;1;63;63278;1;2;1;3;D20/D211;45,93114700;3,17172300
202300021341;13;10;2023;11:30;1;72;72181;2;9;1;3;PETITE-VITESSE (BD DE LA);47,99275000;0,19828000
202300021359;13;10;2023;17:30;1;67;67482;2;9;1;1;LA WANTZENAU (ROUTE DE);48,61930000;7,79292000
202300021362;13;10;2023;06:25;5;67;67447;2;3;1;1;BISCHWILLER (ROUTE DE);48,60642000;7,74885000
202300021367;4;7;2023;16:00;1;63;63321;1;1;1;1;D14;45,60479800;3,31404100
202300021385;3;7;2023;12:50;1;35;35263;1;2;1;3;Rue de Saint Vincent;48,67417600; -1,94191400
202300021390;10;10;2023;08:30;1;51;51108;2;2;1;3;METZ (AVE DE);48,95916000;4,38358000
202300021394;12;10;2023;12:25;1;49;49007;2;2;1;3;DROITS DE L'HOMME;47,47856000; -0,54912000
202300021406;13;10;2023;18:15;1;37;37261;2;1;1;3;RASPAIL (RUE);47,38012000;0,70146000
202300021431;30;6;2023;13:40;1;24;24207;1;1;1;2;Route de la Valade;44,79943900;1,27632900
202300021449;13;10;2023;10:44;1;15;15014;2;6;1;3;RD 120;44,92232000;2,42787000
202300021464;27;6;2023;17:00;1;33;33243;2;6;1;3;Place Jean Moulin;44,91883600; -0,24216200
202300021480;20;4;2023;08:25;1;974;97416;1;1;1;7;RN3 (ANCIENNE ROUTE); -21,30497000;55,49812000
202300021483;20;4;2023;18:50;4;974;97411;2;3;2;3;CHAUDRON  (BLD 1 DU); -20,90310000;55,48628000
202300021515;19;4;2023;11:00;1;86;86194;2;1;1;6;Rue des Carmelites;46,58585000;0,33978200
202300021536;20;4;2023;12:52;1;77;77307;2;1;1;3;CH DE LA BERGAME;48,87189000;2,73687000
202300021551;30;6;2023;22:57;5;51;51230;2;1;1;1;MENDES FRANCE (PLACE PIERRE);49,04547000;3,95870000
202300021556;20;4;2023;22:15;5;61;61001;2;2;9;3;Rue du ChÃ¢teau;48,42813000;0,08550000
202300021558;20;4;2023;19:15;1;57;57480;2;3;8;3;SAINT ANDRE (RUE );49,09393000;6,16807000
202300021559;1;7;2023;08:35;1;35;35115;2;6;2;3;JAURES (BD JEAN);48,35341031; -1,20088667
202300021570;30;6;2023;12:35;1;12;12145;2;1;1;3;DE GAULLE CHARLES (AVENUE);44,11591000;3,06737000
202300021571;19;4;2023;17:30;1;39;39198;2;1;1;3;22 Boulevard des FrÃ¨res LumiÃ¨re;47,09796500;5,49954400
202300021594;27;6;2023;19:30;1;75;75114;2;3;1;7;AVENUE DU MAINE;48,83617400;2,32347100
202300021596;2;7;2023;13:40;1;75;75114;2;4;1;3;AVENUE JEAN MOULIN;48,82703000;2,32497100
202300021598;2;7;2023;16:45;1;75;75112;2;4;1;2;QUAI DE LA RAPEE;48,84447600;2,36813600
202300021600;2;7;2023;05:35;2;75;75112;2;3;1;3;BOULEVARD DE LA BASTILLE;48,85149000;2,36925200
202300021602;19;4;2023;17:30;1;15;15014;2;2;1;3;LECLERC (AVENUE DU GENERAL);44,90919000;2,44640000
202300021606;1;7;2023;22:30;5;75;75109;2;5;1;2;RUE PIERRE FONTAINE;48,88214800;2,33372900
202300021607;1;7;2023;20:00;1;75;75108;2;1;1;6;RUE D AMSTERDAM;48,87833800;2,32697300
202300021610;1;7;2023;21:25;1;75;75101;2;3;1;3;BOULEVARD DE SEBASTOPOL;48,86292300;2,35069700
202300021618;20;4;2023;03:55;5;75;75109;2;2;1;6;RUE BLANCHE;48,87778600;2,33189800
202300021619;2;7;2023;12:20;1;92;92012;2;1;1;7;PONT DE SEVRES (ROND POINT DU);48,82867183;2,23006904
202300021621;21;4;2023;10:32;1;75;75120;2;1;8;7;BOULEVARD DE MENILMONTANT;48,86659300;2,38355900
202300021624;21;4;2023;19:30;1;75;75116;2;1;1;4;ROUTE DES TRIBUNES;48,86263300;2,23085500
202300021628;21;4;2023;18:50;1;75;75114;2;1;1;3;AVENUE DU GENERAL LECLERC;48,83265944;2,33107030
202300021631;20;4;2023;17:40;1;75;75105;2;2;1;6;BOULEVARD SAINT MARCEL;48,83680600;2,35185300
202300021635;21;4;2023;14:00;1;75;75110;2;1;1;7;RUE ALIBERT;48,87172500;2,36789600
202300021637;21;4;2023;18:30;1;75;75107;2;2;1;2;RUE DE L UNIVERSITE;48,86104900;2,31323800
202300021640;21;4;2023;19:15;1;75;75104;2;2;1;2;PONT D ARCOLE;48,85585100;2,35081600
202300021658;3;7;2023;12:30;1;39;39201;1;1;1;2;;46,65591500;5,79088100
202300021664;2;7;2023;02:10;3;34;34154;1;1;1;2;D62;43,55901400;4,03009400
202300021673;21;4;2023;18:55;1;92;92024;2;3;1;7;MARTRE (RUE) DE (59 A 109)   (58 A 120);48,90212166;2,30705649
202300021701;21;4;2023;19:08;1;76;76529;2;1;1;1;5a Rue des Tisserands;49,72743000;0,56224300
202300021706;2;7;2023;09:22;1;06;06141;1;1;1;7;D17;43,85801800;7,12422600
202300021707;22;4;2023;08:10;1;71;71016;1;3;1;3;Route de Peronne;46,43873300;4,76618300
202300021741;8;8;2023;19:00;1;65;65362;2;7;1;7;Place de la Gare;42,96285700; -0,06816600
202300021743;27;7;2023;11:50;1;69;69018;1;9;1;3;Route du Tacot;46,16388973;4,56916345
202300021749;7;8;2023;18:20;1;63;63209;2;3;1;6;Chemin du Bourly / D717 route d'Antoingt;45,48887400;3,16524300
202300021768;22;4;2023;09:20;1;60;60282;2;2;3;3;1 Rue Edmond Leveille;49,18438000;2,41339500
202300021771;7;8;2023;16:16;1;64;64405;2;6;1;3;RD 943;43,32288700; -0,29900200
202300021772;8;8;2023;10:28;1;43;43203;2;1;1;7;Chemin du Prat;45,13013600;4,05380500
202300021779;7;8;2023;20:03;2;85;85073;1;2;7;3;la RobliniÃ¨re;46,48794500; -1,17705000
202300021790;8;8;2023;13:45;1;38;38253;1;1;1;1;D1091;45,03397900;6,09170400
202300021805;20;4;2023;16:20;1;75;75115;2;3;1;7;RUE DES MORILLONS;48,83404200;2,29696800
202300021807;6;8;2023;16:30;1;04;04226;1;1;1;7;D908;44,32064000;6,60085200
202300021810;20;4;2023;08:49;1;75;75112;2;1;1;1;PORT DE LA RAPEE;48,84235000;2,37107000
202300021812;20;4;2023;18:57;1;75;75111;2;3;1;2;BOULEVARD RICHARD LENOIR;48,85407500;2,38267200
202300021852;4;8;2023;14:56;1;69;69383;2;2;1;6;Rue Paul Bert;45,75620000;4,84615000
202300021853;4;8;2023;10:30;1;69;69386;2;3;2;1;Rue Boileau;45,77071000;4,84869000
202300021889;4;8;2023;09:40;1;76;76217;2;1;1;3;GROULARD (CLAUDE);49,92316000;1,07316000
202300021896;3;8;2023;11:55;1;72;72181;2;9;2;3;DEMORIEUX (BD) ENTRE HUISNE ET RD-POINT;47,99430000;0,18539000
202300021921;6;8;2023;23:00;5;62;62193;2;9;1;3;Rue Salvador Allende;50,94822800;1,87846000
202300021938;3;8;2023;16:54;1;59;59350;2;2;1;3;Rue Jacquemars GiÃ©lÃ©e;50,63545000;3,05250000
202300021942;5;8;2023;08:15;1;56;56260;2;6;2;3;GIRATOIRE DU DR CADORET;47,66603000; -2,74875000
202300021944;10;3;2023;17:00;1;56;56098;2;1;2;3;CROIZAT ( AVE AMBROISE );47,77738400; -3,34476400
202300021947;30;5;2023;09:55;1;64;64495;2;6;1;3;D918;43,35550000; -1,55398600
202300021969;8;3;2023;12:20;1;37;37261;2;2;2;3;HUGO (RUE VICTOR);47,38605266;0,67216158
202300021980;30;5;2023;12:25;1;971;97103;2;9;1;3;Boulevard des Armees la Jaille;16,25457600; -61,55891200
202300021991;4;8;2023;09:05;1;47;47001;2;1;1;3;FOCH (PL. DU MARECHAL);44,20621000;0,61902000
202300022001;25;5;2023;21:15;2;95;95351;2;2;1;3;1 GARE (PLACE DE LA);49,05020100;2,50213900
202300022015;14;11;2023;19:50;5;13;13206;2;1;1;3;TROIS FRERES (RUE DES);43,29301000;5,38539000
202300022024;4;8;2023;17:25;1;35;35238;2;3;1;3;GRIMAULT (BD LEON);48,09136000; -1,65730000
202300022031;6;5;2023;15:30;1;38;38205;1;1;1;6;Route de Saint Donat;45,12464800;5,59047500
202300022066;24;7;2023;17:02;1;33;33009;2;3;1;6;DESBIEY (CRS) DU 99 ET +;44,65960000; -1,17282000
202300022074;6;8;2023;11:20;1;32;32013;1;1;1;3;BOIS DU COUGET (CHEMIN DU);43,62689000;0,58726000
202300022075;27;3;2023;06:30;3;74;74012;2;1;2;7;ARVE (QUAI D');46,18500000;6,22399000
202300022076;9;3;2023;18:48;5;76;76540;2;2;2;3;Rue Robert Schuman;49,43791000;1,10210000
202300022081;15;11;2023;12:45;1;75;75115;2;2;1;3;RUE DE LA CONVENTION;48,83925600;2,29193400
202300022082;28;1;2023;12:50;1;77;77243;2;4;1;1;D10;48,87554800;2,70162200
202300022087;10;3;2023;14:30;1;69;69013;2;1;1;1;Route DÃ©partementale 686;46,00464383;4,71964671
202300022090;16;11;2023;13:00;1;75;75113;2;1;3;3;BOULEVARD MASSENA;48,82128700;2,36821200
202300022098;10;3;2023;05:55;5;64;64102;2;3;1;6;BOUFFLERS (ALLEES);43,49301000; -1,47268000
202300022102;10;3;2023;08:25;1;63;63113;2;1;1;1;ITALIE (AVENUE DE L');45,78181000;3,09542000
202300022109;6;8;2023;11:29;1;29;29039;1;1;1;7;Stang Ar Lin;47,88531200; -3,90454800
202300022114;9;3;2023;11:00;1;57;57221;2;1;2;3;VERDUN (RUE DE);49,32184000;6,11254000
202300022117;16;11;2023;20:45;5;75;75107;2;1;1;1;QUAI ANATOLE FRANCE;48,86037100;2,32671900
202300022120;15;11;2023;19:30;5;75;75103;2;2;1;7;RUE DE BRETAGNE;48,86248500;2,36333400
202300022123;28;1;2023;13:15;1;44;44109;2;6;1;3;Place du 8 mai 1945;47,24336000; -1,55659000
202300022125;9;3;2023;16:45;1;55;55545;2;1;1;6;MONJARDIN ( ALLEE );49,14800000;5,39100000
202300022131;15;11;2023;16:45;2;94;94046;2;1;1;6;7 Avenue du GÃ©nÃ©ral de Gaulle;48,81385800;2,42141200
202300022140;28;1;2023;18:16;5;31;31555;2;1;1;3;ALL CHARLES DE FITTE;43,59952000;1,42969000
202300022147;15;11;2023;08:40;1;94;94033;2;6;1;3;Avenue Louison Bobet;48,85250184;2,49063697
202300022185;28;5;2023;02:20;5;83;83137;2;1;1;2;HERRIOT (AVE EDOUARD);43,12915000;5,89727000
202300022199;16;11;2023;09:15;1;92;92075;2;1;2;7;ANTOINE FRATACCI (RUE);48,82148725;2,28766716
202300022200;28;1;2023;01:05;5;75;75111;2;2;1;3;BOULEVARD VOLTAIRE;48,85469800;2,38537600
202300022205;10;3;2023;09:13;1;33;33069;2;3;6;3;Avenue PrÃ©sident Robert Schuman;44,85583000; -0,59477000
202300022207;28;1;2023;01:00;5;75;75101;2;1;1;6;AVENUE GENERAL LEMONNIER;48,86231386;2,33104616
202300022217;15;11;2023;11:20;1;92;92012;2;9;1;3;BONTEMPS (rue Marcel);48,82649769;2,23967546
202300022252;27;1;2023;15:45;1;91;91235;2;1;1;6;27 Rue Edouard Aubert;48,62260000;2,37137900
202300022259;28;5;2023;19:10;1;25;25056;2;1;1;2;BLUM BOULEVARD LEON (entre 51 ET  90);47,26123000;6,03469000
202300022261;11;3;2023;19:40;5;75;75120;2;4;2;7;RUE DES PYRENEES;48,86778700;2,39621000
202300022265;11;3;2023;18:55;2;75;75111;2;4;8;3;BOULEVARD VOLTAIRE;48,86238500;2,37250900
202300022268;11;3;2023;09:55;1;75;75110;2;2;1;6;RUE DU FAUBOURG SAINT DENIS;48,87282300;2,35442700
202300022271;27;5;2023;11:40;1;25;25056;2;1;1;6;FLEMING BOULEVARD;47,22579000;5,96542000
202300022278;11;3;2023;22:25;5;75;75101;2;2;2;3;BOULEVARD DE SEBASTOPOL;48,86058100;2,34935700
202300022280;11;3;2023;18:35;5;75;75101;2;2;1;7;RUE DE RIVOLI;48,86643800;2,32353800
202300022282;26;5;2023;17:30;1;17;17415;2;1;7;6;NATIONAL 1 A 67 ET 2 A 44 COURS;45,74734100; -0,63553200
202300022284;10;3;2023;23:10;5;75;75104;2;3;1;3;RUE DU RENARD;48,85985800;2,35275500
202300022303;16;11;2023;18:00;2;56;56147;1;1;1;2;La Garenne;47,53747100; -2,27088700
202300022356;11;3;2023;15:00;1;56;56164;2;6;1;3;26 Rue de Ker Anna;47,65682600; -2,86277800
202300022386;28;5;2023;18:25;1;75;75112;2;2;1;3;PONT DE BERCY;48,83866217;2,37575054
202300022389;12;3;2023;15:35;1;85;85104;1;1;2;7;VC rue saint-hilaire;46,39365100; -1,29394600
202300022415;28;1;2023;20:40;5;69;69383;2;2;1;6;Rue Docteur Paul Diday;45,75069000;4,87394000
202300022428;27;1;2023;04:25;5;69;69382;2;2;1;3;Quai Jules Courmont;45,76320000;4,83849000
202300022448;28;5;2023;15:45;1;92;92025;2;9;1;3;CHARLES DE GAULLE (BD);48,90975196;2,23532349
202300022457;11;3;2023;11:50;1;62;62056;2;2;1;3;D940;50,82063400;1,59572900
202300022460;17;1;2023;12:15;1;86;86066;2;2;8;3;Avenue de Richelieu;46,82281000;0,53307000
202300022468;14;11;2023;18:30;3;38;38189;1;1;3;3;D518z;45,63868500;5,05725100
202300022471;10;3;2023;09:00;1;75;75119;2;7;2;3;PLACE DU COLONEL FABIEN;48,87802600;2,37069600
202300022473;27;1;2023;15:00;1;76;76540;2;1;1;6;Boulevard de Verdun;49,44552918;1,10878882
202300022487;27;1;2023;14:30;1;64;64445;2;2;8;3;rue Carnot;43,29999000; -0,36979000
202300022488;10;3;2023;07:00;2;75;75113;2;3;2;3;RUE JEAN ANTOINE DE BAIF;48,82811500;2,38486200
202300022492;10;3;2023;20:55;5;75;75111;2;1;2;6;BOULEVARD VOLTAIRE;48,85565400;2,38375300
202300022496;15;11;2023;15:10;1;59;59034;2;6;1;3;D549;50,53435000;3,08494300
202300022499;10;3;2023;20:09;5;75;75108;2;1;1;6;AVENUE DES CHAMPS ELYSEES;48,87273772;2,29829103
202300022529;27;1;2023;17:15;2;35;35238;2;1;8;3;CLEMENCEAU (BD GEORGES);48,09323490; -1,67426169
202300022537;27;1;2023;20:07;5;33;33063;2;3;8;3;Rue Pere Dieuzaide;44,83924000; -0,58464000
202300022538;28;5;2023;12:10;1;49;49026;1;6;1;3;carrefour D961 - D 963;47,50921900; -0,80199700
202300022578;15;11;2023;18:20;2;69;69387;2;1;2;2;Avenue Jean JaurÃ¨s;45,73573000;4,83625000
202300022602;9;3;2023;18:28;3;67;67407;1;2;1;1;D29;48,74934500;7,90220600
202300022608;29;5;2023;15:50;1;24;24356;2;1;7;7;18 Route des TuiliÃ¨res;45,04646900;0,97619500
202300022617;28;5;2023;13:05;1;48;48146;1;4;1;3;Lieu dit sauveterre;44,40594100;3,43183800
202300022627;27;1;2023;16:10;1;75;75115;2;5;1;6;BOULEVARD DU MONTPARNASSE;48,84506800;2,31991800
202300022652;27;1;2023;16:35;1;75;75103;2;2;8;6;BOULEVARD SAINT MARTIN;48,86898600;2,35557600
202300022657;26;5;2023;14:35;1;91;91200;2;3;1;5;Rue de Bonniveau;48,53310700;2,00144800
202300022686;27;1;2023;08:40;1;92;92040;2;1;1;6;RODIN (BOULEVARD);48,82011000;2,26121000
202300022688;27;1;2023;17:20;1;92;92026;2;1;1;6;BELFORT;48,89529000;2,24661000
202300022690;29;5;2023;09:50;1;38;38349;1;2;1;3;Route de l?Ecluse;45,30795300;4,80167400
202300022723;15;11;2023;07:00;3;62;62270;1;1;1;7;D941;50,46526000;2,49703000
202300022750;15;11;2023;08:00;2;47;47001;2;6;1;3;9EME DE LIGNE (COURS DU);44,19508000;0,61231000
202300022765;19;12;2023;07:55;2;69;69266;2;1;5;3;Cours Emile Zola;45,76756206;4,89001231
202300022777;1;12;2023;16:00;1;62;62510;2;1;1;3;D58E4;50,42525000;2,79413000
202300022787;17;12;2023;15:30;1;59;59350;2;3;1;3;CHEMIN SAINT MARTIN RUE DU;50,64129000;2,97892000
202300022794;10;9;2023;13:40;1;64;64024;2;1;1;3;GENERAL LECLERC (PLACE DU);43,49474000; -1,52899000
202300022811;20;12;2023;16:30;2;41;41018;2;3;1;3;LAPLACE (RUE);47,60347000;1,33400000
202300022817;12;9;2023;20:30;5;59;59328;2;2;1;3;HIPPODROME AV DE L NÂ°237 AU389;50,64451000;3,02866000
202300022820;15;11;2023;11:50;1;75;75119;2;2;1;2;RUE DE LORRAINE;48,88508400;2,38377300
202300022821;16;12;2023;16:53;1;36;36044;2;1;1;3;;46,81739430;1,69703901
202300022824;20;12;2023;08:55;1;35;35238;2;1;1;2;TILLON (AVENUE CHARLES);48,12558000; -1,69682000
202300022834;8;9;2023;21:29;5;57;57491;2;3;1;3;TREHEMONT (ROUTE DE);49,25177000;6,05154000
202300022841;18;12;2023;10:39;1;21;21278;2;6;1;3;AHUY (D') (ROUTE);47,34704000;5,03491000
202300022844;11;9;2023;19:50;2;54;54274;2;1;1;3;Rue Gabriel FaurÃ©;48,67120857;6,21171176
202300022853;12;9;2023;08:47;1;51;51454;2;9;1;3;FARMAN (AVENUE HENRI);49,23670000;4,07110000
202300022857;17;12;2023;08:40;1;07;07186;2;3;1;3;MOBILES (BLD. DES);44,73619000;4,60125000
202300022872;12;9;2023;18:35;1;38;38516;2;4;1;3;CHARTREUSE (ROUTE DE) 34 A FIN;45,20782000;5,74152000
202300022885;20;12;2023;14:10;1;75;75120;2;1;1;3;AVENUE DU PROFESSEUR ANDRE LEMIERE;48,85835700;2,41462600
202300022886;11;9;2023;15:20;1;34;34003;2;1;1;3;MARCELLIN ALBERT (H15 A H16;43,30800000;3,47803000
202300022891;20;12;2023;17:10;5;75;75119;2;3;1;6;RUE AUGUSTIN THIERRY;48,87635500;2,39312400
202300022893;20;12;2023;16:53;2;75;75118;2;3;2;6;AVENUE DE SAINT OUEN;48,89041100;2,32660200
202300022895;7;9;2023;08:03;1;30;30189;2;3;1;3;Rue Docteur Calmette;43,82933357;4,36694473
202300022897;20;12;2023;12:15;1;75;75116;2;3;1;2;RUE PERGOLESE;48,87439200;2,28285000
202300022900;12;9;2023;21:00;5;25;25388;2;9;1;3;HOLLANDE (RUE DE LA PETITE);47,50380000;6,79513000
202300022907;7;9;2023;09:30;1;19;19031;2;3;1;3;RIBOT (AVENUE);45,16473000;1,51318000
202300022913;20;12;2023;00:09;5;75;75115;2;2;2;1;RUE DE VAUGIRARD;48,84442700;2,31769200
202300022923;20;12;2023;14:35;1;75;75102;2;2;1;6;RUE DE TURBIGO;48,86411500;2,35013260
202300022944;12;9;2023;07:55;1;75;75105;2;3;1;3;QUAI SAINT MICHEL;48,85375600;2,34429000
202300022945;20;12;2023;08:14;2;92;92026;2;6;1;3;JEAN MERMOZ (SQUARE ET PLACE);48,90255816;2,27459908
202300022951;12;9;2023;16:20;1;75;75114;2;3;2;6;AVENUE DU GENERAL LECLERC;48,82878642;2,32774615
202300022957;12;9;2023;18:30;1;75;75114;2;1;8;3;RUE BOISSONADE;48,83830000;2,33200000
202300022960;12;9;2023;11:50;1;75;75112;2;2;3;1;QUAI DE LA RAPEE;48,84348300;2,37069300
202300022962;11;9;2023;19:00;1;75;75112;2;2;1;1;CARREFOUR DE PATTE D OIE;48,82210000;2,44200000
202300022972;12;9;2023;18:20;1;75;75104;2;2;8;2;RUE DE RIVOLI;48,85594200;2,35796600
202300022987;10;6;2023;05:45;2;93;93048;2;2;1;6;Avenue Walwein / Rue Franklin;48,86233000;2,44393000
202300022991;20;12;2023;10:50;1;29;29024;2;1;1;6;Rue de la Madeleine;48,27129000; -3,57563700
202300023006;20;12;2023;15:50;1;85;85172;1;1;1;6;RD 59;46,79862300; -1,97846300
202300023021;12;9;2023;07:39;1;84;84088;1;2;1;3;Chemin de Prato-plage;44,02218000;5,04741300
202300023027;20;12;2023;19:10;5;971;97125;1;2;1;2;nationale 4;16,25627500; -61,28974200
202300023035;8;9;2023;08:50;1;59;59624;2;1;1;2;D76;50,03165600;3,29432700
202300023046;13;9;2023;12:30;1;2B;2B049;1;1;1;7;Route dÃ©partementale 81B;42,48969400;8,68460700
202300023051;11;9;2023;06:39;3;22;22204;1;1;1;2;D8;48,69626700; -3,21809000
202300023052;19;12;2023;16:07;1;69;69143;2;9;1;3;53 Avenue Carnot;45,88633700;4,83137200
202300023059;13;9;2023;14:40;1;84;84075;1;1;1;7;route de sault;44,01313831;5,24676098
202300023060;9;9;2023;12:30;1;84;84005;1;1;1;2;D164;44,14215100;5,34137200
202300023063;12;9;2023;16:15;1;58;58147;2;1;1;1;Le Bourg;47,15972300;3,38574700
202300023080;12;9;2023;16:17;1;88;88408;1;2;1;3;4 Route du ChÃªne;47,90707600;6,68116300
202300023160;13;10;2023;23:20;5;75;75119;2;3;2;3;AVENUE DE FLANDRE;48,88837600;2,37413600
202300023162;12;10;2023;21:05;5;75;75116;2;1;1;6;AVENUE DE L HIPPODROME;48,86064700;2,24062900
202300023168;13;10;2023;09:00;1;75;75115;2;1;1;7;BOULEVARD LEFEBVRE;48,83036400;2,29399300
202300023172;19;4;2023;16:25;1;74;74278;2;6;1;2;avenue des vallÃ©es;46,08233600;6,53827600
202300023203;13;10;2023;16:20;1;94;94002;2;1;1;6;Rue Joffrin;48,80009800;2,42708500
202300023220;27;6;2023;08:00;1;59;59368;2;2;1;3;PRE CATELAN RUE DU;50,65541400;3,06043900
202300023221;13;10;2023;06:20;5;93;93008;2;1;1;1;BARBUSSE (AVENUE HENRI) A30;48,90535000;2,42093000
202300023225;1;7;2023;18:00;1;50;50066;2;1;1;3;GRACE DE DIEU (RUE);48,80346000; -1,56765000
202300023233;1;7;2023;14:05;1;35;35238;2;1;8;2;MANOIR DE SERVIGNE (DU);48,10237000; -1,72579000
202300023234;13;10;2023;12:00;1;92;92020;2;3;1;3;BOIN RUE JEAN;48,80929481;2,28535652
202300023237;12;10;2023;09:15;1;92;92012;2;1;2;3;DENFERT ROCHEREAU (RUE);48,84605598;2,24413490
202300023251;1;7;2023;14:37;1;10;10387;2;1;2;1;PREMIER RAM (RUE DU);48,29270000;4,07230000