Num_Acc;jour;mois;an;hrmn;lum;dep;com;agg;int;atm;col;adr;lat;long
202300023253;1;7;2023;19:00;1;07;07281;1;1;1;2;PLAINE (CHEMIN DE LA);44,94797000;4,85813000
202300023255;14;10;2023;05:45;2;974;97412;2;1;1;2;31 Rue Hippolyte Foucque; -21,37442700;55,62345200
202300023273;1;7;2023;15:00;1;75;75103;2;7;1;3;PLACE DE LA REPUBLIQUE;48,86734400;2,36336100
202300023275;30;6;2023;18:35;1;75;75104;2;4;1;2;QUAI DES CELESTINS;48,85200400;2,36114600
202300023302;14;10;2023;16:37;1;39;39038;1;1;1;3;Route de la Plaine;46,54865700;5,70737600
202300023306;2;7;2023;12:20;1;56;56189;1;1;1;3;D724;47,92325200; -2,71285000
202300023352;1;7;2023;17:50;1;06;06019;1;6;1;1;D21;43,76844300;7,33165100
202300023353;13;10;2023;16:20;1;68;68278;2;1;1;1;Rue du Luxembourg;47,74627900;7,41646500
202300023354;2;7;2023;17:45;1;04;04096;1;1;1;7;Route de Restefond la Bonette;44,37399700;6,78254500
202300023366;1;7;2023;09:18;1;14;14530;1;6;1;3;2 Route du Pont de Ranville;49,23953400; -0,26334500
202300023409;30;6;2023;07:45;1;86;86066;1;6;1;3;D161;46,78614200;0,54650500
202300023425;29;6;2023;16:10;1;67;67482;2;3;1;3;GARE AUX MARCHANDISES (RUE DE LA);48,59162000;7,73369000
202300023426;30;6;2023;20:45;2;64;64102;2;6;1;3;MARAIS (ROND POINT DES);43,49091000; -1,49537000
202300023428;30;5;2023;14:50;1;62;62523;2;3;1;3;D917;50,44029000;2,84880000
202300023446;9;10;2023;12:45;1;974;97411;2;4;1;1;GUADELOUPE (DE LA); -20,90401000;55,49490000
202300023450;11;10;2023;23:10;3;973;97302;2;1;1;2;BADUEL (ROUTE DE);4,92920000; -52,30232000
202300023465;11;10;2023;10:45;1;84;84007;2;3;1;3;TARASCON ( Avenue de);43,92664000;4,80950000
202300023470;11;10;2023;18:00;1;77;77114;2;1;1;3;D216;48,72191053;2,65263855
202300023473;12;10;2023;07:20;5;77;77058;2;6;1;3;EUROPE (AVENUE DE L' );48,83117000;2,70671000
202300023481;12;10;2023;16:45;1;64;64102;2;1;1;7;MAUBEC (RUE);43,50117000; -1,46733000
202300023482;19;4;2023;16:25;1;94;94041;2;1;1;3;Rue Pierre et Marie Curie;48,81349000;2,37175000
202300023499;12;10;2023;09:30;2;62;62193;2;1;2;3;Avenue du PrÃ©sident Wilson;50,95271000;1,85096000
202300023505;11;10;2023;08:30;2;59;59291;2;1;1;3;USINES (RUE DES);50,24798000;3,90190000
202300023509;12;10;2023;09:00;1;59;59350;2;1;1;3;RUE MADELEINE REBERIOUX;50,62851000;3,07931000
202300023516;20;4;2023;17:30;1;51;51507;2;2;2;3;Route Royale;49,09319900;4,91609700
202300023522;11;10;2023;12:37;1;54;54395;2;1;1;3;Rue Charles Keller;48,70274000;6,17532000
202300023541;10;10;2023;21:45;5;51;51454;2;2;1;3;PAIX (BOULEVARD DE LA);49,25158470;4,04159617
202300023543;13;4;2023;11:09;1;03;03142;2;1;2;6;place de l'Ã©glise;46,29791100;3,81618300
202300023555;12;10;2023;10:20;1;38;38185;2;8;1;3;MARCELIN BERTHELOT (AVENUE);45,17628000;5,73199000
202300023567;21;4;2023;10:50;1;34;34199;2;3;8;3;373 Avenue GÃ©nÃ©ral de Gaulle;43,45315600;3,41422100
202300023570;19;4;2023;16:30;1;68;68036;1;6;1;3;D52;48,03305100;7,56089000
202300023628;14;4;2023;05:00;3;40;40281;2;3;1;2;KENNEDY (AV DU PDT. JOHN FIDGERALD);43,87440000; -0,49245000
202300023638;19;4;2023;16:15;1;35;35055;2;6;1;3;PARC (RUE DU);48,08800000; -1,60857000
202300023646;19;4;2023;08:35;1;35;35238;2;4;7;1;LORIENT (DE);48,10797446; -1,70294791
202300023685;19;4;2023;18:15;1;75;75106;2;2;1;3;QUAI DES GRANDS AUGUSTINS;48,85132000;2,34041000
202300023692;19;4;2023;09:00;1;75;75120;2;2;1;3;AVENUE DE LA PORTE DES LILAS;48,87709900;2,40690000
202300023699;2;8;2023;16:45;1;75;75106;2;3;1;3;QUAI DES GRANDS AUGUSTINS;48,85428000;2,34316600
202300023702;19;4;2023;13:50;1;75;75115;2;2;1;5;AVENUE EMILE ZOLA;48,84696400;2,29435300
202300023704;6;8;2023;18:45;1;75;75119;2;3;1;1;RUE D HAUTPOUL;48,88184800;2,38839400
202300023705;19;4;2023;07:45;1;75;75113;2;1;1;3;BOULEVARD DE L HOPITAL;48,84231100;2,36353100
202300023709;19;4;2023;08:40;1;75;75110;2;3;1;3;BOULEVARD DE MAGENTA;48,87318800;2,35884300
202300023711;18;4;2023;12:22;1;75;75108;2;2;1;1;RUE DE ROME;48,87805200;2,32261000
202300023714;19;4;2023;17:50;1;75;75104;2;1;1;3;BOULEVARD HENRI IV;48,85169900;2,36434700
202300023720;3;8;2023;11:00;1;75;75116;2;2;1;3;AVENUE VICTOR HUGO;48,87113400;2,28885600
202300023736;19;4;2023;10:00;1;92;92046;2;1;1;6;PIERRE LAROUSSE (AVENUE);48,82197718;2,30391361
202300023737;5;8;2023;23:50;5;75;75109;2;2;2;6;RUE CADET;48,87581500;2,34369100
202300023740;5;8;2023;20:40;1;75;75109;2;2;1;6;BOULEVARD DE CLICHY;48,88235000;2,33697000
202300023751;3;8;2023;12:57;1;75;75107;2;4;8;6;RUE DE BABYLONE;48,85172800;2,32437600
202300023758;3;8;2023;15:20;1;75;75103;2;2;2;1;RUE DE TURENNE;48,86200500;2,36466400
202300023765;6;8;2023;11:00;1;94;94073;2;3;1;1;Avenue LÃ©on Marchand;48,76643000;2,38648000
202300023778;19;4;2023;17:45;1;33;33311;2;1;1;1;CÃ´te de Bourbon;44,68587900; -0,36081100
202300023784;19;4;2023;06:02;2;02;02820;2;2;1;3;1 Rue Jean JaurÃ¨s;49,63111300;3,24316100
202300023792;20;4;2023;09:15;1;50;50209;1;1;1;3;Route du Hamel Es Ronches;49,64525600; -1,45639100
202300023795;3;8;2023;16:25;1;93;93066;2;1;3;3;Rue d'Eaubonne;48,94508285;2,37383936
202300023804;11;3;2023;11:10;1;01;01185;2;3;2;1;rue de l'Ã©glise;45,89348400;5,59763100
202300023823;27;5;2023;13:55;1;973;97302;2;3;1;3;REPUBLIQUE (BD DE LA);4,93739888; -52,32509288
202300023837;8;3;2023;08:45;1;974;97407;2;9;1;3;14 JUILLET 1789(AVENUE DU); -20,93218000;55,29450000
202300023840;5;8;2023;06:35;1;92;92035;2;3;1;3;Joffre ( avenue );48,90543000;2,24437000
202300023845;9;3;2023;08:30;1;69;69388;2;2;1;3;Rue Professeur Beauvisage;45,72756000;4,86198000
202300023854;3;8;2023;21:35;5;92;92009;2;3;2;3;BOURGUIGNONS ( RUE 33 A FIN );48,91387145;2,27363527
202300023857;3;8;2023;19:00;1;92;92004;2;1;2;2;ARGENTEUIL AV D';48,91387000;2,28347000
202300023871;24;1;2023;18:00;5;51;51043;2;6;1;3;Rue dâIsles sur Suippe;49,36031800;4,17900000
202300023873;26;5;2023;18:05;1;69;69264;2;1;7;3;Route de Frans;45,98496000;4,73038000
202300023888;27;5;2023;16:45;1;67;67218;2;3;1;3;FORT UHRICH (ROUTE DU);48,51250000;7,71810000
202300023894;27;5;2023;10:10;1;67;67267;2;3;1;3;SPORTS (RUE DES);48,56377000;7,68967000
202300023916;9;3;2023;07:00;2;65;65440;2;6;1;3;ALSACE LORRAINE (AVENUE);43,24095000;0,07364300
202300023922;1;8;2023;10:40;1;63;63001;1;6;1;3;RD2009/2019--giratoire;46,00945200;3,19727900
202300023957;9;3;2023;09:05;1;59;59350;2;1;2;2;Pont LÃ©on Jouhaux;50,63650000;3,03691000
202300023960;8;3;2023;15:00;1;59;59350;2;9;2;3;TOURNAI PONT DE;50,62197000;3,08866000
202300023970;26;1;2023;07:30;3;44;44066;1;1;2;2;Route de la paquelais;47,35251800; -1,65925700
202300023988;9;3;2023;19:30;5;37;37261;2;4;1;3;GARE DU CANAL (QUAI DE LA);47,39656000;0,70358000
202300024015;9;3;2023;18:25;1;33;33192;2;4;2;3;AllÃ©e Flora;44,76910000; -0,59709000
202300024030;25;1;2023;08:50;1;69;69387;2;3;1;3;Avenue Jean JaurÃ¨s;45,73136000;4,83361000
202300024031;7;3;2023;08:00;1;29;29019;2;6;2;2;avenue de Provence;48,40776231; -4,51321274
202300024039;9;3;2023;13:10;1;25;25056;2;2;1;3;EDISON RUE THOMAS;47,23552700;5,98273900
202300024067;9;3;2023;11:40;1;75;75118;2;2;1;3;BOULEVARD BARBES;48,88835000;2,34961100
202300024070;27;5;2023;21:58;5;75;75105;2;3;1;1;BOULEVARD SAINT MICHEL;48,85137500;2,34320200
202300024080;8;3;2023;09:45;1;75;75114;2;2;8;1;BOULEVARD BRUNE;48,82304200;2,32548800
202300024087;9;3;2023;09:25;1;75;75113;2;3;1;3;RUE JEAN ANTOINE DE BAIF;48,82806877;2,38483250
202300024093;26;1;2023;17:55;2;64;64445;2;1;1;3;rue NoguÃ©;43,29934000; -0,37120000
202300024096;4;8;2023;16:45;1;42;42302;1;1;1;2;Chemin de la Buanderie;45,48324400;4,45983200
202300024107;9;3;2023;09:15;1;75;75111;2;3;8;3;BOULEVARD RICHARD LENOIR;48,85545165;2,37047732
202300024119;19;1;2023;10:32;1;35;35288;2;2;1;3;PORTES CARTIERS (LIEU DIT LES);48,66261000; -1,98333000
202300024128;2;8;2023;10:50;1;34;34074;2;1;1;1;Chemin du Moulin Neuf;43,45163800;3,05061000
202300024130;9;3;2023;09:30;1;75;75108;2;2;8;3;PLACE DE LA CONCORDE;48,86678200;2,32209700
202300024133;14;11;2023;08:40;1;75;75118;2;2;8;3;BOULEVARD BARBES;48,88835200;2,34958400
202300024134;8;3;2023;09:10;1;75;75101;2;1;2;7;VOIE GEORGES POMPIDOU;48,85668000;2,34835000
202300024146;27;5;2023;11:49;1;92;92048;2;4;1;2;LARRIS (RUE DES);48,80875623;2,24462762
202300024170;15;11;2023;09:25;1;75;75107;2;2;1;3;QUAI D ORSAY;48,86282800;2,31346600
202300024172;25;1;2023;14:40;1;10;10387;2;2;1;3;PAIX (RUE DE LA);48,30900000;4,06100000
202300024187;9;3;2023;08:10;1;92;92072;2;1;1;1;GRANDE RUE;48,82422000;2,21254000
202300024189;14;11;2023;19:10;5;94;94015;2;1;2;1;Quai Louis Ferber;48,83134500;2,51677600
202300024222;7;3;2023;17:40;2;972;97223;2;4;1;1;Route dÃ©partementale 6;14,55846500; -60,94280400
202300024234;26;1;2023;17:23;2;93;93073;2;2;2;3;Avenue Lavoisier / Avenue Gilbert Berger;48,95288000;2,58949000
202300024250;26;1;2023;07:55;2;93;93006;2;2;1;3;Avenue de Stalingrad / Rue Jeanne Hornet;48,87425000;2,42804000
202300024273;26;1;2023;19:30;3;51;51527;1;1;8;1;D28;49,25804910;3,78746688
202300024275;15;11;2023;18:50;5;68;68145;2;1;1;3;38 Grand'Rue;48,08137800;7,39232400
202300024280;28;5;2023;10:45;1;63;63239;2;1;1;3;dÃ©partemental 9;45,70315800;3,35742800
202300024298;26;1;2023;10:50;1;29;29062;1;1;1;6;Penc?hoad;48,16287600; -4,01139400
202300024335;28;5;2023;11:47;1;02;02382;1;1;1;3;;49,85113200;3,20282100
202300024347;26;1;2023;10:30;1;987;98749;2;9;1;7;village; -14,67300000; -144,89700000
202300024355;15;11;2023;10:30;1;17;17003;1;6;1;2;D939;46,10333700; -0,94054300
202300024385;9;3;2023;17:18;1;38;38474;1;1;1;2;Route de Villard de Lans;45,22270700;5,65139300
202300024389;15;11;2023;18:55;3;84;84067;2;1;1;2;1469 route de carpentras;44,06874000;5,01973300
202300024391;10;3;2023;15:20;1;26;26220;2;9;1;1;69 Route de Montelimar;44,36486300;5,12599600
202300024411;9;3;2023;16:00;1;59;59497;1;2;2;7;1 rue du mont d'hiver;50,71358400;2,37041800
202300024445;27;5;2023;09:45;1;38;38236;2;3;1;7;Chemin du Verney;45,40484600;5,69200700
202300024460;8;3;2023;10:30;1;91;91514;2;6;2;3;RTE DE BRUNOY;48,67817000;2,52710000
202300024467;27;5;2023;16:10;1;22;22260;1;1;1;5;Lohan;48,23746500; -2,90005800
202300024493;12;9;2023;12:05;1;84;84119;2;6;1;1;Avenue de la RÃ©tanque;43,95688900;4,93085000
202300024500;8;3;2023;10:00;1;67;67482;2;1;1;3;VICTOIRE (BOULEVARD DE LA);48,58228800;7,76529200
202300024527;6;3;2023;13:50;1;51;51454;2;1;1;6;rue de Mulhouse;49,24503000;4,01696000
202300024537;23;2;2023;17:15;1;73;73011;2;6;1;3;SAINTE THERESE (AVENUE);45,66703000;6,38151000
202300024539;20;8;2023;12:15;1;74;74082;1;2;7;1;961 Route de la croisette;46,13696500;6,16130200
202300024545;26;5;2023;14:00;1;69;69386;2;2;1;1;Rue Sully;45,77110000;4,84850000
202300024549;8;3;2023;15:40;1;38;38185;2;1;8;3;Rue de Stalingrad;45,17147000;5,72414000
202300024554;2;8;2023;09:30;1;74;74033;1;1;1;7;Route des avanchy;46,35237800;6,63893900
202300024577;8;3;2023;15:20;1;31;31483;2;6;1;3;D 5;43,09522000;0,73650000
202300024588;26;5;2023;15:55;1;86;86194;2;1;1;7;Avenue de l'Europe;46,59215300;0,34800800
202300024591;26;5;2023;13:50;1;83;83137;2;1;1;3;CHARCOT (QUAI JEAN);43,12830000;5,90052000
202300024608;19;4;2023;15:55;1;62;62765;2;3;1;3;D209;50,75952000;2,27916000
202300024609;14;11;2023;18:20;5;69;69388;2;2;2;1;Avenue GÃ©nÃ©ral FrÃ¨re;45,72685111;4,88542132
202300024612;11;7;2023;08:45;1;74;74173;2;9;1;6;Route edmond de rothschild;45,85991300;6,63061400
202300024627;11;9;2023;14:05;1;75;75119;2;4;1;6;QUAI DE L OISE;48,89050900;2,38312800
202300024634;11;9;2023;12:00;1;75;75118;2;4;1;2;RUE RAMEY;48,88707500;2,34754300
202300024640;19;12;2023;20:25;5;69;69275;2;1;1;2;Rue ElisÃ©e Reclus;45,74807000;4,93773000
202300024649;11;9;2023;08:15;1;75;75109;2;1;1;7;RUE BLANCHE;48,87937200;2,33142700
202300024651;10;9;2023;23:45;5;75;75109;2;3;1;6;BOULEVARD MONTMARTRE;48,87148200;2,34308000
202300024655;11;9;2023;18:41;1;75;75107;2;1;1;3;AVENUE DE SUFFREN;48,85523500;2,29454900
202300024658;11;9;2023;16:50;1;75;75101;2;1;1;3;RUE JEAN JACQUES ROUSSEAU;48,86439100;2,34415700
202300024662;2;10;2023;12:19;1;87;87085;2;1;1;7;COUTURES (AVENUE DES);45,83590000;1,26952000
202300024674;13;11;2023;19:15;2;84;84007;2;1;1;3;DALADIER (Pont);43,95079000;4,80222000
202300024675;18;8;2023;00:15;5;93;93070;2;1;1;2;Quai de Seine;48,91670273;2,32610534
202300024680;12;11;2023;10:37;1;84;84007;2;6;1;3;PIERRE SEMARD (avenue);43,93933000;4,82126000
202300024689;19;12;2023;08:00;2;49;49007;2;1;1;3;PATTON AVENUE;47,47310000; -0,60237000
202300024729;14;11;2023;17:50;5;69;69256;2;1;2;3;Route de Genas;45,74836704;4,92028606
202300024749;13;11;2023;07:40;2;63;63300;1;9;1;3;RD227 / chemin des PÃªchers;45,90778000;3,09437000
202300024751;19;12;2023;15:30;1;10;10387;2;1;1;7;TURENNE (RUE DE);48,29423000;4,07262000
202300024768;13;11;2023;18:40;5;56;56121;2;6;8;3;FAOUEDIC ( AVE DU );47,74780000; -3,36494000
202300024771;14;11;2023;18:50;5;54;54395;2;1;2;3;Rue Saint-LÃ©on;48,68841000;6,17341000
202300024776;19;12;2023;19:35;5;75;75106;2;1;2;3;RUE DE RENNES;48,84523100;2,32521700
202300024786;14;11;2023;08:00;2;51;51454;2;2;8;3;HOURLIER (RUE LEON);49,26516600;4,02896300
202300024794;19;12;2023;12:35;1;75;75115;2;1;1;5;RUE DE LA CROIX NIVERT;48,84046900;2,29075100
202300024799;19;12;2023;12:05;1;75;75115;2;3;1;3;RUE LINOIS;48,84852800;2,28285800
202300024820;11;9;2023;16:30;1;86;86294;2;2;1;3;Place Francois Albert;46,63895600;0,16551100
202300024827;11;9;2023;19:50;2;60;60015;2;6;1;7;Rue Roger Salengro;49,32550000;2,32547000
202300024837;11;9;2023;13:45;1;59;59034;2;1;1;3;Rue du Croquet;50,52291900;3,08709100
202300024841;19;12;2023;08:45;1;92;92046;2;1;8;6;PIERRE BROSSOLETTE;48,81821680;2,30856478
202300024851;14;11;2023;19:02;2;33;33281;2;6;2;3;Avenue de Bourranville;44,84340713; -0,63200891
202300024858;14;11;2023;10:00;1;33;33529;2;1;1;3;MARIOLAN (CH. DE);44,64736900; -1,15613400
202300024862;13;11;2023;22:20;5;29;29019;2;6;1;3;place Albert Premier;48,39813800; -4,48901900
202300024865;13;11;2023;07:40;5;29;29019;2;8;3;3;rue Dupuy de Lome;48,38896900; -4,51488700
202300024874;28;6;2023;17:54;1;74;74010;1;1;1;7;Route de cuvat;45,95960100;6,11847300
202300024888;9;11;2023;18:25;3;17;17306;2;9;2;3;HEDDE (AVENUE DANIEL);45,63186000; -1,03194000
202300024898;17;6;2023;11:53;1;74;74136;1;1;1;1;Route de la colombiÃ¨re;45,97620000;6,46509500
202300024902;12;6;2023;10:40;1;74;74147;2;9;1;3;Route du bout du lac_;45,79144500;6,21331600
202300024919;19;12;2023;11:15;1;71;71240;1;1;8;2;RD 980;46,41074500;4,65850400
202300024929;10;9;2023;17:00;1;69;69266;2;4;1;4;Rue du 4 AoÃ»t 1789;45,76607000;4,90163000
202300024946;4;9;2023;15:00;1;44;44055;2;1;1;3;26 Boulevard du Docteur RenÃ© Dubois;47,28092000; -2,38372000
202300024956;20;12;2023;13:50;1;29;29005;1;1;2;2;Beg Saint Ouarneau;47,84847512; -3,62487573
202300024992;18;12;2023;08:00;2;69;69383;2;2;8;3;Avenue FÃ©lix Faure;45,75290000;4,85358000
202300024994;18;12;2023;11:45;1;69;69389;2;1;1;3;25 Rue JoannÃ¨s Carret;45,79245000;4,81814000
202300024996;18;12;2023;08:10;1;2B;2B033;2;9;7;3;CIMETIERE;42,69000000;9,45000000
202300025020;18;12;2023;08:40;1;64;64445;2;2;2;3;BAREGES DE;43,29424000; -0,35901000
202300025032;13;12;2023;15:50;1;42;42187;2;1;2;-1;D207;46,03305000;4,07884000
202300025033;18;12;2023;07:35;2;37;37195;2;6;1;3;;47,38660000;0,65086000
202300025042;13;12;2023;08:20;2;27;27299;2;1;2;3;BRIAND (AVENUE ARISTIDE);49,04971800;1,16460990
202300025047;29;6;2023;19:40;1;44;44109;2;1;1;3;2 Boulevard Ernest Dalby;47,22835000; -1,52635000
202300025059;30;6;2023;12:10;1;06;06027;2;2;1;3;VIAL RUE DU CAPITAINE DE FREGATE;43,65775500;7,16899600
202300025065;29;6;2023;13:20;1;75;75116;2;1;1;3;AVENUE DE LA GRANDE ARMEE;48,87678300;2,28558300
202300025068;30;6;2023;15:11;1;75;75111;2;1;1;3;BOULEVARD VOLTAIRE;48,85500500;2,38481200
202300025071;30;6;2023;22:30;5;93;93055;2;3;1;3;Avenue Jean Lolive / Rue Charles Nodier;48,89086310;2,40144879
202300025072;30;6;2023;10:15;1;93;93051;2;6;1;3;Route de Neuilly / Boulevard du Mont d'Est;48,84310000;2,54361000
202300025075;30;6;2023;15:05;1;93;93071;2;1;1;3;Avenue Salvador Allende;48,94828912;2,52988867
202300025083;1;7;2023;09:10;1;67;67548;2;6;1;3;D30;48,64283400;7,60189500
202300025107;1;7;2023;10:10;1;30;30210;2;3;1;1;219 Route d'Anduze;43,91364600;4,00363700
202300025117;27;6;2023;13:00;1;34;34240;1;3;1;1;2 rue renÃ© salvador;43,61813200;3,95731500
202300025118;1;7;2023;13:00;1;13;13084;1;1;1;7;D67a;43,70954800;5,29060400
202300025122;30;6;2023;14:45;1;63;63470;1;1;1;3;RD 986;45,86503100;3,01523200
202300025150;18;6;2023;20:17;4;974;97411;2;3;1;3;BOIS DE NEFLES (ROUTE DE); -20,90364000;55,47820000
202300025157;30;6;2023;00:10;5;69;69385;2;1;2;7;Rue des MacchabÃ©es;45,75570000;4,81525000
202300025173;30;6;2023;00:10;5;59;59368;2;2;1;1;DE GAULLE RUE DU GENERAL;50,65772738;3,07380080
202300025177;29;6;2023;17:00;1;47;47323;2;2;1;1;ABIDJAN;44,42211000;0,70871000
202300025180;7;5;2023;19:01;1;44;44184;2;5;1;6;1 Rue Michel de Montaigne;47,28647000; -2,21847000
202300025191;29;6;2023;19:00;1;29;29232;2;2;1;3;Rue Laennec;47,99496559; -4,10809360
202300025215;12;10;2023;07:45;2;31;31555;2;1;1;3;AV JEAN CHAUBET;43,60461000;1,47543000
202300025216;29;6;2023;12:00;1;75;75120;2;1;8;1;AVENUE GAMBETTA;48,86347600;2,38983200
202300025228;28;6;2023;23:00;5;75;75111;2;2;1;1;RUE DE CHARONNE;48,85575800;2,39132700
202300025231;29;6;2023;14:40;1;75;75110;2;3;1;6;RUE DES ECLUSES SAINT MARTIN;48,87734300;2,36582800
202300025233;29;6;2023;10:00;1;75;75110;2;3;1;3;BOULEVARD SAINT MARTIN;48,86795100;2,36238200
202300025236;29;6;2023;13:23;1;75;75107;2;5;1;6;QUAI D ORSAY;48,86258800;2,31902200
202300025242;29;6;2023;09:30;1;93;93048;2;9;1;3;Boulevard Aristide Briand;48,87262449;2,45331639
202300025245;29;6;2023;10:25;1;92;92075;2;1;1;2;LYCEE (BOULEVARD DU);48,82252000;2,28476000
202300025284;11;10;2023;23:37;5;75;75101;2;2;1;6;BOULEVARD DE SEBASTOPOL;48,86007500;2,34909000
202300025288;11;10;2023;22:45;3;94;94068;2;2;1;3;Rue Garnier PagÃ¨s;48,80011100;2,49730100
202300025312;11;10;2023;09:10;1;92;92050;2;6;8;3;NERUDA PABLO RUE;48,89568222;2,21584193
202300025313;12;10;2023;09:07;1;92;92048;2;1;3;3;PARIS (RUE DE) NÂ° 12 A 164;48,81440703;2,24675596
202300025314;12;10;2023;21:10;5;92;92026;2;9;1;3;STRASBOURG;48,89101128;2,24777484
202300025332;13;10;2023;15:15;1;71;71450;1;1;1;7;Route de Quincy;46,91699400;4,51518800
202300025335;13;10;2023;07:55;2;42;42149;2;6;1;2;Route de St Etienne;45,63843000;4,23592700
202300025340;12;10;2023;12:00;1;39;39013;2;3;1;1;Route de Villette;46,91333100;5,76722540
202300025352;10;10;2023;16:25;1;14;14431;1;1;1;2;D40;49,05655200; -0,11990500
202300025355;12;10;2023;10:10;1;64;64539;1;1;1;3;950 Route de Saint-Jean-Pied-de-Port;43,27317500; -1,02976400
202300025364;12;10;2023;15:15;1;49;49323;1;6;1;3;Rond point D323 - Avenue des Carreaux;47,50886400; -0,47114600
202300025376;13;10;2023;11:15;1;34;34199;2;6;1;3;D913;43,45100300;3,41661900
202300025383;11;10;2023;07:15;3;31;31395;1;1;1;2;avenue pic d'estats;43,42372800;1,30352100
202300025405;22;7;2023;16:25;1;35;35238;2;1;1;6;SAINT-GERMAIN (PLACE);48,11055000; -1,67626000
202300025408;11;10;2023;15:30;1;69;69389;2;2;1;3;23 Quai du Commerce;45,78050100;4,80907008
202300025415;10;10;2023;07:30;1;83;83069;2;1;1;6;Route de Toulon;43,12623000;6,09879000
202300025420;11;7;2023;17:35;1;74;74281;2;1;3;3;GENEVE (AVE DE) JUSQUE CROISEE ANTHY;46,35500000;6,44700000
202300025425;10;10;2023;20:05;5;63;63245;2;2;1;3;SANITAS LOUIS (RUE);45,89469253;3,09491515
202300025429;11;10;2023;15:30;1;58;58194;2;3;1;3;PONT DE LOIRE;46,98186000;3,16034000
202300025431;11;10;2023;15:45;1;53;53130;2;1;1;6;PARIS ( RUE DE );48,07126000; -0,76226000
202300025454;20;4;2023;13:15;1;44;44172;2;6;1;3;170 Route de ThouarÃ©;47,25788349; -1,46222770
202300025455;19;4;2023;15:05;1;29;29103;2;6;1;7;Pont de l'Europe;48,44986027; -4,26536783
202300025470;18;4;2023;18:40;1;69;69387;2;1;1;6;Rue Pasteur;45,73325573;4,82095782
202300025483;18;4;2023;08:00;1;81;81004;2;2;1;3;THOMAS (AV ALBERT);43,94300000;2,14996000
202300025503;5;8;2023;15:35;1;01;01447;2;1;1;7;Route de Neuville;46,18843900;5,39719500
202300025510;6;8;2023;10:05;1;26;26146;1;1;1;2;Route de MontÃ©limar;44,44965500;4,94407300
202300025524;4;8;2023;15:00;1;05;05114;2;1;2;5;D41;44,59484100;6,36533800
202300025543;14;4;2023;13:00;1;50;50129;2;1;2;7;BROSSOLETTE (RUE PIERRE);49,63296000; -1,59046000
202300025551;18;4;2023;20:40;2;45;45234;2;2;1;3;23bis Rue Croix de Bois;47,89975000;1,89782000
202300025558;3;8;2023;12:00;1;40;40310;2;6;1;3;giratoire intersection  D50 / D116;43,75650800; -1,32524200
202300025566;18;4;2023;13:20;1;33;33318;2;6;1;3;AllÃ©e des Tulipes;44,78996000; -0,63451000
202300025588;16;4;2023;12:05;1;19;19031;2;2;1;3;SEMARD (AVENUE PIERRE) A PARTIR DE NÂ° 75;45,15740000;1,52375000
202300025606;18;4;2023;18:30;2;75;75115;2;2;2;3;RUE DE VAUGIRARD;48,84551600;2,31916300
202300025615;18;4;2023;09:15;1;75;75110;2;2;1;3;RUE DU FAUBOURG SAINT MARTIN;48,87177100;2,35713100
202300025617;18;4;2023;09:00;1;75;75110;2;3;1;3;RUE D ABBEVILLE;48,87863000;2,35054300
202300025618;18;4;2023;11:40;1;75;75109;2;4;1;5;RUE HALEVY;48,87115700;2,33234400
202300025627;18;4;2023;18:25;1;94;94058;2;1;8;3;Avenue du GÃ©nÃ©ral de Gaulle;48,84768000;2,49790000
202300025644;18;4;2023;08:50;1;92;92072;2;1;1;6;GRANDE RUE;48,82710365;2,22204119
202300025647;18;4;2023;18:40;1;92;92020;2;1;1;6;DEFORGES RUE ETIENNE NÂ° PAIRS;48,79897029;2,28690237
202300025649;4;8;2023;18:25;3;987;98740;1;1;1;1;Atoll de TIKEHAU; -15,36400000; -147,96400000
202300025658;18;4;2023;18:45;1;92;92060;2;6;1;3;CHARLES DE GAULLE (PLACE);48,77279040;2,25171179
202300025678;19;4;2023;16:00;1;82;82025;1;2;1;3;4195 Route de Montbartier;43,96844600;1,32082200
202300025703;24;1;2023;13:40;1;55;55545;2;1;1;3;MISS SIBLEY;49,15177000;5,39578000
202300025724;4;8;2023;10:00;1;34;34145;2;4;1;3;Avenue de Mauguio;43,67417000;4,12766700
202300025769;23;1;2023;16:55;1;974;97411;2;1;2;2;VICTOIRE (AVENUE DE LA); -20,87701000;55,44799000
202300025776;4;3;2023;16:50;1;26;26198;2;9;1;3;Avenue John Fitzgerald Kennedy;44,55396487;4,74203825
202300025813;26;5;2023;09:40;1;64;64445;2;6;1;3;BACHAGA BOUALAN;43,31640000; -0,37487000
202300025819;24;1;2023;07:35;2;85;85191;2;6;1;3;PALISSY ROND-POINT BERNARD;46,69039000; -1,42890000
202300025830;5;8;2023;22:10;3;81;81165;1;1;1;6;Route de Bonnan;44,13451300;1,87057300
202300025836;24;1;2023;19:00;5;81;81004;2;4;1;3;PARTISANS (ESPL DES);43,93107000;2,14725000
202300025840;4;8;2023;20:50;1;79;79049;2;2;1;3;;46,84026000; -0,49320000