Num_Acc;jour;mois;an;hrmn;lum;dep;com;agg;int;atm;col;adr;lat;long
202300027917;16;4;2023;09:35;1;56;56260;2;6;1;2;ANCIENS COMBATTANTS EN AFN (PLACE DES;47,66391000; -2,75580000
202300027927;24;5;2023;13:05;1;75;75105;2;2;1;3;RUE GAY LUSSAC;48,84428100;2,34215800
202300027935;25;5;2023;18:30;1;75;75120;2;2;1;6;BOULEVARD DAVOUT;48,85352400;2,41079000
202300027938;25;5;2023;09:00;1;75;75120;2;1;1;2;RUE DES VIGNOLES;48,85403800;2,39991900
202300027942;20;1;2023;10:40;1;86;86221;1;3;9;3;Route des Templiers;46,80644900;0,34417000
202300027956;25;5;2023;15:00;1;75;75116;2;1;1;3;RUE DE LA POMPE;48,86442100;2,27794500
202300027958;7;3;2023;08:30;1;22;22239;1;9;1;6;D64;48,36358800; -2,13406800
202300027961;16;4;2023;11:00;1;22;22215;1;1;1;5;PONT NOIR (RUE DU);48,48772000; -2,82490000
202300027983;25;5;2023;09:15;1;75;75117;2;1;1;3;AVENUE DES TERNES;48,88010700;2,28793500
202300027986;25;5;2023;08:45;1;75;75103;2;7;1;6;PLACE DE LA REPUBLIQUE;48,86734500;2,36338200
202300027990;24;5;2023;20:34;2;75;75104;2;3;1;6;RUE SAINT ANTOINE;48,85460400;2,36295100
202300028001;6;3;2023;14:20;1;33;33314;1;1;1;5;route d'artigues;45,19265300; -0,77091000
202300028015;2;3;2023;07:50;2;61;61298;1;1;1;3;D958;48,76436400; -0,04907300
202300028019;16;4;2023;18:30;1;75;75120;2;2;1;1;RUE SAINT FARGEAU;48,87077200;2,39923900
202300028020;25;5;2023;01:25;5;93;93055;2;1;1;3;Avenue Jean JaurÃ¨s;48,91645000;2,40607000
202300028023;16;4;2023;13:02;1;75;75119;2;1;1;7;BOULEVARD DE LA VILLETTE;48,87981200;2,37043300
202300028028;5;3;2023;16:50;1;39;39404;1;1;1;6;;46,69625500;5,60498300
202300028034;25;5;2023;09:25;1;93;93031;2;3;1;3;Avenue du 18 Juin 1940 / Rue du Port;48,95226449;2,30725855
202300028068;13;11;2023;15:41;1;75;75110;2;4;2;6;BOULEVARD DE MAGENTA;48,88198545;2,35101905
202300028074;25;5;2023;16:30;1;92;92024;2;1;1;3;HUIT MAI 1945 (RUE DU);48,89830608;2,31010348
202300028082;25;5;2023;09:00;1;92;92024;2;9;1;7;JEAN JAURES (BD) DE 47 A 109)   (56 A 14;48,90079744;2,30552897
202300028106;24;5;2023;11:10;1;63;63399;1;1;1;6;Lieu Dit Chez Lanna;45,64361100;2,61443800
202300028110;13;11;2023;08:00;2;92;92040;2;1;2;7;VICTOR HUGO;48,82641334;2,27558210
202300028112;3;3;2023;07:30;2;72;72154;2;1;1;3;Avenue Rhin-et-Danube;47,70169000; -0,08279500
202300028121;24;5;2023;18:20;1;56;56126;1;1;1;3;Pont de Kerroc;47,52780800; -2,32032500
202300028143;26;5;2023;11:15;1;12;12133;2;1;1;6;6 Route de la Fontal;44,31474000;2,55455200
202300028145;5;3;2023;19:10;5;75;75105;2;3;1;7;BOULEVARD SAINT MICHEL;48,84832200;2,34153000
202300028151;6;3;2023;10:08;1;75;75119;2;1;1;3;BOULEVARD DE LA VILLETTE;48,87979800;2,37050200
202300028153;6;3;2023;08:55;1;75;75119;2;2;1;3;RUE D AUBERVILLIERS;48,89527800;2,37197900
202300028157;22;5;2023;18:00;1;22;22085;1;1;1;6;ar poul;48,82591685; -3,18543077
202300028159;5;3;2023;12:30;1;75;75115;2;3;1;2;RUE DE VAUGIRARD;48,84089500;2,30589500
202300028162;6;3;2023;18:00;2;75;75111;2;2;1;3;BOULEVARD DE BELLEVILLE;48,87074400;2,37811400
202300028165;6;3;2023;15:40;1;75;75111;2;2;8;2;RUE DE CHARONNE;48,85511300;2,38712700
202300028166;26;5;2023;17:20;1;70;70228;2;3;1;1;Rue des Glacis;47,76601300;6,10484700
202300028169;6;3;2023;09:05;1;75;75109;2;2;1;3;RUE DROUOT;48,87408600;2,34072200
202300028173;5;3;2023;15:20;1;75;75104;2;2;1;1;RUE SAINT ANTOINE;48,85394300;2,36471700
202300028178;22;5;2023;13:32;1;45;45182;1;1;1;2;D15 PR 20 + 200;47,70380200;1,79137800
202300028179;6;3;2023;18:15;1;93;93048;2;3;1;3;Rue de Vincennes / Rue des Meuniers;48,85098301;2,43442789
202300028249;25;5;2023;19:00;1;33;33080;1;1;1;2;347 Avenue de Toulouse;44,75610100; -0,55204200
202300028252;25;5;2023;09:45;1;33;33422;2;6;1;3;Avenue de Bordeaux;44,80957100; -0,77505100
202300028255;5;3;2023;15:20;1;69;69282;2;8;1;3;38 Avenue du Carreau;45,77271000;4,99028000
202300028305;9;9;2023;13:26;1;75;75119;2;3;1;6;AVENUE JEAN JAURES;48,88877500;2,39310400
202300028330;9;9;2023;00:15;5;75;75109;2;1;1;2;BOULEVARD HAUSSMANN;48,87247200;2,33665100
202300028335;9;9;2023;01:25;5;75;75107;2;1;1;1;QUAI VOLTAIRE;48,85898900;2,33098400
202300028338;24;5;2023;09:25;1;75;75112;2;2;1;6;BOULEVARD DE LA BASTILLE;48,84584000;2,36763400
202300028340;24;5;2023;11:08;1;94;94076;2;1;1;6;Avenue Paul Vaillant-couturier;48,79476500;2,36377500
202300028343;9;4;2023;17:50;1;14;14040;2;2;1;3;34 Route Baron GÃ©rard;49,27485450; -0,74862271
202300028350;4;3;2023;03:56;5;75;75103;2;2;1;3;RUE DE TURBIGO;48,86545600;2,35599700
202300028363;12;11;2023;18:50;5;974;97411;2;2;1;3;GAULLE (DU GENERAL DE); -20,88492000;55,45953000
202300028367;10;11;2023;17:45;1;974;97407;2;1;1;6;ELUARD(RUE); -20,93620000;55,30410000
202300028391;23;5;2023;20:00;1;78;78621;2;4;1;6;PORT ROYAL (ALLEE DE);48,77423000;1,99933000
202300028432;5;3;2023;14:30;1;64;64472;2;1;1;1;route de pau;43,37108100; -0,31093200
202300028446;12;11;2023;19:15;5;76;76429;2;2;2;3;Rue d'Alsace;49,41121344;1,15246904
202300028447;9;9;2023;12:00;1;74;74232;1;3;1;3;Route de l'Ã©glise;45,79699300;6,15168700
202300028464;9;9;2023;11:50;1;65;65018;1;1;1;1;D126;42,99141700; -0,27619200
202300028474;9;9;2023;11:15;1;71;71305;1;2;1;3;Route Departementale 906;46,46475600;4,89380800
202300028478;24;5;2023;07:50;1;33;33063;2;2;1;3;Rue Beck;44,82100000; -0,55000000
202300028487;12;11;2023;15:50;1;42;42207;2;4;1;3;Rue Claudius Moleyre;45,46993000;4,52856000
202300028530;9;9;2023;17:25;1;13;13044;1;3;1;3;D16;43,62211600;5,07390800
202300028538;17;7;2023;07:50;1;13;13209;2;3;1;3;CATHERINE BLUM (BOULEVARD);43,26387610;5,41845707
202300028552;11;11;2023;19:20;5;75;75109;2;1;1;3;BOULEVARD POISSONNIERE;48,87123100;2,34459500
202300028556;12;11;2023;18:25;3;75;75108;2;5;3;3;RUE DE SAINT PETERSBOURG;48,88084700;2,32482400
202300028573;14;7;2023;02:30;5;74;74042;2;1;1;6;Route de cluses;46,07097100;6,42798700
202300028597;30;8;2023;10:30;1;07;07324;2;1;1;3;46 Quai Farconnet;45,06916800;4,82912500
202300028602;9;9;2023;12:55;1;65;65335;1;1;1;7;RD 8 - PR 010.900 - sens POUZAC vers TARBES;43,10280000;0,13328400
202300028623;8;9;2023;22:30;5;60;60628;2;1;1;7;Rue du MarÃ©chal Leclerc;49,41503200;2,16256900
202300028648;18;10;2023;08:00;2;56;56184;2;4;2;3;Allee du Pre du Cheval Blanc;47,66400000; -2,46021300
202300028678;7;12;2023;09:05;1;56;56260;2;1;2;3;LAGARDE(RUE MADAME);47,66153000; -2,75858000
202300028680;16;12;2023;11:00;1;56;56162;1;6;1;3;KERSCOUET (GIRATOIRE DE);47,70988000; -3,43859000
202300028699;8;9;2023;11:30;1;69;69384;2;2;1;3;Rue Jacques-Louis HÃ©non;45,77946000;4,82935000
202300028701;7;9;2023;08:00;1;69;69149;2;4;1;3;Chemin des CÃ©lestins;45,72008000;4,79809000
202300028708;8;9;2023;16:46;1;95;95323;2;3;7;1;VALLEE (RUE DE LA);49,01769243;2,03441387
202300028710;8;9;2023;08:15;1;91;91689;2;9;1;1;RUE COLBERT;48,72521000;2,31679000
202300028713;16;12;2023;02:45;3;22;22278;1;1;1;2;RN12;48,50645000; -2,73494000
202300028714;16;12;2023;18:55;5;17;17300;2;6;1;3;COGNEHORS   BOULEVARD DE (1-95));46,16735400; -1,14012800
202300028716;7;9;2023;08:43;1;87;87085;2;1;1;7;RUCHOUX (AVENUE DES);45,83443000;1,24704000
202300028728;8;9;2023;11:10;1;76;76498;2;1;1;3;Boulevard Charles de Gaulle;49,42195400;1,06529504
202300028729;16;12;2023;18:15;5;75;75118;2;3;1;3;BOULEVARD NEY;48,89809600;2,34413800
202300028732;7;9;2023;07:50;1;76;76351;2;1;1;2;VERDUN (RUE DE);49,50122000;0,14799000
202300028743;8;9;2023;07:56;1;72;72181;2;9;1;3;GAMBETTA (RUE) NÂ° PAIRS 2 A 22;48,00506000;0,19407000
202300028748;16;12;2023;09:30;1;92;92048;2;1;1;1;VAUGIRARD (ROUTE DE);48,82021290;2,24238396
202300028770;14;12;2023;07:38;2;62;62849;2;6;1;3;D303;50,40796900;1,64757600
202300028772;16;12;2023;13:00;1;72;72299;1;4;7;3;D140, lieu-dit Constantine;47,86485700;0,33774900
202300028777;22;8;2023;09:55;1;62;62250;2;3;1;3;Rue EugÃ¨ne Gaudefroy;50,46638969;2,94229352
202300028780;8;9;2023;21:00;2;59;59599;2;9;1;3;SCHUMAN (RUE ROBERT);50,74235000;3,18260000
202300028790;16;12;2023;12:05;1;22;22219;1;3;7;3;D768;48,27226800; -2,70853800
202300028791;6;9;2023;10:09;1;54;54373;2;1;1;6;Avenue de lâEurope;48,57489000;6,52737000
202300028801;16;12;2023;16:58;2;14;14542;1;3;1;7;Rue des Canadiens;49,23073600; -0,45482500
202300028804;17;12;2023;11:30;1;50;50341;2;6;1;3;Zone Artisanale le Haut Gele;49,49034700; -1,39263500
202300028810;16;12;2023;21:00;3;87;87140;1;1;1;2;Route de Bellac;45,92997600;0,94005000
202300028823;8;9;2023;18:50;1;33;33162;2;4;1;3;Avenue de Picot;44,88164014; -0,64222491
202300028829;17;12;2023;03:15;3;971;97126;1;1;1;2;Lieu Dit Saint Charles;15,94581400; -61,31280900
202300028833;17;12;2023;11:30;1;30;30155;2;2;7;3;Chemin de Saint Paul;43,81544900;4,46951200
202300028839;16;12;2023;18:32;5;88;88321;2;3;1;3;Rue du 12 Septembre 44;48,35301900;5,68212000
202300028840;7;9;2023;17:30;1;29;29019;2;3;1;3;rue Gustave ZÃ©dÃ©;48,42190000; -4,46351000
202300028845;8;9;2023;16:21;1;25;25056;2;4;7;3;ORATOIRE RUE DE L';47,23300000;5,98900000
202300028846;17;12;2023;11:30;1;01;01301;1;1;1;6;Chemin des CaronniÃ¨res;46,27303600;5,14331800
202300028881;15;12;2023;17:13;2;86;86194;2;2;1;1;Viaduc LÃ©on Blum;46,58558700;0,33322900
202300028883;15;12;2023;06:00;5;84;84035;2;9;1;3;BOSCODOMINI (AVENUE);43,81746000;5,04370000
202300028885;14;12;2023;18:15;5;83;83062;2;1;1;3;DELAGE (RUE MARC);43,12494000;6,00476000
202300028899;27;6;2023;23:35;5;69;69387;2;2;1;1;Rue de Marseille;45,74683000;4,83678000
202300028916;26;6;2023;18:30;1;71;71105;2;3;1;3;COUPEE (GRANDE-RUE DE LA);46,30973000;4,80018000
202300028918;27;6;2023;22:50;3;67;67482;2;1;1;1;GENERAL KOENIG (QUAI DU);48,57543000;7,75674000
202300028927;27;6;2023;11:00;1;54;54395;2;1;1;3;Avenue de Strasbourg;48,68081262;6,19421840
202300028928;26;6;2023;12:15;1;54;54395;2;1;1;3;Avenue de la LibÃ©ration;48,69616795;6,16286606
202300028930;27;6;2023;16:45;1;51;51454;2;1;1;3;ESSILLARDS (RUE DES);49,23283000;4,04788000
202300028934;26;6;2023;18:00;1;49;49015;2;6;1;3;LANGEVIN RUE PAUL;47,51780000; -0,60830000
202300028937;27;6;2023;16:50;1;45;45234;2;1;1;3;33 Rue Basse d'IngrÃ©;47,90525000;1,88967000
202300028940;27;6;2023;08:48;1;43;43157;2;1;1;3;Rue Burel;45,04084000;3,88707000
202300028946;27;6;2023;15:00;1;25;25056;2;2;1;2;CHOPARD RUE ALEXIS;47,24896000;6,03135000
202300028947;27;6;2023;11:20;1;25;25056;2;1;1;6;DENFERT ROCHEREAU AVENUE;47,24400000;6,02700000
202300028948;27;6;2023;08:20;1;25;25056;2;1;1;3;rue francis clerc;47,25767400;6,01756800
202300028963;27;6;2023;10:30;1;75;75105;2;2;1;3;QUAI DE LA TOURNELLE;48,85110400;2,35129500
202300028967;27;6;2023;14:55;1;75;75118;2;3;1;3;BOULEVARD DE CLICHY;48,88453100;2,32696400
202300028970;27;6;2023;09:45;1;75;75116;2;1;1;2;ROUTE DES TRIBUNES;48,86215000;2,23050500
202300028971;27;6;2023;17:15;1;75;75115;2;3;1;3;AVENUE DE SUFFREN;48,85156300;2,30026000
202300028972;26;6;2023;09:25;1;75;75114;2;1;1;3;AVENUE DU GENERAL LECLERC;48,83178000;2,33031800
202300028973;26;6;2023;08:55;1;75;75115;2;2;1;3;RUE DE JAVEL;48,84376900;2,28635400
202300028975;16;6;2023;18:40;1;75;75113;2;4;1;3;BOULEVARD MASSENA;48,82263900;2,37307200
202300028979;27;6;2023;10:34;1;75;75108;2;1;1;3;BOULEVARD MALESHERBES;48,87274200;2,32136800
202300028986;27;6;2023;19:05;1;94;94081;2;1;1;3;21 Avenue Anatole France;48,80264000;2,40354700
202300028994;27;6;2023;20:20;1;92;92064;2;1;1;7;REPUBLIQUE;48,85158400;2,21306700
202300029002;15;6;2023;07:50;1;92;92004;2;1;1;3;AULAGNIER ( QUAI );48,91475200;2,31212900
202300029010;28;6;2023;11:14;1;44;44111;1;1;1;1;La NoÃ©;47,37026900; -1,72533100
202300029031;27;6;2023;19:20;1;60;60045;2;2;1;1;2 Rue du GÃ©nÃ©ral Taupin;49,22301400;2,66867500
202300029032;28;6;2023;07:40;1;18;18129;1;1;1;2;;46,95988700;2,37908900
202300029044;15;6;2023;12:25;1;38;38553;2;3;1;1;impasse paul bert;45,61849900;5,14806600
202300029063;28;6;2023;11:30;1;33;33413;1;3;1;3;Route de la Souloire;44,84998693; -0,32750845
202300029075;9;10;2023;10:20;1;37;37261;2;4;1;3;SAINT BARTHELEMY (RUE ET ALLEE);47,41217000;0,70001000
202300029081;9;10;2023;18:00;1;33;33063;2;3;1;3;Rue Lucien Faure;44,86199724; -0,55604607
202300029083;9;10;2023;12:10;1;31;31483;2;6;1;3;D921;43,09515000;0,73609000
202300029089;9;10;2023;07:36;5;29;29019;2;3;1;3;rue de Guilers;48,38839489; -4,51576978
202300029092;8;10;2023;08:25;1;19;19031;2;6;1;3;RHIN ET DANUBE (ROND POINT);45,14464000;1,47591000
202300029104;9;10;2023;18:00;1;07;07281;2;1;1;3;NARVIK (RUE DE);44,94862000;4,84538000
202300029108;9;10;2023;13:20;1;04;04070;2;1;1;7;JUIN (AV. MAR.);44,08159000;6,22268000
202300029115;10;10;2023;08:45;1;75;75116;2;7;1;3;PLACE DE L ALMA;48,86453000;2,30130100
202300029118;10;10;2023;16:10;1;75;75113;2;9;1;3;RUE BAUDRICOURT;48,82574300;2,36302100
202300029119;10;10;2023;11:25;1;75;75112;2;1;1;3;RUE DE BERCY;48,84389000;2,37316300
202300029124;10;10;2023;09:50;1;75;75108;2;7;1;1;Place de l'Alma;48,86421248;2,30180740
202300029125;9;10;2023;17:45;1;75;75107;2;3;1;2;AVENUE DE BRETEUIL;48,84883200;2,31142000
202300029127;10;10;2023;14:30;1;75;75101;2;2;1;6;RUE DE RIVOLI;48,85963200;2,34481000
202300029128;10;10;2023;13:35;1;75;75101;2;3;1;3;RUE DE LA GRANDE TRUANDERIE;48,86246900;2,35043700
202300029129;10;10;2023;09:30;1;75;75103;2;2;1;6;RUE DE TURBIGO;48,86684400;2,36190900
202300029140;9;10;2023;21:20;5;93;93071;2;3;1;3;Rue du Pont Blanc / Rue Gabriel PÃ©ri;48,94228000;2,53269000
202300029147;10;10;2023;13:30;1;92;92051;2;1;1;3;BOURDON (BOULEVARD);48,89398568;2,26802149
202300029153;10;10;2023;11:48;1;17;17094;2;6;1;3;boulevard aristide briand;46,07687800; -1,08807600
202300029157;10;10;2023;08:50;1;84;84149;2;1;1;3;D977;44,16878700;4,96058900
202300029169;11;10;2023;11:50;1;35;35187;1;4;1;1;La Ville Neveu;48,07845700; -1,96050200
202300029181;10;10;2023;16:53;1;17;17483;1;2;7;1;D137;46,01593300; -1,04961500
202300029190;11;10;2023;07:10;2;83;83035;2;1;8;7;avenue des cigalles;43,18099300;5,77652600
202300029201;10;10;2023;20:00;3;49;49332;1;1;1;3;D63;47,09361300; -0,92209000
202300029235;9;10;2023;17:45;1;75;75115;2;3;1;7;RUE DE LOURMEL;48,83971000;2,28314700
202300029238;9;10;2023;18:00;1;75;75110;2;2;1;2;RUE LA FAYETTE;48,88161600;2,36579700
202300029239;9;10;2023;00:40;5;75;75110;2;1;1;3;QUAI DE JEMMAPES;48,86961100;2,36700000
202300029240;8;10;2023;22:15;5;75;75109;2;5;1;3;RUE DE LIEGE;48,87963400;2,32704200
202300029241;9;10;2023;01:09;3;75;75107;2;1;1;3;AVENUE DE LOWENDAL;48,85208100;2,30763000
202300029255;9;10;2023;07:30;2;93;93031;2;3;1;3;Rue d'Ormesson / Rue des Econdeaux;48,96210400;2,31095900
202300029291;18;1;2023;08:35;1;973;97302;2;1;1;6;RABAN (ROUTE DE);4,92794000; -52,31392000
202300029298;21;1;2023;06:00;5;69;69388;2;1;4;6;Avenue Rockefeller;45,74034000;4,88797000
202300029308;20;1;2023;19:15;4;971;97113;1;1;1;2;BAS DU FORT;16,21679000; -61,51826000
202300029319;21;1;2023;20:00;5;76;76319;2;9;1;3;Avenue de Caen;49,34777600;0,99179000
202300029331;21;1;2023;16:30;1;56;56162;2;6;1;3;Chemin de Lorient au passage Saint-Maurice;47,74105000; -3,40645000
202300029355;21;1;2023;06:40;5;33;33063;2;2;5;3;Quai de Bacalan;44,86007000; -0,55410000
202300029364;16;1;2023;16:26;1;22;22360;2;6;1;3;FONTENELLE (RUE DE LA);48,49349000; -2,73784000
202300029397;4;5;2023;14:00;1;74;74010;2;2;1;3;SOMMEILLER;45,90301000;6,12945000
202300029398;21;1;2023;13:50;1;92;92012;2;1;1;3;AGUESSEAU (RUE D') 91/FIN - 84/FIN;48,83935000;2,23754000
202300029404;21;1;2023;15:00;1;22;22206;1;1;1;5;pen christ;48,55887200; -2,99924600
202300029423;18;1;2023;07:33;2;68;68156;2;3;4;3;Rue de l'Industrie;47,89729400;7,23059400
202300029426;29;7;2023;11:19;1;86;86066;2;6;3;1;Avenue Robert Schuman;46,81137500;0,54382000
202300029439;22;1;2023;12:00;1;31;31157;2;1;1;3;3 Avenue de Toulouse;43,55311700;1,35674500
202300029456;31;7;2023;17:50;1;45;45302;2;6;2;5;Rue du Champ Rouge;47,95595201;1,84663653
202300029459;31;7;2023;16:30;1;35;35238;2;3;3;3;LIBERTE (BD DE LA);48,10740000; -1,67458000
202300029498;30;7;2023;18:50;1;06;06004;2;1;1;3;LITTORAL(BDM APRES BIJOU PLAGE RN98;43,57071000;7,09239000
202300029505;31;7;2023;15:00;1;75;75114;2;3;2;6;AVENUE DU GENERAL LECLERC;48,82691300;2,32650900
202300029506;22;1;2023;16:30;2;83;83028;1;1;1;2;RD562;43,57420400;6,56474400
202300029511;31;7;2023;11:45;1;75;75113;2;1;2;3;AVENUE DE LA PORTE D IVRY;48,81977700;2,37280800
202300029517;31;7;2023;17:00;1;94;94015;2;1;2;1;Quai Victor BerriÃ¨re;48,84255300;2,51263000
202300029520;31;7;2023;17:45;1;94;94046;2;1;2;3;Rue Ernest Renan;48,81422452;2,42910880
202300029532;22;1;2023;14:45;1;13;13080;2;1;1;7;D14;43,64757000;5,42179900
202300029547;30;7;2023;16:00;1;92;92025;2;1;1;6;ESTIENNE D'ORVES (RUE);48,91819000;2,24443000
202300029591;31;7;2023;08:00;1;12;12102;1;1;1;7;La VayssiÃ¨re;44,30368100;2,59949000
202300029592;16;4;2023;12:10;1;06;06068;1;1;1;1;D3;43,72054400;6,97439800
202300029608;30;7;2023;15:50;1;29;29217;2;1;1;1;Quai ThÃ©odore Botrel;47,85255100; -3,74783200
202300029611;13;1;2023;07:55;5;56;56007;2;6;1;3;32 Rue Henri Dunant;47,66362800; -2,98787400
202300029612;30;7;2023;10:50;1;29;29211;1;1;2;7;D17;48,32407841; -3,75755437
202300029638;1;8;2023;11:31;1;13;13029;2;6;1;2;D70f;43,57747600;5,09446400
202300029640;19;1;2023;07:58;1;75;75119;2;1;1;3;BOULEVARD MACDONALD;48,89862900;2,37818100
202300029644;20;1;2023;23:45;5;75;75118;2;3;1;6;BOULEVARD NEY;48,89764055;2,33234704
202300029651;21;1;2023;19:25;5;75;75115;2;1;1;6;PONT DE BIR HAKEIM;48,85545871;2,28783309
202300029663;21;1;2023;01:30;5;75;75108;2;3;1;3;AVENUE DES CHAMPS ELYSEES;48,87101600;2,30348300
202300029667;16;4;2023;12:35;1;83;83107;1;1;1;2;Corniche des Issambres;43,35175500;6,71329600
202300029683;17;4;2023;12:35;1;01;01397;2;6;1;2;30 Route de Divonne;46,31475400;6,10816800
202300029694;31;7;2023;19:40;2;09;09130;1;1;1;3;D21;42,94945800;1,57482400
202300029769;24;5;2023;07:00;1;75;75114;2;2;1;3;RUE DE GERGOVIE;48,83436200;2,31362500
202300029774;24;5;2023;08:10;1;75;75112;2;2;1;3;QUAI DE LA RAPEE;48,84644000;2,36683600
202300029777;24;5;2023;23:10;5;75;75111;2;1;1;3;BOULEVARD DE BELLEVILLE;48,86953700;2,37969100
202300029782;24;5;2023;19:45;1;75;75110;2;1;1;7;BOULEVARD DE MAGENTA;48,87265700;2,35930000
202300029786;24;5;2023;09:50;1;75;75109;2;3;1;6;RUE DU HAVRE;48,87482600;2,32677700
202300029795;24;5;2023;17:15;1;75;75102;2;2;1;3;BOULEVARD DES CAPUCINES;48,87027000;2,33005400
202300029824;15;4;2023;18:55;1;17;17300;2;1;1;3;MARILLAC   QUAI;46,14627100; -1,16125800
202300029831;24;5;2023;17:27;1;93;93051;2;6;1;3;Rue du Docteur Vaillant / Rue Camille Flammarion;48,83862215;2,56725669
202300029854;24;5;2023;17:30;1;93;93001;2;1;1;3;Rue Henri Manigart;48,91275112;2,39843854
202300029868;12;11;2023;15:40;1;01;01262;1;2;2;2;Route de Tramoyes;45,89626400;4,96927800
202300029869;24;5;2023;16:10;1;92;92064;1;1;1;7;PARC SAINT CLOUD;48,83667000;2,19481000
202300029876;4;3;2023;14:33;1;29;29019;2;1;1;2;rue Commandant Somme-Py;48,40379700; -4,48667300
202300029879;15;4;2023;19:38;1;75;75110;2;2;1;3;RUE DU FAUBOURG SAINT MARTIN;48,87175700;2,35720300
202300029887;12;11;2023;18:30;3;22;22081;2;9;2;3;Rue Morin;48,48558100; -2,64159000
202300029896;24;5;2023;15:20;1;92;92004;2;1;1;3;FAIDHERBE ( AVENUE );48,90844900;2,26888800
202300029905;25;5;2023;15:15;1;76;76281;1;1;1;3;D110;49,50980800;0,57562400
202300029932;14;5;2023;18:25;1;01;01143;1;1;2;1;Chemin du Munet;46,36075700;6,12015700
202300029952;4;3;2023;01:14;5;69;69386;2;2;1;1;Cours Lafayette;45,76371492;4,85805004
202300029967;22;5;2023;17:30;1;51;51266;2;1;1;6;Rue d?Avenay;49,11311800;4,03450900
202300029984;27;3;2023;15:35;1;72;72191;1;3;1;6;Hameau de Sainte Croix;47,76296200;0,29536500
202300029990;14;4;2023;15:45;1;07;07090;2;3;1;1;Grand rue;44,74758100;4,67402300
202300029997;25;5;2023;15:58;1;12;12088;1;1;1;7;Lieu Dit Longueroque;44,65359700;2,88935100
202300030009;25;5;2023;07:45;1;44;44069;2;3;1;3;Rue des CollÃ¨ges;47,33773180; -2,42819660
202300030075;16;4;2023;10:15;1;31;31151;2;1;1;1;Route de Pompertuzat;43,47478900;1,49738100
202300030078;1;3;2023;13:23;1;49;49007;2;1;1;7;CHAUMIN BOULEVARD;47,45044000; -0,55565000
202300030096;15;4;2023;14:00;1;62;62543;1;1;1;7;D130;50,61641500;2,30410300
202300030101;9;11;2023;17:00;4;2A;2A004;2;1;3;3;GEORGES POMPIDOU AVENUE;41,93360000;8,75425000
202300030129;14;4;2023;11:30;1;974;97407;2;1;1;3;ROUTE DU SACRE COEUR; -20,95698000;55,31405000
202300030152;11;11;2023;09:50;1;86;86194;2;1;1;3;Route de Bonnes;46,58429000;0,39378000
202300030168;4;3;2023;21:40;5;75;75117;2;2;1;3;RUE GUERSANT;48,88108000;2,28970800
202300030175;4;3;2023;02:15;5;75;75115;2;5;1;3;AVENUE DU MAINE;48,84509400;2,32012500
202300030176;23;5;2023;15:30;1;91;91477;2;6;1;2;MOTTE SAMSON (RUE DE LA);48,71869000;2,23148000
202300030177;4;3;2023;20:45;5;75;75112;2;2;1;6;RUE DU FAUBOURG SAINT ANTOINE;48,85035600;2,38139100
202300030191;11;11;2023;18:45;5;73;73008;2;6;1;3;D1201 - ROOSEVELT FRANKLIN AVENUE;45,69695000;5,90741000
202300030195;23;5;2023;18:40;1;81;81004;2;6;1;3;VERDIER (FRANCOIS);43,91905000;2,12639000
202300030197;3;3;2023;19:45;5;75;75101;2;3;1;2;Boulevard de SÃ©bastopol;48,86245700;2,35051600
202300030202;9;11;2023;11:50;1;71;71270;2;1;3;3;CASSIN (AVENUE RENE);46,32959000;4,82361000
202300030205;4;3;2023;09:30;1;94;94021;2;6;1;3;Avenue des pÃ©pinÃ¨re;48,76806000;2,35275000
202300030220;9;11;2023;12:40;1;68;68224;2;1;2;1;ALGER (QUAI D');47,74498000;7,34661000
202300030247;22;5;2023;08:00;1;54;54578;2;1;1;3;Boulevard du Docteur Cattenoz;48,67458097;6,15881860
202300030265;4;3;2023;06:45;2;34;34147;1;1;1;2;D909;43,45587800;3,20751400
202300030266;23;5;2023;14:30;1;49;49328;2;1;1;3;POMPIDOU (AVENUE GEORGES);47,26478119; -0,09849072
202300030284;4;3;2023;16:15;1;02;02158;1;6;1;3;;49,46856700;3,66517400
202300030286;9;11;2023;14:00;1;60;60057;2;2;1;3;Rue des Cheminots;49,42353136;2,10074367
202300030292;8;11;2023;18:30;5;59;59512;2;4;3;3;TUILERIE (RUE DE LA);50,68981000;3,17914000
202300030293;5;3;2023;10:40;1;06;06079;1;1;1;1;Boulevard des Termes;43,54593100;6,92556500
202300030313;23;5;2023;12:00;1;11;11069;2;1;1;3;87 Rue de la Liberte;43,21573000;2,34857000
202300030330;23;5;2023;10:15;1;75;75120;2;3;1;2;RUE LEVERT;48,87359900;2,39036900
202300030350;23;5;2023;19:40;1;75;75107;2;1;1;6;QUAI BRANLY;48,86152800;2,29752100
202300030354;23;5;2023;09:30;1;94;94042;2;1;1;7;Avenue des Canadiens;48,81937503;2,46355712
202300030361;8;11;2023;12:15;1;49;49007;2;2;8;2;SAINT JACQUES;47,47384000; -0,57549000
202300030362;23;5;2023;20:45;1;94;94041;2;3;1;6;Avenue Georges Gosnat /  Rue Marat;48,81129927;2,38411897