Num_Acc;jour;mois;an;hrmn;lum;dep;com;agg;int;atm;col;adr;lat;long
202300030372;11;11;2023;19:20;5;44;44109;2;6;2;3;Place Victor Mangin;47,20083554; -1,54449670
202300030377;23;5;2023;13:00;1;93;93064;2;2;1;2;Rue de Rosny / Boulevard ThÃ©ophile Sueur;48,87103140;2,47092980
202300030379;15;12;2023;21:39;5;67;67482;2;3;1;3;ABBE LEMIRE (RUE DE L );48,57626000;7,72681000
202300030382;15;12;2023;07:00;5;67;67482;2;4;1;3;BORDEAUX (PLACE DE);48,59354000;7,75853000
202300030398;23;5;2023;18:20;1;92;92044;2;3;1;3;GEO.POMPIDOU(AVE) 21+ ET 22+;48,89812622;2,28014320
202300030399;9;11;2023;07:35;2;37;37261;2;6;8;3;SAINT-SAUVEUR (ROND POINT);47,37348000;0,67865000
202300030404;15;12;2023;16:40;1;59;59152;2;1;8;2;HURLUPIN (RUE D');50,76351000;3,01048000
202300030431;8;11;2023;07:20;5;29;29019;2;6;2;3;rue Emile Rousse;48,38532600; -4,52825300
202300030432;14;12;2023;07:45;5;35;35238;2;6;1;3;VILLEBOIS MAREUIL (BD);48,10378000; -1,64992000
202300030440;23;5;2023;16:15;1;86;86096;1;1;1;1;D20;46,82178300;0,31880900
202300030445;14;12;2023;17:55;5;31;31555;2;1;1;3;AV DE LARDENNE;43,59256200;1,40210100
202300030451;14;12;2023;12:12;1;29;29019;2;6;2;3;rue du Valy-Hir;48,38527300; -4,52877700
202300030452;24;5;2023;11:10;1;84;84069;1;1;1;3;Route de Veaux;44,19202100;5,14134400
202300030454;14;12;2023;09:00;1;29;29019;2;3;2;1;boulevard Montaigne;48,40170000; -4,48306000
202300030463;14;12;2023;08:10;1;19;19031;2;3;1;3;CHAUMEIL (RUE PIERRE);45,15620000;1,50316000
202300030480;8;9;2023;15:30;1;17;17306;2;1;7;3;REPUBLIQUE (DE LA) (BD);45,62430000; -1,02824000
202300030483;8;9;2023;19:20;1;17;17300;2;2;1;3;LECLERC   AVENUE DU GENERAL;46,16309000; -1,16514000
202300030492;13;12;2023;13:15;1;75;75106;2;1;2;3;RUE VAVIN;48,84413600;2,33092600
202300030496;15;12;2023;17:10;5;75;75115;2;1;1;6;RUE CAMBRONNE;48,84453200;2,30224200
202300030508;7;9;2023;12:30;1;10;10081;2;1;7;7;JULES FERRY (RUE);48,32235000;4,05233000
202300030511;15;12;2023;12:05;1;75;75111;2;3;1;2;RUE DE CHARONNE;48,85283200;2,37451100
202300030517;15;12;2023;13:30;1;75;75108;2;1;1;3;BOULEVARD MALESHERBES;48,87614600;2,31827400
202300030520;15;12;2023;13:10;1;75;75108;2;1;1;7;AVENUE DES CHAMPS ELYSEES;48,87278000;2,29842700
202300030525;15;12;2023;07:51;2;75;75107;2;3;1;1;QUAI BRANLY;48,86054900;2,29562600
202300030543;8;9;2023;17:10;1;75;75120;2;4;1;7;AVENUE GAMBETTA;48,86304100;2,38804400
202300030553;8;9;2023;02:10;5;75;75118;2;3;1;1;RUE D AUBERVILLIERS;48,88732800;2,36706400
202300030560;7;9;2023;17:10;1;75;75116;2;1;1;3;BOULEVARD MURAT;48,83888100;2,25682100
202300030566;15;12;2023;11:00;1;92;92012;2;1;1;3;SILLY (RUE DE) 89/FIN - 90/FIN;48,83460222;2,23286703
202300030570;22;6;2023;15:10;1;84;84087;1;3;3;3;ABRIAN (CHEMIN DE L');44,15200000;4,82500000
202300030573;26;6;2023;18:00;1;83;83137;2;9;1;6;REPUBLIQUE (AVE DE LA);43,11894500;5,93466800
202300030593;16;12;2023;13:15;1;974;97414;1;1;1;1;Rue Leconte de Lisle; -21,27233000;55,41435200
202300030597;26;6;2023;07:47;1;74;74012;2;1;1;3;COURRIARD (RUE MARC);46,19076000;6,23442000
202300030616;8;9;2023;17:20;1;93;93048;2;1;1;3;Boulevard Rouget de Lisle;48,85995710;2,43890388
202300030618;15;6;2023;11:06;1;65;65440;2;6;1;3; ROND-POINT ROUTE DE LOURDES;43,22098500;0,06092700
202300030628;15;12;2023;18:00;3;47;47269;1;3;8;3;Pont de Labe;44,17425600;0,75126000
202300030634;7;6;2023;12:40;1;59;59526;2;1;1;6;RUE DU MOULIN BLANC;50,44429651;3,41612577
202300030638;23;6;2023;07:55;1;59;59178;2;1;1;3;HERILLIER (PLACE L');50,36300000;3,07809000
202300030652;25;6;2023;12:40;1;56;56107;2;6;1;3;LE GUEN (RUE  JULES );47,70973000; -3,38444000
202300030675;24;6;2023;15:30;1;44;44109;2;1;1;1;Quai du Marquis d'Aiguillon;47,20149000; -1,57702000
202300030681;7;9;2023;13:50;1;65;65018;1;1;1;7;D918;42,95923377; -0,26868886
202300030684;7;9;2023;07:30;2;55;55054;1;1;7;3;D171;48,87117900;5,50694000
202300030685;26;6;2023;07:45;1;34;34172;2;4;1;1;1682 Rue de la ValsiÃ¨re;43,64033000;3,82872000
202300030698;15;6;2023;14:10;1;33;33063;2;2;1;3;Rue Pelleport;44,82119000; -0,56580000
202300030704;8;9;2023;19:10;1;10;10323;1;6;1;3;D206;48,52954800;3,70933400
202300030713;8;9;2023;17:00;1;976;97614;2;1;1;3;Avenue Mkarafouni; -12,82400600;45,13266800
202300030735;26;6;2023;08:20;1;75;75116;2;2;1;2;AVENUE KLEBER;48,86499500;2,28866300
202300030739;26;6;2023;19:19;1;75;75114;2;2;1;3;BOULEVARD DE PORT ROYAL;48,83945300;2,33757000
202300030741;26;6;2023;09:38;1;75;75113;2;2;1;3;BOULEVARD VINCENT AURIOL;48,83736600;2,37385300
202300030743;26;6;2023;19:20;1;75;75112;2;1;1;3;BOULEVARD PONIATOWSKI;48,83045800;2,39414300
202300030748;26;6;2023;19:10;1;75;75108;2;3;1;7;AVENUE DES CHAMPS ELYSEES;48,87183900;2,30113800
202300030750;25;5;2023;23:50;5;75;75107;2;2;1;1;QUAI VOLTAIRE;48,85941161;2,32969165
202300030752;25;6;2023;12:40;1;75;75101;2;3;1;6;RUE DE RIVOLI;48,86446100;2,33014400
202300030805;7;9;2023;15:00;1;69;69383;2;3;1;6;Rue d'ArmÃ©nie;45,75432000;4,84883000
202300030809;7;9;2023;08:35;1;69;69383;2;1;1;3;Cours Gambetta;45,75215000;4,85269000
202300030826;27;6;2023;08:10;1;62;62179;1;4;1;3;D253E2;50,71253659;1,87998372
202300030855;26;6;2023;17:00;1;29;29235;2;3;1;3;route de Keroumen;48,41181757; -4,39438641
202300030862;23;6;2023;19:15;2;72;72191;2;1;1;7;Rue Raymond Justice;47,75652400;0,27382100
202300030869;27;6;2023;17:03;1;50;50029;1;3;1;3;Rue du Mont Saint Michel;48,59937000; -0,83680100
202300030870;7;9;2023;08:10;1;77;77438;2;1;1;3;SAINT GERMAIN DES NOYERS  (AVENUE);48,86128000;2,67319000
202300030873;24;6;2023;16:00;1;64;64058;2;4;1;3;52 Route du Soulor;43,08550200; -0,25315800
202300030881;23;6;2023;13:25;1;37;37159;2;1;1;1;14 Rue des Ormeaux;47,29604200;0,65800000
202300030886;13;12;2023;19:00;5;89;89387;2;9;2;3;PIERRE DE COUBERTIN (AVENUE);48,19666000;3,30307000
202300030907;7;9;2023;15:10;1;64;64445;2;9;1;3;LAURIERS DES;43,30156500; -0,34362700
202300030916;7;9;2023;10:50;1;61;61001;2;2;1;3;D438;48,42464000;0,09118000
202300030923;27;6;2023;07:40;1;13;13053;1;6;1;3;D7n;43,71806000;5,17838800
202300030931;25;6;2023;13:15;1;73;73285;1;1;1;3;D1090 - route du col du petit St Bernard;45,62959200;6,82250700
202300030932;6;9;2023;07:55;1;57;57666;2;3;1;2;VERDUN (ROUTE DE);49,34568087;6,14987612
202300030937;7;9;2023;08:25;1;54;54079;2;1;1;3;Rue des Puits;48,88130000;6,04843000
202300030938;27;6;2023;17:45;1;65;65145;1;1;8;3;D921;42,91744996; -0,03980783
202300030939;6;9;2023;15:55;1;54;54395;2;2;1;3;Rue Oberlin;48,70335900;6,18187800
202300030959;6;9;2023;19:04;1;49;49246;2;1;7;3;CHAUVIN AVENUE;47,43168000; -0,53574000
202300030964;14;12;2023;11:35;1;72;72181;2;6;1;3;PONT YSSOIR (RUE DU);48,00968000;0,19500000
202300030992;12;12;2023;16:15;1;64;64122;2;1;2;3;REINE VICTORIA (AVENUE DE LA);43,48512091; -1,54830113
202300030995;6;9;2023;18:36;1;14;14366;2;1;1;3;103 Boulevard Herbet Fournet;49,15613000;0,22765000
202300031001;28;9;2023;17:25;1;85;85109;2;1;1;6;Avenue des ChauviÃ¨res;46,85716000; -1,01580610
202300031014;8;10;2023;12:00;1;29;29075;2;6;1;3;allÃ©e du Pontrouff;48,42834600; -4,41242700
202300031020;10;10;2023;07:00;1;973;97309;2;6;1;3;Giratoire Adelaide Tablon;4,88696600; -52,28507800
202300031033;8;10;2023;10:00;1;13;13022;2;1;1;2;1 Chemin du Boudard;43,22259700;5,55794200
202300031034;10;10;2023;07:30;2;26;26313;2;6;1;3;104 Avenue de Provence;44,96825900;4,95105700
202300031064;8;10;2023;17:55;1;69;69386;2;4;1;3;Avenue de Grande-Bretagne;45,77336000;4,84138000
202300031068;7;10;2023;13:35;1;86;86158;1;1;1;3;Rue de Salvert;46,62311400;0,31947900
202300031073;8;10;2023;08:30;1;81;81004;2;1;1;1;LUDE (BD ET ALLEE DU);43,91544790;2,15410680
202300031081;1;10;2023;17:45;1;57;57631;2;1;1;3;NANCY(ROUTE)D662;49,10152000;7,06773000
202300031090;8;10;2023;19:15;1;35;35238;2;2;1;3;ANTRAIN (D') DE 43 ET 80 A FIN;48,12382900; -1,66826600
202300031110;8;10;2023;17:08;1;75;75106;2;2;1;3;RUE DE RENNES;48,84890900;2,32873200
202300031112;8;10;2023;10:50;1;75;75117;2;3;1;2;BOULEVARD MALESHERBES;48,88958700;2,30400400
202300031151;8;10;2023;22:15;3;60;60260;1;1;1;7;D32;49,28087100;2,93155800
202300031162;7;10;2023;15:00;1;32;32462;2;4;7;3;Rue Lebbe FrÃ¨res;43,75793900;0,30294200
202300031173;7;10;2023;13:45;1;22;22218;1;1;1;7;17 Kermerrien Hent Gouermel;48,83311200; -3,25974800
202300031177;6;10;2023;09:03;1;44;44186;2;1;7;3;Le Moulin Mallessard;47,09849300; -1,82775200
202300031194;21;1;2023;11:00;1;92;92024;2;2;1;3;VILLENEUVE (RUE) DE (1 A 45)   (2 A 44);48,90536900;2,31031000
202300031205;20;1;2023;19:14;5;10;10387;2;4;2;2;ROGER SALENGRO (RUE);48,29822527;4,07866091
202300031213;20;1;2023;15:30;1;69;69383;2;1;8;6;Rue Docteur Bonhomme;45,74640000;4,87360000
202300031258;20;1;2023;11:20;1;31;31555;2;1;8;2;AV HONORE SERRES;43,61546000;1,43739000
202300031263;20;1;2023;03:50;3;19;19031;2;1;9;2;DE JOUVENEL (BOULEVARD HENRI);45,15800259;1,52361274
202300031265;20;1;2023;17:20;1;17;17306;2;3;1;3;LAMY (BD FRANCK);45,62795100; -1,01608900
202300031275;20;1;2023;07:48;5;10;10387;2;1;8;6;BLANQUI (RUE);48,30724000;4,05486000
202300031288;20;1;2023;16:40;1;75;75107;2;1;8;2;RUE DE SEVRES;48,84907100;2,32168600
202300031298;20;1;2023;16:20;1;92;92051;2;9;8;2;VICTOR HUGO (BOULEVARD, NÂ° 51 A 75 ET 62;48,89132927;2,27518246
202300031301;19;1;2023;18:40;5;92;92049;2;1;2;3;BROSSOLETTE AVENUE PIERRE;48,81683000;2,30674700
202300031323;19;1;2023;18:20;5;69;69383;2;2;1;3;Cours Docteur Long;45,74933000;4,88400000
202300031325;19;1;2023;03:47;4;69;69387;2;1;1;2;103 Avenue Berthelot;45,74388000;4,84604000
202300031327;30;7;2023;18:00;1;91;91657;2;6;1;3;RUE DES ANEMONES;48,69843000;2,42606000
202300031356;25;7;2023;13:15;1;12;12145;2;1;1;3;AYROLLE (BOULEVARD DE L');44,09822000;3,07679000
202300031362;30;7;2023;14:20;1;75;75118;2;2;1;3;BOULEVARD BARBES;48,89050000;2,34960600
202300031365;30;7;2023;16:00;1;75;75116;2;2;1;2;BOULEVARD EXELMANS;48,84791600;2,25947000
202300031369;30;7;2023;15:45;1;75;75103;2;2;1;3;RUE SAINT MARTIN;48,86165400;2,35162700
202300031371;19;1;2023;07:05;5;68;68066;2;1;1;3;Avenue de Lorraine;48,09316000;7,35526000
202300031390;31;7;2023;16:00;1;52;52114;1;1;1;2;D6;48,04496200;4,90520200
202300031406;18;1;2023;07:57;5;49;49015;2;3;1;2;DE GAULLE AVENUE DU GENERAL;47,50166000; -0,59244000
202300031407;18;1;2023;07:10;5;49;49246;2;1;1;7;Chemin de la Monnaie;47,44396000; -0,51118000
202300031431;25;7;2023;16:15;1;22;22222;1;1;1;3;Lieu Dit Keregal;48,66902900; -2,89403900
202300031433;28;7;2023;07:40;1;39;39286;2;1;1;1;Rue du Desart;46,38650600;5,78060000
202300031449;28;7;2023;09:30;1;03;03072;1;1;1;2;Route dÃ©partementale 40 - Lieu-dit Villevendret;46,50181900;2,54460100
202300031456;27;7;2023;19:15;1;83;83124;1;3;1;3;D562;43,58548900;6,63443300
202300031462;20;6;2023;13:55;1;73;73164;1;1;1;6;D913 Route du Revard;45,70459500;5,99880100
202300031464;30;7;2023;09:30;1;16;16425;1;1;1;6;;45,74717700;0,44977400
202300031466;29;7;2023;11:00;1;21;21445;1;1;1;7;D 26, PK 45+820;47,31833200;4,31770100
202300031467;21;7;2023;08:10;1;04;04094;2;1;1;1;Avenue des Thermes;43,75779800;5,89402600
202300031470;31;7;2023;11:45;1;28;28052;1;1;2;5;D26.1;48,56626000;1,52723400
202300031505;26;7;2023;14:45;1;22;22198;1;1;1;3;D788;48,79863600; -3,54066700
202300031506;31;7;2023;09:40;1;22;22186;1;2;8;3;route de la liberation;48,58538400; -2,51750000
202300031534;14;4;2023;08:36;1;60;60057;2;9;1;1;Rue Fermepin;49,43364000;2,09372000
202300031557;29;7;2023;22:50;5;64;64122;2;1;1;3;"""KENNEDY (AVENUE DU PRESIDENT J,F)""";43,46247000; -1,55125000
202300031559;14;4;2023;17:55;1;38;38151;2;3;1;3;AVENUE VICTOR HUGO;45,15461000;5,71226000
202300031581;28;7;2023;12:20;1;37;37261;2;9;2;6;ALOUETTE (AVENUE);47,36295000;0,69682000
202300031591;14;4;2023;09:45;1;27;27681;2;1;1;3;SAMSON (RUE);49,09086000;1,48277000
202300031598;8;4;2023;10:30;1;22;22278;2;1;1;6;LE GORREC (PIERRE);48,51252000; -2,76155000
202300031602;28;7;2023;12:00;1;04;04070;2;1;1;1;PLAN DE GAUBERT (RTE DU);44,07386000;6,19593000
202300031606;7;4;2023;12:20;1;19;19031;2;2;1;3;MAJOUR (RUE);45,15938000;1,53217000
202300031625;13;4;2023;18:09;1;10;10387;2;1;1;6;DANTON (RUE);48,30300000;4,07700000
202300031628;11;11;2023;11:35;1;10;10333;2;1;2;3;CROIX BLANCHE (RUE DE LA );48,27540000;4,05700000
202300031639;2;3;2023;17:20;1;974;97411;2;6;1;3;MACE (BOULEVARD GABRIEL); -20,87649000;55,44227000
202300031643;14;4;2023;12:30;1;75;75120;2;2;1;3;RUE DES PYRENEES;48,85764000;2,40389700
202300031653;14;4;2023;09:10;1;75;75118;2;3;1;3;BOULEVARD BARBES;48,88527000;2,34952900
202300031658;11;11;2023;01:25;5;75;75120;2;1;1;2;RUE DE BELLEVILLE;48,87534400;2,39648600
202300031664;11;11;2023;16:10;1;75;75117;2;2;1;3;RUE DE LA JONQUIERE;48,89355900;2,32266300
202300031682;14;4;2023;18:25;1;75;75109;2;2;2;3;RUE DE LA VICTOIRE;48,87519900;2,33522200
202300031689;13;4;2023;19:52;1;75;75104;2;1;1;7;RUE DES NONNAINS D HYERES;48,85393200;2,35834400
202300031690;11;11;2023;17:25;5;75;75110;2;1;1;6;BOULEVARD DE STRASBOURG;48,87297900;2,35631300
202300031697;25;2;2023;02:37;5;80;80021;2;1;1;6;SAINT FUSCIEN (RUE);49,87435000;2,30650000
202300031740;23;5;2023;14:00;1;73;73019;1;1;1;6;D72;45,51966200;6,31795400
202300031755;14;4;2023;16:45;1;92;92050;2;1;2;3;SAULES RUE DES;48,90973433;2,21578091
202300031770;2;3;2023;09:00;1;59;59350;2;1;1;7;Avenue Le Corbusier;50,63737496;3,07057679
202300031772;14;4;2023;06:30;2;92;92012;2;3;1;3;EDOUARD VAILLANT (AVENUE) 57/FIN - 58/FI;48,83472775;2,24703938
202300031778;13;4;2023;06:30;1;972;97217;2;6;1;3;D9;14,46974400; -60,85708000
202300031787;1;3;2023;07:40;1;56;56121;2;1;1;3;39 Rue Monistrol;47,73755000; -3,38225000
202300031804;15;4;2023;00:45;3;56;56186;2;1;1;6;14 Rue du Phare;47,47976600; -3,12314300
202300031820;24;5;2023;16:40;1;55;55414;1;1;1;7;D27;48,80993900;4,91475500
202300031828;11;11;2023;16:15;1;07;07319;2;1;1;1;Chemin Joseph Lapierre;44,53640900;4,67185000
202300031883;8;4;2023;10:35;1;78;78128;1;3;1;3;croisement D906/D91;48,66942600;1,95659600
202300031889;14;4;2023;13:35;1;2B;2B296;1;1;1;3;RD 413;42,58099300;8,90266500
202300031891;11;11;2023;11:48;1;68;68351;1;1;2;1;RD 415 PK46+200;48,01952500;7,57651100
202300031908;11;11;2023;10:35;1;29;29057;2;3;8;3;Route de la ForÃªt-fouesnant;47,90519511; -3,99507291
202300031952;3;3;2023;16:35;1;75;75111;2;3;1;3;RUE SAINT MAUR;48,86212000;2,38015700
202300031969;2;3;2023;22:55;5;75;75102;2;2;1;3;BOULEVARD DE SEBASTOPOL;48,86340200;2,35094800
202300031977;13;4;2023;14:10;1;83;83061;2;9;6;3;AVENUE DU HUIT MAI 1945;43,43263700;6,72520500
202300031978;12;3;2023;14:50;1;43;43234;2;6;1;3;Avenue du GÃ©vaudan;44,95607100;3,54121300
202300031997;22;5;2023;13:20;1;69;69386;2;1;1;1;74 Rue Vauban;45,76543137;4,84947962
202300032003;2;3;2023;16:00;1;94;94017;2;9;1;3;Voie Sonia Delaunay;48,81350000;2,52804000
202300032013;13;4;2023;11:20;1;67;67482;2;3;1;2;CANONNIERS (RUE DES);48,55448000;7,76639000
202300032017;10;11;2023;08:40;1;69;69387;2;1;3;3;Rue Domer;45,74686000;4,84511000
202300032036;3;3;2023;19:40;5;92;92046;2;1;1;2;FABIEN (BOULEVARD DU COLONEL);48,81378952;2,27865055
202300032037;21;5;2023;11:56;1;87;87085;2;1;1;7;CONSTANTY (RUE GEORGES);45,91065000;1,30529000
202300032041;3;3;2023;16:35;1;92;92073;2;9;1;3;SELLIER (BOULEVARD HENRI);48,86469700;2,21900100
202300032062;13;4;2023;18:20;1;36;36044;2;1;8;3;;46,81000000;1,68000000
202300032075;4;3;2023;15:20;1;972;97232;1;1;1;1;Chemin de Morne Raquette;14,53984000; -60,87565700
202300032082;12;4;2023;12:10;1;29;29019;1;2;1;1;route de Kervallan;48,38086000; -4,54786000
202300032087;22;5;2023;11:30;1;67;67447;2;3;1;6;POMPIERS (RUE DES);48,60669000;7,74927000
202300032119;10;11;2023;09:35;1;67;67218;2;3;1;1;BURKEL (ROUTE);48,52265000;7,71580000
202300032126;11;4;2023;11:40;1;09;09122;2;6;1;2;RD 117;42,96358000;1,60423000
202300032127;3;3;2023;15:25;1;44;44029;1;1;1;2;Route de la remaudiere;47,26575822; -1,31680281
202300032131;3;3;2023;14:00;1;35;35327;1;1;1;2;D101;48,10299600; -1,46499600
202300032148;6;10;2023;18:30;1;62;62263;2;9;1;3;Rue FranÃ§ois Broussais;50,28852000;2,73842000
202300032149;3;3;2023;16:45;1;72;72386;1;2;1;3;D314;48,01237000;0,27638600
202300032187;25;6;2023;20:30;1;59;59122;2;6;7;3;LIBERTE (BOULEVARD DE LA);50,17011498;3,23101938
202300032189;22;5;2023;09:05;1;75;75117;2;1;1;6;BOULEVARD BESSIERES;48,89593700;2,31735500
202300032201;22;5;2023;19:30;1;75;75108;2;4;1;3;RUE FRANCOIS 1ER;48,86723600;2,30599000
202300032203;22;5;2023;12:52;1;75;75108;2;3;1;6;RUE DE TILSITT;48,87513100;2,29601000
202300032221;10;11;2023;14:10;1;43;43251;2;6;2;3;Rond-point d'Aielo de Malferit;45,02790000;3,88072000
202300032223;13;12;2023;06:25;4;62;62570;1;1;1;2;D262;50,40685000;2,86699000
202300032233;3;3;2023;13:30;1;31;31395;1;1;1;6;83 Rue de Comminges;43,43373800;1,28489500
202300032279;25;6;2023;12:20;1;45;45234;2;2;1;3;RIOBE (BOULEVARD GUY MARIE);47,91356000;1,90990000
202300032297;10;11;2023;13:50;1;29;29232;2;6;2;3;Rond-Point de Ti Douar;47,98034700; -4,07236100
202300032321;24;6;2023;12:00;1;21;21054;2;4;1;3;SAVIGNY (ROUTE DE);47,04198000;4,83996000
202300032333;22;5;2023;21:05;1;28;28158;1;6;1;1;D921;48,41393500;1,43144100
202300032339;14;12;2023;19:10;5;44;44109;2;6;2;2;91 Boulevard de Doulon;47,22606000; -1,52298000
202300032345;1;3;2023;09:12;1;69;69388;2;2;1;2;Rue Henri Barbusse;45,72980000;4,85382000
202300032356;25;6;2023;08:25;1;75;75119;2;3;1;1;AVENUE CORENTIN CARIOU;48,89578400;2,38360200
202300032365;1;3;2023;08:30;1;69;69384;2;1;1;7;Rue Guitton;45,77974000;4,83959000
202300032368;25;6;2023;05:56;1;75;75116;2;2;1;7;RUE DE BOULAINVILLIERS;48,85273300;2,27589400
202300032391;14;12;2023;12:22;1;27;27562;2;6;1;3;DE GAULLE (BOULEVARD);49,09556000;1,45989000
202300032394;7;11;2023;13:34;1;05;05061;2;1;1;3;PIERRE ET MARIE CURIE ( BD);44,56165000;6,08413000
202300032413;28;2;2023;14:25;1;72;72181;2;4;1;1;ANGEVINIERE (RUE DE L');47,98542000;0,17840000
202300032434;25;6;2023;11:20;1;93;93064;2;2;1;3;Boulevard de la BoissiÃ¨re / Rue du 4e Zouave;48,87120698;2,47096230
202300032446;6;9;2023;14:00;1;10;10343;2;1;1;3;CANAL (RUE DU);48,27305000;4,08987000
202300032453;1;3;2023;16:35;1;59;59512;2;1;7;3;Rue du Grand Chemin;50,69308000;3,16119000
202300032461;25;6;2023;10:30;1;92;92048;2;1;1;3;PARIS (RUE DE) NÂ° 1 A 15BIS;48,81662891;2,24758007
202300032485;14;12;2023;08:30;1;75;75120;2;2;8;1;BOULEVARD DAVOUT;48,84897800;2,41129000
202300032504;6;9;2023;22:25;5;75;75114;2;2;1;3;AVENUE DE LA PORTE DE CHATILLON;48,82264408;2,31484294
202300032511;1;12;2023;20:20;5;75;75116;2;1;1;3;ROUTE DES PINS;48,85461700;2,25064700
202300032521;14;12;2023;12:45;1;75;75115;2;2;1;3;RUE DE L ABBE GROULT;48,83797000;2,29897000
202300032532;17;6;2023;09:15;1;42;42020;1;6;1;3;Route de Montrond;45,63782025;4,20589525
202300032537;25;6;2023;18:40;2;34;34239;2;4;1;2;12 Avenue de LodÃ¨ve;43,65046200;3,50223500
202300032540;14;12;2023;18:10;5;94;94058;2;1;1;1;Avenue Pierre Brossolette;48,83422600;2,51691400
202300032554;24;6;2023;17:12;1;29;29235;2;6;7;3;rue Louis Lichou;48,40486900; -4,41893700
202300032555;14;12;2023;18:40;3;94;94002;2;2;1;1;Rue VÃ©ron;48,80575000;2,41516000
202300032560;13;12;2023;08:00;2;93;93078;2;2;1;3;Boulevard Robert Ballanger / Avenue Paul Vaillant Couturier;48,95460000;2,53610000
202300032565;7;9;2023;11:11;1;92;92049;2;1;1;7;BRIAND AVENUE ARISTIDE NÂ°1 A 129;48,81309029;2,32608676
202300032570;7;9;2023;19:15;1;92;92012;2;1;1;6;HEINRICH (RUE);48,82745192;2,24518955
202300032571;26;6;2023;12:30;1;14;14582;1;1;1;2;786 Route de Saint-Martin de la Lieue;49,08130100;0,19298000
202300032585;8;9;2023;08:00;1;31;31454;2;1;1;2;245 Route de BÃ©rat;43,41195300;1,12860900
202300032588;13;12;2023;14:25;1;92;92046;2;2;1;3;LOUIS BLANC (RUE);48,82049841;2,30394579
202300032590;25;6;2023;08:50;1;53;53062;2;6;7;3;RN162;47,82531000; -0,68758000
202300032593;10;8;2023;19:40;3;974;97416;1;1;1;2;Pont de la RiviÃ¨re Saint-Etienne; -21,29765600;55,41860600
202300032608;8;9;2023;08:45;1;74;74177;1;4;1;3;D27;46,04936700;6,17747100
202300032634;13;12;2023;16:45;2;87;87143;1;3;1;3;RD28 PK6;45,91749900;1,12246200
202300032664;15;12;2023;17:45;3;81;81262;1;1;1;2;D922;44,06835900;1,97046900
202300032697;24;6;2023;20:45;1;72;72181;2;4;1;1;MUSSET ALFRED DE (RUE);47,99049000;0,20239000
202300032719;23;6;2023;17:36;1;91;91692;2;3;1;3;MILLEPERTUIS (RESIDENCE LES);48,68253000;2,17090000
202300032734;24;6;2023;11:30;1;78;78551;1;1;1;3;RD 190;48,91584000;2,06576000
202300032741;8;9;2023;08:12;1;84;84034;1;1;7;2;235 Route de l?Isle sur la Sorgue;43,89625200;4,97815200
202300032755;8;9;2023;19:00;1;65;65481;1;1;1;6;D918;42,90746100;0,14374500
202300032756;24;6;2023;10:10;1;67;67482;2;1;1;3;FORET NOIRE (AVENUE DE LA);48,58441000;7,76971000
202300032762;23;6;2023;11:55;1;67;67365;2;1;1;1;LILAS (RUE DES);48,55316000;7,71271000
202300032765;24;6;2023;19:29;1;64;64189;2;9;1;3;MITTERRAND FRANCOIS  (AVENUE);43,38267000; -1,66655000
202300032768;15;12;2023;09:30;1;13;13073;2;1;1;1;D908;43,38691100;5,55568600
202300032825;11;10;2023;09:00;1;37;37233;2;6;1;6;BLANQUI (RUE);47,39490000;0,71827000
202300032840;6;9;2023;08:30;1;69;69386;2;1;1;3;Boulevard Jules Favre;45,76800000;4,85915000
202300032852;13;12;2023;13:55;1;973;97302;2;1;1;7;SOURCE DE BADUEL (CHEMIN DE LA);4,92531000; -52,30843000
202300032854;13;12;2023;18:30;5;69;69383;2;9;1;6;Cours Lafayette;45,76363000;4,86236000
202300032858;13;12;2023;13:50;1;69;69383;2;3;1;3;Rue GÃ©nÃ©ral Mouton-Duvernet;45,74995000;4,86050000
202300032871;13;12;2023;19:28;3;2B;2B120;2;1;1;3;11 - RT;42,66279000;9,44254000
202300032880;5;9;2023;08:00;1;56;56121;2;1;1;1;VERDUN (RUE  DE );47,76023000; -3,36567000
202300032881;5;9;2023;07:00;2;56;56121;2;1;1;6;GAULLE ( AVE DU GENERAL DE );47,74139000; -3,37276000
202300032888;6;9;2023;07:50;1;45;45234;2;2;1;2;10 Boulevard Guy-Marie RiobÃ©;47,91353000;1,90988000
202300032894;6;9;2023;13:45;1;33;33069;2;2;1;3;Boulevard Godard;44,86247253; -0,58469206
202300032903;13;12;2023;20:10;5;76;76540;2;2;2;3;Rue Saint Filleul;49,44700070;1,06980121
202300032909;3;9;2023;17:35;1;19;19031;2;3;1;3;LATRADE (RUE LOUIS);45,16222000;1,53064000
202300032910;13;12;2023;19:30;4;73;73065;2;2;3;3;ROISSARD CHARLES (QUAI);45,56909502;5,91952533
202300032922;6;9;2023;16:30;1;75;75120;2;2;1;6;RUE BELGRAND;48,86466300;2,40462900
202300032926;6;9;2023;16:55;1;75;75115;2;2;1;1;RUE LECOURBE;48,83860400;2,28941600
202300032927;6;9;2023;16:39;1;75;75113;2;1;1;6;RUE JENNER;48,83587000;2,36109100
202300032947;9;10;2023;09:55;1;13;13008;2;1;1;7;Route de Pelissanne;43,66158900;5,15614500