Num_Acc;jour;mois;an;hrmn;lum;dep;com;agg;int;atm;col;adr;lat;long
202300032953;8;10;2023;20:20;5;973;97311;2;3;1;1;Avenue Christophe Colomb;5,47676000; -54,03855100
202300032957;7;10;2023;15:10;1;95;95438;1;1;1;7;D159;49,13267900;1,93157700
202300032958;8;10;2023;11:10;1;78;78334;2;3;1;3;D58;48,72397100;1,95617300
202300033021;7;10;2023;17:05;1;77;77285;2;1;1;3;BOIS GUYOT (RUE DU);48,53802000;2,62280000
202300033031;7;10;2023;15:30;1;67;67482;2;3;1;3;GENERAL DE GAULLE (AVENUE DU);48,58092000;7,76979000
202300033037;7;10;2023;10:10;1;59;59350;2;1;1;3;LAMBRET OSCAR AVENUE;50,61680000;3,03397000
202300033041;7;10;2023;19:49;5;45;45234;2;6;1;1;1 Boulevard Saint-Euverte;47,90111000;1,91922000
202300033053;7;10;2023;22:00;5;31;31555;2;2;1;3;AV DE FRONTON;43,63650000;1,43330000
202300033056;17;1;2023;21:20;5;75;75105;2;4;1;3;BOULEVARD SAINT MICHEL;48,84086100;2,33733300
202300033058;19;1;2023;15:50;1;75;75119;2;3;1;3;RUE DE MEAUX;48,88219900;2,37452200
202300033061;19;1;2023;11:20;1;75;75109;2;3;1;1;RUE DES MARTYRS;48,87891400;2,33983100
202300033071;19;1;2023;20:50;5;75;75112;2;2;2;3;RUE JOSEPH KESSEL;48,83376300;2,38256900
202300033074;6;10;2023;17:55;1;14;14242;2;1;1;2;21 Rue de Lebisey;49,22182100; -0,36382600
202300033076;19;1;2023;15:40;1;75;75102;2;2;1;6;BOULEVARD DE SEBASTOPOL;48,86442000;2,35149300
202300033091;18;1;2023;18:50;5;93;93010;2;6;2;2;Rue du Verger;48,91815001;2,47684888
202300033093;7;10;2023;12:19;1;10;10081;2;3;1;3;MOULIN (RUE DU);48,30819000;4,03504000
202300033094;18;1;2023;13:30;1;92;92073;2;1;1;6;VERDUN (RUE DE);48,87220276;2,22853214
202300033114;7;10;2023;20:25;5;75;75120;2;3;1;6;RUE SAINT BLAISE;48,85969600;2,40485500
202300033130;7;10;2023;00:35;5;75;75110;2;1;1;2;RUE YVES TOUDIC;48,86886000;2,36467800
202300033141;7;10;2023;17:00;1;94;94021;2;1;1;6;43 Av du Pdt Franklin Roosevelt;48,77132900;2,36117900
202300033163;6;10;2023;18:00;2;86;86046;2;6;1;3;Place Michel Gaudineau;46,77408900;0,53678200
202300033165;6;10;2023;16:30;1;52;52114;2;9;1;3;D65;48,03175200;4,91290600
202300033171;23;9;2023;10:40;1;01;01353;1;1;1;3;D28;45,96478400;4,79848800
202300033176;7;10;2023;15:30;1;30;30209;2;3;1;3;Chemin de la Poste;44,00922500;4,78376900
202300033182;7;10;2023;12:10;1;77;77519;2;1;1;6;39 rue de la gare;48,65040100;3,40903900
202300033190;5;10;2023;17:10;1;33;33480;1;1;1;4;59 Lieu Dit les Grandes Versannes;44,88496800; -0,19941800
202300033200;16;1;2023;19:30;5;67;67482;2;1;6;3;SPIELMANN (RUE);48,57601000;7,75298000
202300033203;17;1;2023;20:40;5;59;59328;2;2;9;3;HIPPODROME AV DE L NÂ°169 AU 135;50,64096000;3,03168000
202300033205;17;1;2023;18:25;5;56;56098;2;6;8;3;Avenue SALVADOR ALLENDE;47,75936000; -3,32644000
202300033208;17;1;2023;18:35;3;54;54328;2;3;4;3;route de mirecourt;48,61604000;6,17633000
202300033209;17;1;2023;08:25;1;54;54395;2;1;1;1;Place Paul Painleve;48,68247000;6,16595000
202300033221;18;1;2023;08:50;1;33;33318;2;5;8;3;Rue du Pin Vert;44,80948194; -0,62678665
202300033233;18;1;2023;07:35;5;07;07019;2;6;8;3;DELATTRE DE TASSIGNY(AVENUE);44,61046000;4,39000000
202300033239;18;1;2023;20:25;5;75;75119;2;7;8;7;AVENUE JEAN JAURES;48,88278500;2,37028500
202300033240;18;1;2023;15:30;1;75;75119;2;3;1;6;RUE DE BELLEVILLE;48,87527300;2,39522300
202300033241;18;1;2023;16:00;1;75;75117;2;1;1;3;BOULEVARD BESSIERES;48,89650200;2,31939900
202300033248;18;1;2023;19:45;5;75;75101;2;3;1;6;RUE DE RIVOLI;48,86376400;2,33211600
202300033256;17;1;2023;08:40;1;94;94041;2;3;1;3;Rue Victor Hugo / Quai Marcel Boyer;48,82240000;2,39234000
202300033267;18;1;2023;08:35;1;92;92062;2;1;1;2;PUTEAUX (PONT DE);48,87724105;2,24402457
202300033285;17;1;2023;11:15;1;973;97302;2;2;1;3;VOLTAIRE(AVENUE);4,94235483; -52,32242256
202300033288;17;1;2023;12:45;1;69;69034;2;1;8;3;3 Route de Strasbourg;45,79124000;4,86229000
202300033289;17;1;2023;07:30;4;69;69081;2;1;2;3;9 Avenue Edouard Aynard;45,77623000;4,77881000
202300033292;17;1;2023;06:40;1;971;97113;1;1;1;3;RN4-ROND POINT SAINT FELIX;16,20760000; -61,45709000
202300033295;17;1;2023;19:06;5;91;91161;2;3;2;1;RUE DU BIEF;48,69147800;2,31564400
202300033301;17;1;2023;19:05;5;78;78440;2;3;1;3;ARISTIDE BRIAND (RUE);48,98384800;1,91163100
202300033307;17;1;2023;19:30;5;59;59527;2;1;1;1;LECLERC RUE DU GENERAL;50,66138000;3,05028000
202300033308;12;1;2023;18:00;2;59;59507;2;1;3;1;JAURES JEAN AVENUE.;50,60709000;3,07660000
202300033310;17;1;2023;08:40;1;56;56260;2;6;8;3;RACKER(GIRATOIRE DU);47,63851100; -2,76761100
202300033317;29;7;2023;20:30;2;94;94028;2;3;1;3;Rue ChÃ©ret;48,80107754;2,46425003
202300033352;27;7;2023;18:30;1;85;85194;2;2;1;3;ESTIENNE D'ORVES (R-P HONORE D');46,50276000; -1,79819000
202300033370;29;7;2023;00:36;4;64;64024;2;1;1;1;PINANE (RUE DE);43,48881000; -1,51955000
202300033378;27;7;2023;12:00;1;51;51108;2;3;1;3;MARNE (RUE DE LA);48,95599000;4,35922000
202300033386;18;6;2023;16:30;1;47;47001;2;6;1;3;DUNKERQUE (QUAI DE);44,20876000;0,62790000
202300033391;28;7;2023;06:50;1;38;38185;2;2;2;3;Avenue Paul Verlaine;45,16183000;5,71571000
202300033400;16;6;2023;19:00;1;33;33529;1;1;1;6;LIGNON (BD LOUIS);44,63350779; -1,18222386
202300033403;17;6;2023;10:20;1;29;29232;1;1;1;3;Rue Henri Barbusse;47,99039900; -4,07394000
202300033437;22;7;2023;14:25;1;02;02408;2;6;1;2;;49,56864000;3,64677000
202300033454;26;7;2023;11:40;1;94;94017;2;3;1;2;Avenue du GÃ©nÃ©ral de Gaulle;48,82746000;2,52208000
202300033481;29;7;2023;07:20;2;12;12231;1;1;7;2;Camping La Dourbie;44,01972700;3,34625700
202300033486;9;11;2023;23:40;5;75;75117;2;1;1;2;BOULEVARD PEREIRE;48,88573500;2,29916700
202300033490;28;7;2023;20:00;1;25;25410;2;1;1;1;11 Rue de l'Eglise;47,22569200;6,06646500
202300033494;7;11;2023;17:00;1;75;75116;2;2;1;3;ALLEE DE LONGCHAMP;48,87252200;2,26442500
202300033498;10;11;2023;11:40;1;75;75114;2;4;1;3;AVENUE DU GENERAL LECLERC;48,82877800;2,32770400
202300033501;9;11;2023;18:20;5;75;75112;2;3;1;3;AVENUE DAUMESNIL;48,84483600;2,38044400
202300033503;10;11;2023;20:35;5;75;75111;2;4;1;1;BOULEVARD VOLTAIRE;48,85735400;2,38083900
202300033506;10;11;2023;16:28;1;75;75107;2;3;3;3;AVENUE DE LOWENDAL;48,85392500;2,31030500
202300033509;27;7;2023;16:02;2;43;43184;1;9;1;2;RD6;45,34195100;4,27256600
202300033511;10;11;2023;00:20;5;75;75104;2;3;1;3;RUE SAINT ANTOINE;48,85398200;2,36478500
202300033516;28;7;2023;08:10;1;30;30152;1;3;1;3;Route de Saint Ambroix;44,24341400;4,17850300
202300033529;28;7;2023;14:00;1;987;98740;1;1;1;3;Avatoru - Lafayette; -15,36400000; -147,96400000
202300033567;8;11;2023;16:10;1;92;92025;2;1;2;3;BOURNARD (RUE DU);48,92348245;2,25734782
202300033576;12;4;2023;20:43;5;75;75108;2;2;1;5;BOULEVARD DE COURCELLES;48,87866900;2,30085400
202300033578;13;4;2023;19:30;1;75;75105;2;2;1;2;BOULEVARD SAINT MICHEL;48,85139700;2,34317500
202300033590;11;11;2023;11:35;1;14;14689;1;3;2;6;1 Rue Sannesson;48,97974500; -0,52628200
202300033595;13;4;2023;13:15;1;75;75115;2;1;2;2;BOULEVARD DE VAUGIRARD;48,84136500;2,31850700
202300033597;13;4;2023;17:26;1;75;75113;2;7;1;2;PLACE D ITALIE;48,83186900;2,35526600
202300033600;12;4;2023;09:00;1;75;75113;2;4;2;3;BOULEVARD DE L HOPITAL;48,83982900;2,36166700
202300033602;12;4;2023;22:00;5;75;75120;2;2;8;3;BOULEVARD DAVOUT;48,85352600;2,41079100
202300033605;13;4;2023;16:15;1;75;75110;2;3;1;6;RUE D ABBEVILLE;48,87857500;2,35054500
202300033610;12;4;2023;19:00;1;75;75108;2;3;4;3;RUE DE CONSTANTINOPLE;48,88088900;2,31759000
202300033615;12;4;2023;08:50;1;75;75104;2;3;2;6;RUE SAINT ANTOINE;48,85325400;2,36859000
202300033619;10;11;2023;17:30;2;41;41214;2;1;2;6;Rue de la Cavee;47,92587100;1,20506000
202300033653;13;4;2023;07:25;1;92;92046;2;3;1;3;HOCHE;48,81296829;2,29310900
202300033675;20;5;2023;00:10;5;75;75113;2;3;1;3;AVENUE D ITALIE;48,82579300;2,35742200
202300033681;21;5;2023;20:25;1;75;75111;2;9;1;2;BOULEVARD RICHARD LENOIR;48,85547900;2,38183200
202300033697;28;2;2023;18:25;1;44;44184;1;6;1;3;Route des Forges;47,26789000; -2,27812000
202300033703;1;3;2023;08:50;1;37;37233;2;3;1;3;SEMARD (RUE PIERRE);47,38723000;0,71304000
202300033716;1;3;2023;19:05;5;33;33063;2;1;1;3;Avenue d'Ares;44,83864000; -0,62031000
202300033720;1;3;2023;15:00;1;33;33119;2;1;1;2;Boulevard Entre Deux Mers;44,84631425; -0,53611189
202300033739;13;4;2023;10:10;1;17;17385;2;6;1;3;Rue de la Liberation;45,94480500; -1,30958300
202300033758;14;4;2023;11:25;1;08;08449;1;4;1;3;D16/ D20;49,71379000;4,50874000
202300033762;13;4;2023;17:51;1;68;68321;2;3;1;3;Rue de la RÃ©publique;47,82841800;7,25099000
202300033770;9;11;2023;22:35;3;75;75117;2;1;8;3;BOULEVARD BERTHIER;48,89245000;2,30913000
202300033771;2;3;2023;17:45;1;75;75118;2;7;1;6;PLACE DE LA CHAPELLE;48,88478300;2,35928200
202300033778;7;11;2023;20:58;5;75;75114;2;2;1;3;RUE VERCINGETORIX;48,83277000;2,31149000
202300033793;8;11;2023;17:00;5;75;75107;2;2;2;7;RUE DE LILLE;48,86002400;2,32457400
202300033795;2;3;2023;08:40;1;75;75115;2;1;1;3;RUE SAINT CHARLES;48,84068300;2,28036700
202300033796;21;5;2023;12:10;1;83;83152;2;3;1;1;D559;43,15650229;6,47234023
202300033797;9;11;2023;09:35;1;75;75102;2;1;1;7;RUE DE CLERY;48,86871000;2,34866800
202300033798;23;6;2023;13:50;1;56;56121;2;6;1;3;KERLIN (RUE  DE );47,74724000; -3,37655000
202300033806;27;5;2023;15:00;1;42;42218;1;1;1;3;D3;45,43395044;4,30323958
202300033809;2;3;2023;18:30;5;75;75110;2;4;1;3;BOULEVARD DE MAGENTA;48,87553800;2,35673200
202300033814;2;3;2023;12:15;1;75;75109;2;1;1;6;RUE JEAN BAPTISTE PIGALLE;48,88160800;2,33670600
202300033823;1;3;2023;15:35;1;75;75108;2;2;8;3;RUE BALZAC;48,87440182;2,30105639
202300033836;2;3;2023;07:50;1;75;75102;2;2;1;3;BOULEVARD DE SEBASTOPOL;48,86705200;2,35297400
202300033838;9;11;2023;07:10;2;93;93001;2;2;1;3;Pont du Landy / Quai Lucien Lefranc;48,91527500;2,37134400
202300033841;1;3;2023;09:10;1;94;94068;2;6;1;3;Place d'Adamville Kennedy;48,79385509;2,48661000
202300033851;11;4;2023;16:21;1;60;60612;2;1;1;6;34 Rue de Brichebay;49,19710000;2,57028200
202300033856;8;11;2023;15:50;1;92;92063;2;9;2;2;BRU (PLACE DU DOCTEUR JEAN);48,87624713;2,20113471
202300033865;9;11;2023;09:00;1;92;92040;2;1;8;2;VICTOR CRESSON (AVENUE) DU 02 AU 40;48,82382000;2,27237000
202300033902;25;2;2023;14:15;1;33;33308;2;1;1;7;Lieu Dit Mourisset;44,65727500; -0,28489900
202300033923;24;6;2023;14:15;1;75;75116;2;3;1;6;RUE BENJAMIN FRANKLIN;48,86042400;2,28590900
202300033953;24;6;2023;16:35;1;75;75101;2;3;1;7;RUE DE RIVOLI;48,86466700;2,32929900
202300033969;3;3;2023;01:15;4;971;97128;1;1;1;2;Fonds Thezan;16,21907400; -61,40677200
202300033977;7;11;2023;12:30;1;44;44158;2;1;1;3;23 Boulevard du GÃ©nÃ©ral Leclerc;47,27497100; -1,78425400
202300033978;11;4;2023;08:15;1;69;69142;2;1;1;3;Pont de La MulatiÃ¨re;45,72952000;4,81608000
202300034000;8;11;2023;08:35;1;38;38039;2;2;1;3;RD1090;45,27044700;5,86740700
202300034050;20;5;2023;12:00;1;50;50298;1;1;1;3;Route de PÃ©riers;49,26709700; -1,29079700
202300034070;12;4;2023;08:10;1;64;64269;2;1;1;3;INDUSTRIE DE L';43,28997000; -0,31087000
202300034093;23;6;2023;18:45;1;92;92004;2;1;1;6;BOURGUIGNONS (RUE 2 A 104 );48,91493269;2,27504835
202300034096;25;6;2023;09:55;1;60;60623;2;1;1;6;61 Rue du MarÃ©chal de Boufflers;49,54692800;1,85713500
202300034153;12;4;2023;10:50;1;33;33550;2;6;2;3;Rue de la Croix de Monjous;44,77948000; -0,58797000
202300034179;25;6;2023;13:30;1;11;11163;1;1;1;7;;42,76183300;2,32520900
202300034185;4;4;2023;14:00;1;13;13004;2;7;1;1;RUE JEAN JAURES;43,67664000;4,62779000
202300034224;24;6;2023;17:45;1;66;66085;1;1;1;2;;42,58118375;2,35233486
202300034227;28;2;2023;12:15;1;67;67482;2;1;1;3;COLMAR (AVENUE DE);48,54914000;7,74150000
202300034230;27;2;2023;11:20;1;67;67482;2;3;7;3;CLEMENCEAU (BOULEVARD);48,59056000;7,74461000
202300034244;12;4;2023;09:15;1;75;75117;2;1;2;3;AVENUE DE WAGRAM;48,87722100;2,29751700
202300034259;19;5;2023;10:20;1;76;76351;2;1;1;7;ROGER MEUNIER;49,48199000;0,11480000
202300034264;28;2;2023;06:50;5;50;50129;2;9;1;3;LEMONNIER (AVENUE AMIRAL);49,63463000; -1,60167000
202300034305;18;5;2023;22:50;5;67;67482;2;1;1;1;HOCHFELDEN (RUE DE);48,59130000;7,73136000
202300034314;28;2;2023;06:30;5;33;33281;2;3;1;1;Rue Paul Dukas;44,82696000; -0,66417000
202300034321;25;6;2023;15:00;1;974;97415;1;6;1;6;route de saint-pierre; -21,08790400;55,23754100
202300034327;18;5;2023;21:10;1;61;61001;2;1;1;3;Avenue Pierre Mauger;48,41184100;0,09584600
202300034332;25;2;2023;11:35;1;19;19031;2;6;1;3;AUDIERNE (RUE RENE);45,16726000;1,54247000
202300034333;12;4;2023;17:50;1;92;92035;2;7;1;6;KlÃ©ber ( rue );48,90556373;2,23967671
202300034349;25;6;2023;09:45;1;66;66112;1;1;1;1;;42,58099000;2,73643800
202300034366;17;5;2023;16:45;1;49;49007;2;1;1;3;CHATENAY AVENUE VICTOR;47,48258000; -0,52144000
202300034381;1;3;2023;19:01;5;75;75116;2;1;1;3;AVENUE DE VERSAILLES;48,84670600;2,27303000
202300034382;12;4;2023;15:25;1;33;33507;1;2;1;3;RD12 lieu dit broustey;44,39381800; -0,19678800
202300034395;1;3;2023;08:50;1;75;75115;2;2;1;6;RUE AUGUSTE CHABRIERES;48,83512500;2,28904500
202300034455;6;9;2023;09:45;1;75;75109;2;3;1;6;RUE DES MARTYRS;48,87729800;2,33939100
202300034465;13;12;2023;21:10;5;62;62160;2;6;2;3;D940;50,71435951;1,60705590
202300034473;13;12;2023;11:30;1;59;59350;2;4;3;1;SOLFERINO RUE NÂ°2 - 108;50,63488000;3,04755000
202300034486;7;12;2023;17:25;2;49;49099;2;6;2;6;BOIS LAVAU (BOULEVARD DES);47,07266000; -0,89885000
202300034526;4;9;2023;07:40;2;51;51352;1;1;1;3;D16 - Sens REIMS LA BRULEE/MAROLLES;48,72265100;4,63163900
202300034532;7;9;2023;11:10;1;05;05161;1;1;1;1;Route du Granon;44,96144368;6,58739483
202300034555;13;12;2023;19:40;5;75;75111;2;2;2;1;RUE DE CHARONNE;48,85575200;2,39132800
202300034557;13;12;2023;13:40;1;75;75111;2;1;2;6;RUE DE LA ROQUETTE;48,85490000;2,37302000
202300034560;7;9;2023;16:20;1;55;55568;1;1;1;3;D997;48,71184900;5,06166300
202300034572;2;9;2023;15:00;1;01;01272;1;1;1;6;3373 route des gouttes;46,13827400;5,03624400
202300034582;13;12;2023;10:20;1;92;92009;2;1;1;3;AGENT SARRE ( RUE DE L' );48,92652976;2,27247030
202300034626;6;9;2023;14:45;1;17;17283;2;1;1;6;Rue Adolphe Thiers;45,57922200; -0,54450500
202300034633;7;9;2023;08:35;1;22;22136;2;1;1;2;Boulevard de Penthievre;48,18797800; -2,75625400
202300034661;4;9;2023;19:50;1;54;54257;2;1;7;2;Route de Fleville;48,65103791;6,20799422
202300034672;5;9;2023;07:10;1;974;97416;2;6;7;1;BASSIN PLAT(CHEMIN); -21,32527700;55,48628000
202300034676;5;9;2023;22:20;5;69;69383;2;2;1;3;Rue AndrÃ© Philip;45,75279000;4,85209000
202300034687;5;9;2023;08:00;1;95;95280;2;6;1;3;JACQUES ANQUETIL (AVENUE);49,02288000;2,45772000
202300034693;4;9;2023;17:35;1;88;88383;2;1;7;6;RUE GEORGES LANG;48,01312109;6,59442008
202300034695;4;9;2023;12:00;1;85;85194;2;3;1;1;intersection avenue du pas du bois- rue jean de la bruyÃ¨re;46,49761000; -1,74136000
202300034767;5;9;2023;20:00;2;35;35238;2;1;1;2;SAINT-HELIER;48,10598642; -1,66653425
202300034780;5;9;2023;18:10;1;27;27681;2;2;7;1;AZEMIA (BOULEVARD GEORGES);49,08010000;1,48654000
202300034786;5;9;2023;18:00;1;17;17415;2;3;1;3;DE GAULLE COURS CHARLES;45,74237600; -0,62619500
202300034790;5;9;2023;13:10;1;13;13075;2;9;1;3;PAUL SIRVENT (AVE);43,34325000;5,46753000
202300034806;5;9;2023;17:45;1;75;75118;2;3;1;3;RUE DE LA CHAPELLE;48,89202000;2,35988200
202300034818;12;12;2023;17:35;5;64;64445;1;6;2;3;COPERNIC;43,32348659; -0,32586694
202300034822;10;10;2023;11:00;1;64;64024;1;9;1;7;BARRE (Parking de la);43,52754000; -1,51840000
202300034828;12;12;2023;19:25;5;59;59163;2;3;2;7;DUQUENIERE (RUE DE LA);50,67819000;3,15511000
202300034832;12;12;2023;14:05;1;57;57463;2;1;8;3;STRASBOURG (AVENUE DE );49,09316000;6,22265000
202300034836;12;12;2023;08:20;1;49;49007;2;6;1;1;LEROY PLACE;47,46477000; -0,54893000
202300034842;8;12;2023;17:45;3;36;36159;1;1;2;3;Route de Varennes;46,78304642;1,74619808
202300034844;11;12;2023;22:00;5;35;35115;2;1;2;2;FAUCHEUX (BD JACQUES);48,35522800; -1,20837000
202300034857;12;12;2023;19:45;5;25;25056;2;6;1;3;SAVARY RUE ALAIN;47,25209000;5,99846000
202300034863;6;10;2023;18:10;1;68;68218;2;6;1;3;71 Rue de Mulhouse;47,73687615;7,28790897
202300034895;5;10;2023;17:00;1;973;97309;2;3;1;3;Route de Montjoly;4,92295200; -52,28224000
202300034920;1;10;2023;10:18;1;47;47157;2;2;7;3;Lestang;44,50141200;0,15894500
202300034946;6;10;2023;16:30;1;69;69388;2;1;1;3;Route de Vienne;45,73265662;4,85346131
202300034947;6;10;2023;08:40;1;69;69388;2;2;1;5;Rue Antoine LumiÃ¨re;45,74033000;4,86769000
202300034962;6;10;2023;14:20;1;78;78551;1;1;1;2;CENTRALE (ROUTE);48,98445300;2,11777000
202300034969;6;10;2023;09:05;1;72;72181;2;9;1;3;BERTINIERE (RUE DE LA) NÂ° IMP;47,99234000;0,21650000
202300034976;6;10;2023;07:58;1;64;64445;2;6;1;3;GENERAL DE GAULLE DU;43,30265000; -0,35206000
202300035021;6;10;2023;17:52;1;44;44109;2;1;1;3;77 Rue du Port Boyer;47,24195000; -1,54001000
202300035042;12;1;2023;12:55;1;69;69388;2;3;1;3;89 Avenue Paul Santy;45,73148374;4,87405658
202300035046;5;10;2023;17:25;1;23;23096;2;3;7;3;BERRY (AVENUE DU);46,18030000;1,88400000
202300035059;5;10;2023;15:45;1;15;15014;2;1;1;6;PUPILLES DE LA NATION (AVENUE DES);44,91956000;2,43901000
202300035061;5;10;2023;13:05;1;14;14366;2;1;1;3;15 Rue Roger Aini;49,14545000;0,23557000
202300035067;7;1;2023;19:10;5;84;84007;2;4;1;3;MONTFAVET (Route);43,93951000;4,84232000
202300035069;13;1;2023;12:25;1;83;83009;2;1;1;4;BEAUSSET (ROUTE DU);43,14154788;5,77026710
202300035089;5;10;2023;23:52;5;75;75105;2;2;1;2;BOULEVARD SAINT MICHEL;48,85138118;2,34318084
202300035095;6;10;2023;13:45;1;75;75113;2;2;1;3;RUE DE TOLBIAC;48,82618000;2,35725900
202300035102;6;10;2023;22:00;5;75;75110;2;1;1;3;RUE DU FAUBOURG SAINT MARTIN;48,87455000;2,35874900
202300035105;6;10;2023;20:15;5;75;75110;2;2;1;2;BOULEVARD DE MAGENTA;48,87329300;2,35874300
202300035107;6;10;2023;15:05;1;75;75110;2;2;1;3;BOULEVARD DE LA VILLETTE;48,88149200;2,37005600
202300035117;4;10;2023;15:05;1;75;75101;2;2;1;1;BOULEVARD DE SEBASTOPOL;48,85852000;2,34822400
202300035123;10;1;2023;12:46;1;40;40192;2;1;1;2;PLACE SAINT ROCH;43,88891800; -0,49959868
202300035148;17;1;2023;08:36;1;75;75106;2;1;1;6;RUE JACOB;48,85603300;2,33249400
202300035159;16;1;2023;19:15;5;75;75114;2;7;2;6;PLACE DU VINGT CINQ AOUT 1944;48,82208100;2,32543800
202300035160;16;1;2023;17:54;2;75;75110;2;2;2;7;BOULEVARD DE MAGENTA;48,87633534;2,35598266
202300035163;17;1;2023;17:05;5;75;75103;2;3;8;3;BOULEVARD BEAUMARCHAIS;48,85759900;2,36803400
202300035200;15;1;2023;15:15;1;974;97416;2;1;1;3;COLARDEAU (CHEMIN FERNAND); -21,33770000;55,46401000
202300035233;16;1;2023;19:40;5;75;75106;2;4;1;3;BOULEVARD SAINT MICHEL;48,84142100;2,33749900
202300035247;28;7;2023;09:45;1;63;63077;1;4;1;1;D996;45,57789800;2,88087500
202300035276;16;6;2023;07:40;1;976;97611;2;1;1;3;Avenue Martin Luther King; -12,77100000;45,22526700
202300035281;15;6;2023;07:45;1;974;97407;2;3;1;1;ANGLAIS (CHE DES) - RIVIERE DES GALETS ; -20,95543000;55,31474000
202300035286;15;6;2023;19:20;5;973;97302;2;2;1;3;N'ZILA (CITE);4,93588309; -52,32466677
202300035289;16;6;2023;12:25;1;69;69387;2;7;1;6;Place Jean MacÃ©;45,74523000;4,84179000
202300035290;16;6;2023;08:30;1;69;69388;2;2;1;3;Rue Villon;45,74056000;4,86388000
202300035303;15;6;2023;18:29;1;95;95277;2;1;1;2;POMPIDOU GEORGES (AVENUE);48,99044730;2,43018329
202300035312;15;6;2023;17:17;1;91;91433;2;1;1;6;AUVERS (RUE D');48,46914000;2,19515000
202300035315;26;7;2023;19:15;1;83;83069;2;1;1;1;MADRAGUE (ROUTE DE LA);43,04107000;6,12795000
202300035322;14;6;2023;11:04;1;72;72181;2;1;1;3;MAC JEAN (AV) NÂ° IMP 107 ET plus;47,97922000;0,22480000
202300035323;26;7;2023;08:30;1;71;71270;2;9;1;3;SAINT-CLEMENT (PLACE);46,29759000;4,82128000
202300035330;27;7;2023;15:45;1;67;67218;2;1;1;3;GLACIERE (RUE DE LA);48,53130000;7,71370000
202300035332;18;4;2023;18:59;1;65;65440;2;2;1;3;Rue Massey;43,23960000;0,07381000
202300035335;16;6;2023;09:30;1;63;63113;2;1;1;6;AUGER (RUE);45,78202000;3,10590000
202300035351;14;6;2023;19:45;1;51;51454;2;6;1;3;avenue FranÃ§ois Mauriac;49,23290100;4,00400600
202300035354;15;6;2023;17:15;1;49;49267;1;6;1;3;CHANTERIE;47,48143000; -0,49148000
202300035360;16;6;2023;01:40;5;37;37261;2;2;1;3;PAS NOTRE-DAME (RUE DU);47,41424000;0,69666000
202300035364;16;6;2023;19:15;1;35;35238;2;6;1;3;FORCES FRANCAISES DE L'ONU (ROND POINT);48,08961000; -1,68179000
202300035382;16;6;2023;10:52;1;17;17300;2;1;1;6;GUILBAUD   RUE;46,16565600; -1,15903700
202300035384;22;7;2023;12:53;1;15;15014;2;6;1;2;N122 giratoire de l 'europe;44,90825000;2,42250000
202300035402;27;7;2023;19:30;1;75;75118;2;2;2;3;RUE DAMREMONT;48,89055100;2,33428900
202300035404;26;7;2023;14:00;1;75;75117;2;3;1;3;RUE DE TOCQUEVILLE;48,88671600;2,30865700
202300035405;27;7;2023;17:20;1;75;75115;2;2;2;1;RUE DE LA CONVENTION;48,84109600;2,28790300
202300035409;25;7;2023;17:30;1;75;75103;2;2;2;3;BOULEVARD DE SEBASTOPOL;48,86622000;2,35253300
202300035412;24;7;2023;08:30;1;94;94015;2;1;1;3;Rue basse d'Aval;48,83388600;2,51857700
202300035419;27;7;2023;14:18;1;92;92025;2;1;2;5;VALMY (PLACE);48,93654616;2,25714684
202300035421;27;7;2023;17:32;1;92;92014;2;2;3;3;FONTENAY (RUE);48,78313000;2,31507000
202300035425;27;7;2023;18:50;1;06;06161;1;1;1;3;1321 Route du Bord de Mer;43,62793800;7,13380400
202300035436;19;5;2023;15:40;1;31;31555;2;1;1;3;AV DU DR MAURICE GRYNFOGEL;43,58007188;1,36858039
202300035437;17;5;2023;11:35;1;31;31555;2;1;1;2;METZ (RUE DE) DU 1AU 19;43,60009723;1,44259326
202300035450;19;5;2023;16:18;1;17;17300;2;2;1;3;MOULIN   AVENUE JEAN;46,14470000; -1,13787000
202300035462;19;5;2023;14:15;1;13;13208;2;1;8;3;RABATAU (BOULEVARD);43,27682000;5,39890000
202300035496;19;5;2023;18:53;1;75;75119;2;2;1;3;RUE DE CRIMEE;48,87958000;2,38951000
202300035506;23;6;2023;12:35;1;61;61001;2;1;1;3;Rue Georges Leclanche;48,44946000;0,08948000
202300035510;20;5;2023;04:52;5;75;75114;2;4;1;3;AVENUE ERNEST REYER;48,82353600;2,31943900
202300035512;19;5;2023;12:00;1;75;75114;2;3;1;3;AVENUE DU GENERAL LECLERC;48,82468800;2,32596300
202300035514;18;5;2023;00:25;5;75;75114;2;2;1;2;RUE DIDOT;48,82921900;2,31729500
202300035517;20;5;2023;17:40;1;75;75113;2;2;1;6;RUE CANTAGREL;48,82705800;2,37424100
202300035524;19;5;2023;12:00;1;75;75110;2;1;1;2;BOULEVARD DE LA CHAPELLE;48,88425700;2,35837800
202300035537;22;6;2023;08:05;1;49;49007;2;3;1;3;Rue de Bel Air;47,46456000; -0,55208000
202300035545;8;11;2023;17:45;4;59;59350;2;2;2;3;SOLFERINO RUE NÂ°208-FIN-161-FIN;50,62438000;3,06778000
202300035547;23;6;2023;08:50;1;44;44184;2;3;1;3;17 Boulevard du Docteur RenÃ© LaÃ«nnec;47,26371000; -2,23970000