Num_Acc;jour;mois;an;hrmn;lum;dep;com;agg;int;atm;col;adr;lat;long
202300035549;24;6;2023;01:10;5;44;44162;2;1;1;3;Boulevard Salvador Allende;47,22070480; -1,62840120
202300035551;8;11;2023;07:25;2;59;59350;2;1;1;3;CANONNIERS RUE DES 1:17-26:44;50,64063000;3,06887000
202300035554;20;5;2023;16:50;1;94;94028;2;1;1;3;Rue de la Basse Quinte;48,77491265;2,44243070
202300035567;9;4;2023;16:40;1;72;72328;1;6;1;3;Route de BonnÃ©table;48,02238100;0,23080900
202300035569;8;11;2023;08:20;1;49;49328;2;6;1;3;DAVID D'ANGERS (AVENUE);47,26932000; -0,07140000
202300035594;23;6;2023;08:58;1;34;34129;2;3;1;3;62 traverse du mas rouge.;43,58574000;3,91988000
202300035605;7;11;2023;17:45;5;35;35238;2;3;1;3;MALAKOFF;48,10673000; -1,69312000
202300035611;19;5;2023;12:20;1;93;93005;2;1;1;3;Rue Roger Salengro;48,92968282;2,49060250
202300035617;18;5;2023;10:47;1;92;92051;2;1;1;2;GENERAL LECLERC (BOULEVARD DU, NÂ° 1 A 27;48,89029000;2,26076000
202300035618;8;11;2023;22:51;5;33;33063;2;1;8;1;Pont de Pierre;44,83853201; -0,56261212
202300035645;22;6;2023;15:05;1;10;10387;2;2;8;3;EMILE ZOLA (RUE);48,29514000;4,07168000
202300035649;21;5;2023;08:30;1;62;62169;1;1;1;1;Rue du 8e de Ligne;50,73016000;2,02183800
202300035652;20;6;2023;11:35;1;04;04070;2;1;1;2;ALPILLES (CH. DES);44,08382000;6,20540000
202300035657;19;5;2023;12:00;1;22;22209;2;1;1;1;D786;48,58687000; -2,14378200
202300035662;8;11;2023;19:30;5;25;25056;2;6;1;3;;47,25983100;6,00873200
202300035667;19;5;2023;13:00;1;68;68295;2;1;1;2;90a Route de BÃ¢le;48,00140200;7,38147700
202300035705;23;6;2023;12:39;1;75;75105;2;3;1;3;RUE CLAUDE BERNARD;48,84133400;2,34367100
202300035721;22;6;2023;17:10;1;75;75105;2;3;1;3;RUE MONGE;48,83995200;2,35140600
202300035727;19;5;2023;20:15;2;69;69063;2;1;2;2;Quai d'Illhaeusern;45,81601000;4,84963200
202300035735;27;2;2023;07:00;1;974;97411;2;3;1;1;NOTRE DAME DE LA TRINITE (BOULEVARD); -20,89250000;55,46260000
202300035737;8;11;2023;22:20;5;75;75106;2;7;2;2;BOULEVARD SAINT GERMAIN;48,85355830;2,33421100
202300035743;8;11;2023;07:23;2;75;75106;2;3;1;3;QUAI DE CONTI;48,85715000;2,33863000
202300035745;11;4;2023;15:30;1;974;97411;1;1;1;1;MONTAGNE (ROUTE DE LA); -20,88626000;55,43987000
202300035755;8;11;2023;10:19;1;75;75113;2;3;1;3;BOULEVARD MASSENA;48,81947300;2,36377900
202300035762;23;6;2023;16:15;1;94;94076;2;9;1;3;Avenue de Paris;48,80104000;2,36515000
202300035781;8;11;2023;11:40;1;75;75109;2;2;8;6;RUE DU HAVRE;48,87552300;2,32663400
202300035785;11;4;2023;19:30;1;95;95598;2;1;2;3;DURES-TERRES (RUE DES);48,99030000;2,29634000
202300035790;8;11;2023;07:25;5;75;75104;2;1;1;6;RUE DE RIVOLI;48,85640100;2,35613100
202300035799;11;4;2023;10:40;1;88;88087;2;1;1;6;FORGES (RUE DES);48,17612000;6,41242000
202300035822;23;6;2023;11:45;1;93;93014;2;3;1;3;AllÃ©e Maurice Audin / AllÃ©e FrÃ©dÃ©ric Ladrette;48,90856087;2,54341757
202300035828;19;5;2023;16:15;1;14;14528;2;3;1;2;3 Impasse de la Gare;49,34191900;0,31794400
202300035829;22;6;2023;21:30;2;92;92072;2;1;1;6;EUROPE (AVENUE DE L');48,82312000;2,20957000
202300035849;22;6;2023;17:40;1;92;92036;2;6;1;3;MARCEL PAUL (AVENUE) (2/50);48,93678800;2,30403300
202300035861;23;6;2023;12:00;1;92;92002;2;9;1;3;LEWISHAM (PLACE DE);48,74973000;2,30881000
202300035871;21;5;2023;12:04;1;53;53162;1;6;1;3;La Huardiere;48,26272700; -0,62905300
202300035872;23;6;2023;18:50;1;01;01085;1;3;1;2;D80;46,09055500;5,02800100
202300035878;6;11;2023;12:10;1;92;92063;2;1;1;3;CHATAIGNERAIE (AVENUE DE LA);48,85951315;2,18204141
202300035883;9;4;2023;18:50;1;67;67482;2;1;1;5;DOUBS (RUE DU);48,55142000;7,73291000
202300035890;19;5;2023;13:22;1;87;87154;2;1;1;7;Rue Edison;45,90230600;0,92935600
202300035892;8;11;2023;08:00;1;92;92050;2;3;8;3;PICASSO PABLO AVENUE;48,89081200;2,21579343
202300035900;9;6;2023;18:40;2;974;97404;1;1;1;6;Avenue Octave BÃ©nard; -21,28131200;55,34658400
202300035902;27;2;2023;08:15;1;37;37261;2;1;1;6;VAILLANT (RUE EDOUARD);47,38611804;0,69905877
202300035924;18;5;2023;21:25;2;67;67309;1;1;1;3;M263;48,63780100;7,72702000
202300035932;8;11;2023;20:15;5;59;59082;1;1;3;3;Route de Dunkerque;50,98504200;2,40538100
202300035962;18;5;2023;19:00;3;971;97125;1;1;1;1;Route de BESSOT;16,25944700; -61,30138800
202300035979;11;4;2023;07:55;1;43;43002;2;1;2;7;Chemin de Bouthezard;45,05226400;3,88130400
202300035985;8;11;2023;17:30;5;03;03119;2;7;1;2;Place de l'Eglise;46,73111900;3,61153000
202300035987;24;6;2023;11:30;1;42;42235;1;1;1;1;Route du Pont du Rioux;45,36972100;4,04712100
202300035994;11;4;2023;18:10;1;35;35238;2;1;1;2;ALMA (DE L');48,09573000; -1,67472000
202300035996;21;5;2023;12:40;1;83;83071;1;3;1;1;D559a;43,12623300;6,19861700
202300036000;23;6;2023;19:50;1;35;35331;2;1;1;7;7 Rue de Montfort;48,11041100; -1,92795000
202300036002;20;5;2023;11:20;1;06;06070;2;1;2;2;route de fontaine rougiÃ¨re;43,79606200;6,94538700
202300036005;24;6;2023;16:10;1;29;29168;1;1;1;6;Route de Bestree;48,03410200; -4,71956700
202300036010;11;4;2023;08:30;1;33;33318;2;6;1;2;Avenue de CanÃ©jan;44,79315000; -0,64589000
202300036011;8;11;2023;10:30;1;16;16167;1;3;1;7;carrefour D941 , avenue de l 'europe;45,68436900; -0,15328300
202300036013;28;2;2023;18:40;5;75;75107;2;2;1;6;QUAI BRANLY;48,85745000;2,29111500
202300036018;24;6;2023;09:07;1;02;02827;1;6;7;2;;49,73148400;3,75448100
202300036022;24;6;2023;12:45;1;02;02560;2;3;1;1;10 Rue du Calvaire;49,69876100;3,45946500
202300036038;7;6;2023;12:57;1;06;06105;2;1;1;2;3339 RD 2081;43,66362200;7,05480500
202300036060;24;6;2023;15:20;1;88;88426;2;2;1;3;4 Rue du Stade;47,85358700;6,81267100
202300036075;31;10;2023;11:35;1;26;26347;2;4;8;3;Avenue du President Roosevelt;45,06937900;4,84108800
202300036084;22;6;2023;12:00;1;987;98726;1;1;1;1;Makemo; -16,60900000; -143,29500000
202300036089;10;4;2023;15:45;1;69;69387;2;1;1;1;Rue de l'Epargne;45,74354000;4,85380000
202300036091;21;6;2023;19:15;5;971;97128;1;1;1;2;Route de Bois Jolan;16,23547300; -61,36969300
202300036145;10;4;2023;09:10;1;38;38423;2;1;1;3;AVENUE GÃNÃRAL LECLERC;45,21434000;5,69685000
202300036160;24;6;2023;10:50;1;64;64139;1;1;1;2;D24;43,22341000; -0,35881500
202300036207;11;4;2023;11:20;1;75;75119;2;2;1;3;AVENUE JEAN JAURES;48,88273700;2,37030600
202300036212;11;4;2023;08:50;1;75;75119;2;2;1;2;PLACE DE LA BATAILLE DE STALINGRAD;48,88402900;2,36883700
202300036213;1;3;2023;07:35;1;33;33051;2;9;1;2;27 Avenue de la CÃ´te d?Argent;44,63387600; -0,97697400
202300036214;7;11;2023;10:30;1;69;69387;2;2;1;3;Rue Montesquieu;45,75135000;4,84488000
202300036228;11;4;2023;09:00;1;75;75114;2;2;1;7;BOULEVARD JOURDAN;48,82300500;2,32663400
202300036232;11;4;2023;10:20;1;75;75112;2;3;1;3;BOULEVARD PONIATOWSKI;48,83205900;2,39879500
202300036236;11;4;2023;09:50;1;75;75112;2;2;1;3;PONT D AUSTERLITZ;48,84565965;2,36730695
202300036260;7;11;2023;19:35;5;73;73011;2;1;1;3;DUBOIS (RUE DU CDT)J.JAURES A J. MOULIN;45,66818000;6,38301000
202300036261;27;2;2023;08:10;1;75;75119;2;2;1;3;RUE DE BELLEVILLE;48,87550000;2,39209300
202300036267;27;2;2023;18:15;2;75;75117;2;7;1;3;PLACE DU GENERAL KOENIG;48,88114700;2,28399600
202300036269;20;2;2023;09:15;1;75;75116;2;4;1;1;ROUTE DE LA MUETTE A NEUILLY;48,86666900;2,26490500
202300036272;10;4;2023;18:45;1;94;94079;2;3;3;3;Route de Champigny;48,82555000;2,53521000
202300036276;11;4;2023;08:30;1;93;93031;2;1;1;3;Route de Saint-leu;48,95424761;2,33487958
202300036277;27;2;2023;11:51;1;75;75107;2;3;1;3;RUE DE SEVRES;48,84982500;2,32329500
202300036290;11;4;2023;09:17;1;92;92012;2;1;1;3;AUTEUIL (BOULEVARD D') - COTE IMPAIR;48,84638958;2,24724591
202300036292;11;4;2023;09:35;1;92;92004;2;1;1;3;BAS ( RUE DES );48,91579120;2,29473978
202300036299;11;4;2023;09:30;1;974;97404;2;6;1;3;Avenue Octave BÃ©nard; -21,26511000;55,33406900
202300036306;23;2;2023;11:22;1;92;92004;2;1;1;3;HENIR BARBUSSE ( AVENUE );48,91259000;2,27394000
202300036307;5;9;2023;08:00;1;75;75113;2;1;1;7;BOULEVARD MASSENA;48,82055800;2,36589300
202300036310;5;9;2023;08:41;1;75;75110;2;3;1;7;RUE DU FAUBOURG SAINT MARTIN;48,87430800;2,35861200
202300036317;4;9;2023;09:17;1;75;75108;2;2;1;2;AVENUE MARCEAU;48,86514800;2,29985100
202300036321;5;9;2023;15:10;1;75;75104;2;1;1;2;BOULEVARD DE SEBASTOPOL;48,86107500;2,34964700
202300036323;5;9;2023;10:55;1;75;75104;2;2;1;3;RUE SAINT ANTOINE;48,85398200;2,36478400
202300036346;11;4;2023;22:05;3;64;64466;1;1;1;4;D23;43,34309500; -0,87470100
202300036350;4;9;2023;14:15;1;93;93029;2;1;1;1;Rue Hoche;48,92794194;2,43189674
202300036360;5;9;2023;16:50;1;92;92050;2;3;1;3;PICASSO PABLO AVENUE;48,88851299;2,22431409
202300036380;4;9;2023;17:45;1;92;92004;2;1;1;3;PIERRE BOUDOU;48,91562000;2,30787000
202300036382;4;9;2023;07:52;2;92;92004;2;4;1;1;PIERRE BOUDOU;48,91352000;2,29914000
202300036399;5;9;2023;10:35;1;07;07191;1;6;1;3;RD 86H;44,58003300;4,70381700
202300036406;28;2;2023;06:45;2;60;60369;1;1;1;2;6 Rue de la Gare;49,34880800;2,71762500
202300036410;6;9;2023;09:25;1;01;01354;2;6;1;7;D78a;46,26454400;6,04378400
202300036426;10;4;2023;23:00;5;75;75120;2;2;2;7;RUE DE LA BIDASSOA;48,86542900;2,39489400
202300036429;10;4;2023;18:55;1;75;75119;2;3;2;7;AVENUE JEAN JAURES;48,88664100;2,38482000
202300036433;7;4;2023;13:00;1;75;75116;2;3;1;3;ROUTE DES TRIBUNES;48,86197200;2,23038400
202300036436;10;4;2023;02:55;5;75;75111;2;1;1;3;RUE DU FAUBOURG SAINT ANTOINE;48,85046200;2,38307800
202300036449;5;9;2023;19:38;1;70;70312;2;2;7;3;Rue Pierre Carmien et rue de la cotelotte;47,59706800;6,73966400
202300036477;3;9;2023;14:45;1;26;26170;1;2;1;3;D176;44,90323900;4,94290900
202300036482;6;9;2023;10:40;1;29;29021;2;1;1;7;Route de Menhir;48,65431100; -4,30301100
202300036510;20;8;2023;08:34;1;95;95210;2;2;1;7;LIBERATION (RUE DE LA);48,97174000;2,30509000
202300036520;4;9;2023;12:00;1;77;77307;2;1;1;3;RUE DE ROME;48,85739800;2,75531400
202300036537;4;9;2023;16:35;1;45;45234;2;6;1;3;1 Avenue de la MouillÃ¨re;47,88797444;1,90552175
202300036540;4;9;2023;13:50;1;38;38421;2;1;1;3;RUE DU TOUR DE L'EAU;45,18766000;5,77486000
202300036566;11;12;2023;20:13;5;75;75105;2;3;1;1;RUE DES FOSSES SAINT BERNARD;48,84738900;2,35312600
202300036572;12;12;2023;09:42;1;75;75114;2;2;2;2;RUE DE LA LEGION ETRANGERE;48,82225300;2,32449400
202300036584;4;9;2023;18:42;1;75;75119;2;7;1;3;PLACE DU COLONEL FABIEN;48,87832700;2,37062000
202300036585;12;12;2023;00:40;5;75;75110;2;2;1;3;QUAI DE VALMY;48,87774600;2,36536100
202300036589;11;12;2023;17:00;5;75;75104;2;2;1;3;RUE SAINT LOUIS EN L ILE;48,85127400;2,35811300
202300036596;4;9;2023;14:10;1;75;75116;2;2;1;3;AVENUE KLEBER;48,87242700;2,29405500
202300036611;4;9;2023;12:35;1;75;75108;2;3;7;3;RUE DE COURCELLES;48,87457200;2,30964900
202300036615;4;9;2023;17:51;1;75;75101;2;3;1;2;RUE DE RIVOLI;48,86470000;2,32932900
202300036616;12;12;2023;14:05;1;92;92035;2;3;8;3;MISSION MARCHAND (COTE PAIR);48,90227914;2,23975025
202300036617;3;9;2023;13:00;1;75;75102;2;3;1;3;BOULEVARD MONTMARTRE;48,87169600;2,34161800
202300036621;4;9;2023;12:30;1;94;94046;2;1;1;3;Avenue du Professeur Cadiot;48,80433000;2,43269000
202300036663;13;12;2023;10:50;1;69;69097;1;2;1;3;Route DÃ©partementale 28;45,49657662;4,72172487
202300036665;12;12;2023;21:30;5;973;97311;2;3;1;3;Avenue Paul Castaing;5,48864700; -54,01887100
202300036695;10;10;2023;18:00;1;69;69276;2;6;1;3;Route de Chasse-sur-RhÃ´ne                 ;45,66188000;4,84285000
202300036697;10;10;2023;16:55;1;64;64445;2;1;1;6;avenue de Saragosse;43,30759000; -0,35668000
202300036701;10;10;2023;16:25;1;45;45234;2;1;1;3;Quai du Fort des Tourelles;47,89477837;1,90495312
202300036706;11;12;2023;07:40;1;974;97416;2;3;1;5;RN2 (1); -21,33253000;55,48050000
202300036708;11;12;2023;12:00;1;69;69383;2;1;2;3;Pont de la GuillotiÃ¨re;45,75669538;4,83889877
202300036715;11;12;2023;13:35;1;91;91201;2;3;8;3;RUE PIERRE BROSSOLETTE;48,68468200;2,41564200
202300036739;11;12;2023;08:20;1;59;59378;2;1;1;6;NATIONALE RUE;50,66756000;3,07667000
202300036753;11;12;2023;14:20;1;35;35238;2;6;1;3;NORVEGE (DE);48,08678000; -1,68271000
202300036754;11;12;2023;15:40;1;34;34172;2;1;1;2;VIEUSSENS (BOULEVARD);43,60055000;3,87912000
202300036755;11;12;2023;07:30;2;31;31149;2;1;1;3;CORNEBARRIEU (ROUTE DE);43,61968000;1,33669000
202300036761;11;12;2023;19:40;5;13;13204;2;9;1;3;SAINT BRUNO (BOULEVARD);43,31313179;5,40344655
202300036775;11;12;2023;08:52;1;75;75111;2;9;1;6;RUE DE MONTREUIL;48,85041200;2,38730500
202300036799;5;10;2023;13:40;1;92;92022;2;5;1;7;SALENGRO (AVENUE ROGER);48,80862581;2,18759045
202300036838;5;10;2023;15:30;1;69;69389;2;2;1;3;Rue Laure DiÃ©bold;45,77860000;4,79820000
202300036844;5;10;2023;14:32;1;87;87085;2;3;1;3;ANTONY (RUE  ET CHEMIN D');45,83218000;1,24233000
202300036847;2;10;2023;14:18;1;84;84007;2;4;1;3;DALADIER (Pont);43,95087000;4,80229000
202300036866;16;1;2023;09:45;1;93;93001;2;1;2;6;Boulevard Anatole France;48,91722952;2,38198418
202300036873;3;10;2023;08:55;1;73;73065;2;3;1;3;D1 MOTTE SERVOLEX (AVENUE DE LA);45,58048000;5,89136000
202300036877;16;1;2023;18:20;5;92;92007;2;9;8;3;BRIAND (AVENUE ARISTIDE) NÂ° 2 A 98;48,80767640;2,32614362
202300036884;17;1;2023;10:46;1;56;56240;2;9;1;3;32 Route du Menez;47,50913800; -2,68565100
202300036889;5;10;2023;15:45;1;67;67482;2;1;1;3;VOSGES (AVENUE DES);48,58956100;7,75114500
202300036923;5;7;2023;14:30;1;60;60159;2;6;1;6;Rue PhilÃ©as Lebesgue;49,40770157;2,80081898
202300036937;4;10;2023;19:40;5;51;51454;2;5;1;2;VENISE (RUE);49,24595000;4,03083000
202300036953;5;10;2023;09:58;1;44;44184;2;1;1;1;175 Boulevard Jean De Neyman;47,27860000; -2,24750000
202300036958;5;10;2023;18:18;1;37;37214;2;6;1;3;DE GAULLE (BD CHARLES);47,42918000;0,65004000
202300036961;5;10;2023;13:50;1;37;37261;2;1;1;6;BALZAC (PARC HONORE DE);47,37286000;0,71135000
202300036962;15;1;2023;01:00;5;75;75113;2;1;2;3;RUE CLISSON;48,83000900;2,36573200
202300036970;14;1;2023;18:32;5;75;75101;2;2;1;3;BOULEVARD DE SEBASTOPOL;48,86057700;2,34941000
202300036973;14;1;2023;21:30;5;93;93059;2;1;2;2;Avenue ElisÃ©e Reclus;48,95298000;2,35819000
202300036995;1;10;2023;01:45;5;29;29051;2;1;1;2;Straed Paul Gauguin;47,99620000; -4,05246000
202300037000;11;1;2023;19:00;3;56;56206;2;6;2;2;Giratoire de Kermelin;47,67883800; -2,73985500
202300037014;4;10;2023;07:41;1;10;10333;2;9;1;6;NOTRE DAME DES PRES (RUE DE);48,28849000;4,04541000
202300037040;5;10;2023;10:00;1;75;75120;2;3;1;6;RUE DE BELLEVILLE;48,87238700;2,37812200
202300037044;5;10;2023;09:25;1;75;75120;2;4;1;5;AVENUE DU PROFESSEUR ANDRE LEMIERE;48,85868600;2,41476400
202300037054;16;1;2023;05:40;5;29;29103;2;6;9;3;quai de LÃ©on;48,44949889; -4,25240368
202300037060;5;10;2023;18:30;2;75;75104;2;3;1;3;RUE DE LOBAU;48,85694300;2,35380800
202300037064;5;10;2023;18:40;1;75;75101;2;2;1;3;RUE DE RIVOLI;48,86272170;2,33524686
202300037071;5;10;2023;09:15;1;75;75104;2;3;1;3;RUE SAINT ANTOINE;48,85464296;2,36276481
202300037073;5;10;2023;02:10;5;75;75104;2;3;1;7;RUE DE RIVOLI;48,85527200;2,36116500
202300037111;5;10;2023;19:50;5;93;93070;2;2;1;2;Rue Albert Dhalenne / Rue Soubise;48,91574000;2,33106000
202300037117;5;10;2023;09:10;1;93;93066;2;3;1;3;Rue du Plouich / Rue Georges Bizet;48,94305000;2,38187000
202300037131;5;10;2023;20:10;5;92;92051;2;2;1;2;GRAVIERS (RUE DES);48,88139615;2,26205885
202300037136;5;10;2023;12:41;1;92;92044;2;2;1;6;P.V.COUTURIER(RUE)81A113ET60A100;48,89830743;2,29430942
202300037137;14;1;2023;08:53;1;32;32013;1;1;1;2;TOULOUSE (ROUTE DE);43,65960000;0,63636000
202300037144;13;1;2023;08:10;5;29;29232;2;6;1;2;Route du Petit Guelen;47,98349000; -4,04619000
202300037148;6;10;2023;18:30;2;38;38157;2;2;1;1;Lotissement les Hauts du Michalin;45,51698200;4,96991300
202300037162;5;10;2023;15:57;1;51;51302;1;1;1;7;D337;48,98648400;4,08837300
202300037172;20;7;2023;13:52;1;49;49359;2;3;7;3;Rue de l'Ancien Commerce;47,22121500; -0,17713300
202300037181;25;7;2023;13:00;1;84;84133;2;6;1;1;Boulevard de Saint Roch;43,71929600;5,53978600
202300037185;28;7;2023;08:10;1;06;06148;1;1;1;1;Chemin de la Papeterie;43,70329700;6,99972300
202300037191;28;7;2023;11:35;1;04;04088;1;1;1;3;RD16;43,99173000;5,81955700
202300037198;26;7;2023;18:45;1;38;38289;1;3;1;1;route de sardonne;45,11967400;6,04082800
202300037200;27;7;2023;15:15;2;11;11086;2;3;1;3;5 rue des grenaches;42,93052500;2,97143200
202300037205;28;7;2023;12:10;1;05;05058;1;2;1;3;D38;44,75391100;6,57278500
202300037206;27;7;2023;19:30;2;05;05070;2;6;1;3;D1075;44,31372501;5,82680787
202300037215;27;7;2023;20:46;2;17;17225;1;9;1;3;RD 25, intersection route de la Courbre entrÃ©e parking Bonne Anse plage;45,69806400; -1,21522800
202300037238;27;7;2023;22:00;2;26;26362;2;1;1;1;Avenue de Chabeuil;44,93216720;4,89799261
202300037264;23;7;2023;09:28;1;54;54079;2;1;1;7;Avenue Victor Claude;48,88900000;6,05281000
202300037270;25;7;2023;13:46;1;49;49007;2;2;1;3;LAFAYETTE PLACE;47,46271000; -0,55497000
202300037294;26;7;2023;23:00;5;75;75102;2;1;1;6;BOULEVARD DE BONNE NOUVELLE;48,87002900;2,35066200
202300037297;26;7;2023;11:30;1;94;94033;2;1;1;2;Place Moreau-david;48,84398000;2,46437000
202300037299;24;7;2023;19:10;1;94;94017;2;3;3;3;Quai GalliÃ©ni;48,81237000;2,48897000
202300037309;26;7;2023;21:05;1;92;92040;2;3;1;7;HENRI IV (AVENUE);48,81881094;2,24370785
202300037323;26;7;2023;16:00;1;74;74234;2;1;1;3;328 Chemin du PrÃ© Corbet;45,76432000;6,30249400
202300037334;27;7;2023;10:40;1;84;84017;1;1;1;7;Route du Mont-ventoux;44,17082700;5,28484200
202300037350;26;7;2023;19:44;1;89;89337;2;3;8;3;13 Route de Champs;47,74216700;3,64837600
202300037351;26;7;2023;18:15;1;88;88270;2;1;1;2;D674;48,31746500;5,59405300
202300037392;17;6;2023;11:35;1;65;65433;2;4;1;1;Boulevard du Pic du Midi;43,19842000;0,10003000
202300037415;22;6;2023;11:26;1;49;49007;2;6;2;3;COUBERTIN BOULEVARD;47,46733000; -0,52975000
202300037421;22;6;2023;18:09;1;44;44109;2;8;1;1;3 Boulevard RenÃ© Cassin;47,26329000; -1,58014000
202300037423;22;6;2023;09:40;1;37;37261;2;3;1;3;HOSPITALITE (RUE DE L');47,39077000;0,67202000
202300037426;15;6;2023;11:00;1;34;34003;2;6;1;3;Rond-point Tours de Saint-Martin;43,28303471;3,49778026
202300037429;15;6;2023;18:30;1;33;33063;2;2;1;3;Place AmÃ©lie Raba LÃ©on;44,83047100; -0,60287207
202300037432;22;6;2023;14:35;1;30;30028;2;3;3;3;Avenue de la Mayre;44,15526000;4,61726000
202300037442;22;6;2023;15:00;1;15;15014;2;3;2;3;LECLERC (AVENUE DU GENERAL);44,90631000;2,45016000
202300037457;15;6;2023;10:15;1;75;75105;2;1;1;3;RUE CLAUDE BERNARD;48,83953800;2,34793500
202300037460;22;6;2023;08:20;1;75;75120;2;1;3;1;RUE DU CAPITAINE TARRON;48,86527900;2,40838000
202300037463;21;6;2023;23:40;5;75;75119;2;2;1;3;RUE DE CRIMEE;48,88501200;2,38328400
202300037467;22;6;2023;02:20;5;75;75105;2;2;1;1;QUAI DE LA TOURNELLE;48,85110700;2,35130100
202300037469;22;6;2023;16:15;1;75;75114;2;1;1;3;RUE DU COMMANDANT RENE MOUCHOTTE;48,83784100;2,31911000
202300037470;22;6;2023;20:50;1;75;75110;2;2;1;2;RUE DE SAMBRE ET MEUSE;48,87522100;2,37032200
202300037471;22;6;2023;00:55;5;75;75110;2;1;1;1;BOULEVARD DE MAGENTA;48,87318100;2,35884000
202300037479;22;6;2023;02:20;5;75;75107;2;2;1;3;RUE SAINT DOMINIQUE;48,85995600;2,31483900
202300037480;21;6;2023;19:00;1;75;75107;2;2;1;7;AVENUE DU MARECHAL GALLIENI;48,86105800;2,31324100
202300037489;21;6;2023;10:45;1;94;94033;2;1;1;3;Rue du Clos d'OrlÃ©ans;48,84337951;2,46770230
202300037495;7;11;2023;11:50;1;64;64102;2;1;1;3;URSULE (PLACE SAINTE);43,49590000; -1,47192000
202300037498;22;6;2023;19:50;1;93;93071;2;1;1;1;Avenue de Livry;48,93198000;2,53815000
202300037504;7;11;2023;13:20;1;62;62774;2;1;1;3;D940;50,95740000;1,82000000
202300037505;22;6;2023;19:50;1;93;93048;2;7;1;3;Boulevard de Chanzy / Place du MarchÃ©;48,85838000;2,43431000
202300037508;7;11;2023;13:00;1;62;62193;2;6;7;2;Rue Costes et Bellonte;50,95571000;1,90617000
202300037520;17;5;2023;15:15;1;22;22278;2;3;1;6;SAINT-FRANCOIS;48,51114000; -2,75943000
202300037528;17;5;2023;15:20;1;988;98818;2;3;1;3;RUE TARAGNAT/RUE DU VAR; -22,27416000;166,45555000
202300037531;22;6;2023;04:15;5;92;92026;2;1;1;2;VERDUN (DE 01 A 61);48,89735689;2,26390779
202300037537;18;5;2023;13:00;1;974;97407;2;2;1;3;FERRY (RUE); -20,93670000;55,29531000
202300037538;22;6;2023;04:30;5;92;92032;2;1;1;6;LEDRU ROLLIN (RUE);48,79204572;2,28438780
202300037543;22;6;2023;09:05;1;92;92004;2;3;3;1;VOLTAIRE ( BD 16 A FIN );48,91590000;2,29138000
202300037547;21;6;2023;19:05;1;92;92002;2;1;1;6;PONT NORD;48,75581000;2,30148000
202300037570;23;6;2023;11:50;1;42;42158;1;1;1;3;Impasse des Forges;46,04104379;3,84707023
202300037583;22;6;2023;16:45;1;56;56052;1;1;1;2;39 Boulevard Saint Guerin;47,51073900; -2,60988500
202300037590;6;11;2023;17:15;1;45;45068;2;1;1;3;17 Avenue Jean JaurÃ¨s;48,01292200;2,73450000
202300037601;22;6;2023;08:45;1;42;42020;2;2;2;7;Route de la Gare;45,63707600;4,20653000
202300037607;22;6;2023;18:40;1;34;34074;1;3;1;1;RD14;43,43774100;3,07418200
202300037609;7;11;2023;08:40;1;35;35238;2;2;1;3;CHATEAUGIRON (DE);48,10173000; -1,65612000
202300037621;7;11;2023;08:15;1;34;34129;2;1;1;1;PLATANES (AVENUES DES);43,58670000;3,91719000
202300037624;7;11;2023;06:50;2;34;34172;2;1;1;1;LODEVE (ROUTE DE);43,61530000;3,82158000
202300037631;18;5;2023;17:05;1;29;29232;2;1;1;6;Rue de Douarnenez;47,97964000; -4,10868000
202300037645;7;11;2023;10:45;1;29;29051;2;1;1;1;Avenue du Rouillen;47,99510944; -4,06315135
202300037647;17;5;2023;14:30;1;15;15014;2;6;1;3;GARRIC (AVENUE DU);44,90017200;2,43124900
202300037651;23;6;2023;08:00;1;27;27290;1;2;1;3;D24;49,13001800;0,79230300
202300037661;18;5;2023;12:55;1;04;04070;2;2;2;2;ONZE NOVEMBRE 1918 (RD PT DU);44,09119000;6,23114000
202300037678;18;5;2023;17:00;1;75;75115;2;3;1;6;BOULEVARD DE GRENELLE;48,84915500;2,29814900
202300037693;6;11;2023;11:33;1;05;05061;1;1;2;5;VALSERRES ( RUE DE );44,54434000;6,09150000
202300037695;18;5;2023;16:00;1;94;94042;2;1;1;2;Boulevard de l'Europe;48,81405300;2,46471500
202300037696;6;11;2023;13:28;1;05;05023;1;1;1;2;MAISONS BLANCHES (RUE DES);44,88108563;6,62109196
202300037702;18;5;2023;11:30;1;94;94004;2;2;1;1;Rue de Paris / Rue de Valenton;48,74881200;2,51285000
202300037726;26;2;2023;02:15;3;13;13207;2;1;1;1;CHARLES LIVON (BOULEVARD);43,29222000;5,36472000
202300037738;18;5;2023;12:50;1;62;62245;1;1;1;6;rue du royaume;50,71732700;2,00558900
202300037746;7;11;2023;09:40;1;75;75116;2;3;1;3;AVENUE DE NEW YORK;48,86320400;2,29617600
202300037759;7;11;2023;13:45;1;75;75115;2;3;1;1;RUE OLIVIER DE SERRES;48,83210500;2,29342900
202300037760;16;5;2023;18:15;1;62;62338;1;2;1;3;Rue du Quesne;50,64275100;2,81975000
202300037774;7;11;2023;16:55;2;75;75107;2;3;1;3;RUE DE SEVRES;48,84738800;2,31819900