Num_Acc;jour;mois;an;hrmn;lum;dep;com;agg;int;atm;col;adr;lat;long
202300037778;7;11;2023;12:45;1;75;75107;2;1;1;3;AVENUE DE LA MOTTE PICQUET;48,85507600;2,30671400
202300037779;25;2;2023;10:32;1;77;77058;2;2;1;3;D5;48,83913000;2,72143000
202300037784;7;11;2023;12:40;1;75;75104;2;3;1;3;RUE DE LA COUTELLERIE;48,85730400;2,34990700
202300037827;18;5;2023;14:25;1;44;44154;2;6;1;3;Rond-point d'Ayent - AnzÃ¨re;47,24512400; -2,16245600
202300037831;7;11;2023;10:15;1;92;92051;2;1;1;2;ROULE (AVENUE DU, NÂ° 29 A 91 ET 30 A 86);48,88296914;2,27547669
202300037833;18;5;2023;10:45;1;29;29235;2;3;1;3;rue Alexis Carrel;48,41011110; -4,39031500
202300037838;25;2;2023;09:40;1;33;33167;2;1;1;2;Rue Raoul Dufy;44,84217000; -0,52077000
202300037853;25;2;2023;11:25;1;17;17300;2;1;1;3;CARNOT   AVENUE;46,16524800; -1,18590000
202300037856;25;2;2023;18:40;5;13;13208;2;1;1;1;RAYMOND TEISSERE (RUE);43,27361000;5,39854000
202300037861;7;11;2023;17:20;2;35;35345;1;1;8;2;le Moulin de la Lande;48,36228400; -1,90558100
202300037879;5;11;2023;13:25;1;34;34270;2;1;1;1;Chemin du Puech Long;43,57667303;3,84849250
202300037921;20;2;2023;14:00;1;86;86165;2;6;1;3;Avenue de l'Europe;46,42687100;0,85928800
202300037924;27;2;2023;19:10;3;51;51090;1;1;1;2;D44;48,77418400;3,86597700
202300037931;10;4;2023;10:54;1;75;75110;2;3;2;1;RUE DU HUIT MAI 1945;48,87614000;2,35828900
202300037935;10;4;2023;18:40;1;75;75104;2;2;1;6;RUE DES DEUX PONTS;48,85183100;2,35655400
202300037943;10;4;2023;10:35;1;75;75104;2;9;2;3;VOIE GEORGES POMPIDOU;48,85415500;2,35471500
202300037952;9;4;2023;23:35;5;94;94041;2;2;1;1;Bd Paul Vaillant Couturier;48,81806242;2,39792114
202300037953;27;2;2023;08:45;1;22;22079;1;1;1;3;La Ville Robert;48,39716416; -2,62604088
202300037955;18;5;2023;00:00;5;69;69383;2;1;1;6;Quai Victor Augagneur;45,76059000;4,84116000
202300037962;6;11;2023;16:44;1;30;30155;2;1;1;2;Rue de Bouillargues;43,81575400;4,46496600
202300037964;10;4;2023;19:00;2;93;93039;2;2;3;3;Quai de Seine / Pont de l'Ãle Saint-Denis;48,93579000;2,34082800
202300037990;25;2;2023;16:45;1;85;85128;1;6;8;3;Route de fontenay;46,46130100; -1,12919900
202300038051;25;2;2023;16:35;1;75;75120;2;3;8;6;RUE DE BELLEVILLE;48,87253200;2,37855500
202300038055;16;5;2023;08:27;1;72;72181;2;9;1;6;ETOILE (RUE DE L');48,00563000;0,20106000
202300038058;25;2;2023;11:20;1;75;75116;2;1;1;2;ROUTE DES TRIBUNES;48,85942800;2,22936400
202300038063;17;5;2023;18:55;1;67;67482;2;3;1;1;CARPE HAUTE (RUE DE LA);48,59610000;7,78917000
202300038066;25;2;2023;11:55;1;75;75115;2;2;1;6;BOULEVARD VICTOR;48,83598000;2,27826000
202300038070;25;2;2023;13:00;1;75;75114;2;2;1;2;BOULEVARD BRUNE;48,82490300;2,31839300
202300038071;17;5;2023;08:30;1;67;67482;2;1;1;3;SAINT GUILLAUME (RUE);48,58215000;7,75782000
202300038082;17;5;2023;13:25;1;61;61117;1;1;1;2;D112;48,43570000;0,03211000
202300038105;16;5;2023;07:20;1;54;54403;2;8;1;3;Route de Norroy;48,93287000;6,03911000
202300038113;10;4;2023;16:25;1;43;43051;1;1;1;7;lieu dit le Bronchet;45,02710200;4,30321300
202300038119;16;5;2023;17:45;1;54;54526;2;2;1;3;PASTEUR (RUE);48,68355528;6,22092247
202300038127;9;4;2023;10:30;1;13;13069;2;6;1;3;D15;43,63330400;5,16719000
202300038134;17;5;2023;10:41;1;49;49020;2;3;1;3;MOREL;47,47405000; -0,60472000
202300038135;17;5;2023;09:55;1;49;49007;2;1;1;3;TURPIN DE CRISSE AVENUE;47,46486000; -0,55414000
202300038149;6;2;2023;19:50;3;64;64269;1;1;1;2;ROUTE DE TARBES RD 817;43,29127100; -0,27788800
202300038163;9;4;2023;14:45;1;84;84136;2;1;1;1;Chemin du Tombadou;44,14572800;4,98183600
202300038171;27;1;2023;11:40;1;83;83047;1;1;1;3;Avenue Jean Monnet;43,11552600;6,05716800
202300038193;10;4;2023;18:20;1;85;85035;2;3;1;1;28 Rue des marsouins;46,62346500; -1,86849700
202300038198;9;4;2023;17:30;1;72;72264;1;1;1;3;D24;47,86813500; -0,33795800
202300038199;4;9;2023;14:49;1;92;92026;2;2;1;3;VERDUN (DE 01 A 61);48,90040439;2,26077855
202300038204;4;9;2023;17:15;1;92;92014;2;1;1;3;GENERAL LECLERC (AV.) (1 A 55BIS - 2 A 4;48,77951057;2,31537625
202300038207;5;9;2023;07:48;2;60;60318;1;1;7;2;d13;49,34461924;2,63065367
202300038214;10;8;2023;14:30;1;80;80047;1;1;9;2;D50;50,03644200;2,65555900
202300038216;5;9;2023;10:55;1;50;50117;1;1;1;7;25 Route des Falaises;48,73433900; -1,53284500
202300038227;9;4;2023;16:45;1;69;69383;2;1;1;3;Quai Victor Augagneur;45,75925470;4,84093628
202300038244;3;9;2023;09:00;1;14;14061;1;1;7;4;18 Route de Beaumesnil;48,90983600; -0,92873100
202300038250;9;4;2023;18:55;1;72;72181;2;1;1;7;ANTARES (AV);47,95515000;0,22603000
202300038261;9;4;2023;18:20;1;64;64024;2;9;1;1;COLLINE (IMPASSE DE LA);43,51171544; -1,52746654
202300038282;8;4;2023;12:50;1;50;50129;2;1;1;3;CORNAT (RUE HENRI);49,61711000; -1,59749000
202300038319;11;12;2023;18:20;5;92;92007;2;1;1;3;VAILLANT-COUTURIER (AVENU PAUL);48,79253215;2,31556356
202300038321;11;12;2023;13:10;1;92;92004;2;1;1;3;REDOUTE ( AVENUE DE LA  );48,92890000;2,27947000
202300038327;9;4;2023;07:35;1;75;75119;2;4;1;1;QUAI DE LA MARNE;48,88965200;2,38261000
202300038334;9;4;2023;16:35;1;75;75116;2;1;1;3;RUE CHARDON LAGACHE;48,84404100;2,26574600
202300038340;9;4;2023;14:05;1;94;94016;2;1;1;3;Avenue Carnot;48,79742000;2,32974000
202300038345;10;12;2023;17:30;3;39;39574;1;1;2;3;;46,73816200;5,47886300
202300038347;4;9;2023;09:48;1;02;02067;2;1;1;7;35 Rue du GÃ©nÃ©ral de Gaulle;50,02993700;3,71628600
202300038351;21;8;2023;10:55;1;84;84133;2;1;1;3;rue marcel Pagnol;43,71943900;5,53914800
202300038391;3;9;2023;18:05;1;64;64320;1;2;1;4;D934;43,00066100; -0,42036100
202300038407;9;4;2023;11:44;1;29;29076;2;2;1;3;Rue du LÃ©on;48,46925100; -4,56087100
202300038426;12;12;2023;11:05;1;65;65059;2;1;1;2;Rue du MonnÃ©;43,07360800;0,14581300
202300038493;3;9;2023;12:40;1;69;69244;2;1;1;3;243 Avenue Charles de Gaulle;45,75205300;4,76772100
202300038507;10;12;2023;14:20;1;67;67482;2;1;1;1;ROTONDE (RUE DE LA);48,59456051;7,72590458
202300038510;10;12;2023;09:40;1;67;67482;2;3;1;3;FEDERATION (ROUTE DE LA);48,56417000;7,74103000
202300038541;3;9;2023;11:50;1;91;91461;1;6;1;3;D116;48,59158600;2,20760300
202300038555;5;9;2023;10:00;1;13;13035;2;6;1;3;D17;43,68910500;5,02089700
202300038564;8;12;2023;02:10;5;75;75115;2;5;8;6;BOULEVARD PASTEUR;48,84035500;2,31489100
202300038572;2;9;2023;16:22;1;57;57274;1;1;1;6;D72;49,19065500;6,61456300
202300038574;5;9;2023;11:35;1;01;01249;2;3;1;1;Rue de la Boquette;45,82039200;4,94455300
202300038580;31;8;2023;19:45;1;69;69207;2;1;1;3;Avenue Jacques Brel;45,88693900;4,80814400
202300038584;10;12;2023;18:04;5;75;75103;2;2;3;6;RUE DE TURBIGO;48,86442600;2,35152600
202300038587;10;12;2023;10:55;1;75;75104;2;3;1;3;QUAI DES CELESTINS;48,85235500;2,36050800
202300038601;10;12;2023;11:50;1;92;92062;2;1;1;3;GENERAL DE GAULLE (AV) DU 44 AU 106;48,88807343;2,23421931
202300038622;20;1;2023;15:25;1;14;14453;1;1;1;2;Route d'EtrÃ©ham;49,30455600; -0,79906200
202300038657;3;9;2023;11:20;1;54;54339;1;2;1;3;Rue Sadi Carnot;48,70901464;6,18466437
202300038730;14;1;2023;18:30;5;75;75117;2;1;2;3;RUE ALPHONSE DE NEUVILLE;48,88584200;2,30252900
202300038732;14;1;2023;10:40;1;75;75113;2;3;8;3;BOULEVARD KELLERMANN;48,82012100;2,34803900
202300038733;14;1;2023;01:41;5;75;75113;2;1;2;3;AVENUE D ITALIE;48,82657491;2,35714540
202300038735;14;1;2023;19:00;5;75;75110;2;2;2;3;BOULEVARD DE MAGENTA;48,87376400;2,35828900
202300038736;14;1;2023;14:02;1;75;75108;2;2;2;6;ROND POINT CHAMPS ELYSEES MARCEL DASSAUL;48,86905280;2,30987012
202300038771;3;10;2023;19:15;1;31;31490;2;6;1;3;Chemin de Ladoux;43,74032500;1,37327500
202300038776;5;10;2023;09:15;1;01;01305;1;1;7;2;D933a;46,44738300;4,89855300
202300038783;6;10;2023;14:45;1;50;50443;1;1;1;2;Les Vignes;48,50645500; -1,47543000
202300038793;15;1;2023;11:45;1;29;29122;2;1;2;7;Poulouler;48,14210800; -3,84362700
202300038799;15;1;2023;10:00;1;85;85284;1;6;7;1;RD 205;46,82039200; -1,94004200
202300038800;15;1;2023;09:20;1;85;85190;1;1;1;2;RD753;46,95737000; -1,46428300
202300038807;6;10;2023;12:45;1;27;27106;2;2;1;1;D138;49,12325000;0,48686400
202300038826;14;1;2023;15:07;1;64;64139;1;1;1;7;7085 Route des Pindats;43,17505754; -0,35699666
202300038834;13;1;2023;16:17;1;76;76540;2;2;1;6;Rue d'Elbeuf;49,42586000;1,08272000
202300038851;4;10;2023;16:00;1;01;01386;1;6;1;3;D1075;45,88530300;5,34720900
202300038915;4;10;2023;11:35;1;69;69387;2;1;1;5;Cours Gambetta;45,75116000;4,85441000
202300038936;13;1;2023;14:40;1;44;44109;2;6;2;3;3 Boulevard RenÃ© Cassin;47,26346000; -1,57988000
202300038943;4;10;2023;11:55;1;76;76322;2;2;6;3;Boulevard Pierre Brossolette;49,41861000;1,03175000
202300038945;13;1;2023;01:10;5;35;35238;2;2;1;5;ZOLA (QUAI EMILE);48,10988003; -1,67403907
202300038948;3;10;2023;12:25;1;71;71270;2;6;1;1;EUROPE (RUE DE L');46,29888163;4,82754573
202300038953;11;1;2023;16:00;2;33;33063;2;1;7;3;Pont Saint-Jean;44,83403000; -0,55241000
202300038964;13;1;2023;11:45;1;13;13208;2;1;1;6;CLOT BEY (AVENUE);43,25529000;5,38226000
202300038992;13;1;2023;16:35;1;75;75110;2;2;1;6;RUE LA FAYETTE;48,87974400;2,35872500
202300038995;13;1;2023;09:55;1;75;75108;2;1;1;2;COURS LA REINE;48,86446400;2,31896400
202300038997;13;1;2023;00:05;5;75;75101;2;3;2;7;BOULEVARD DE SEBASTOPOL;48,86122800;2,34968000
202300038999;12;1;2023;08:55;2;75;75101;2;2;1;6;BOULEVARD DE SEBASTOPOL;48,86007283;2,34908670
202300039000;4;10;2023;12:15;1;27;27229;2;6;1;2;SAINT LEGER (RUE DU FAUBOURG);49,03297000;1,15556000
202300039026;4;10;2023;15:50;1;04;04070;2;1;1;7;ST VERAN (AV);44,08934000;6,21320000
202300039029;4;10;2023;18:47;5;75;75113;2;3;1;7;RUE EMILE DURKHEIM;48,83218500;2,37734000
202300039031;4;10;2023;15:20;1;75;75120;2;2;1;3;RUE ALEXANDRE DUMAS;48,85475600;2,39749400
202300039034;4;10;2023;19:30;1;75;75117;2;2;1;3;AVENUE DES TERNES;48,88035200;2,28680000
202300039036;4;10;2023;19:10;2;75;75117;2;2;1;3;RUE DE LA JONQUIERE;48,89396700;2,32142700
202300039040;4;10;2023;16:30;1;75;75116;2;1;1;3;VOIE GEORGES POMPIDOU;48,84660900;2,27413600
202300039043;4;10;2023;18:40;1;75;75115;2;1;1;7;BOULEVARD GENERAL MARTIAL VALIN;48,83836000;2,27033000
202300039044;4;10;2023;16:30;1;75;75115;2;1;1;2;RUE DE VAUGIRARD;48,84164700;2,30843400
202300039048;4;10;2023;15:25;1;75;75112;2;1;1;6;AVENUE DAUMESNIL;48,84292500;2,38440700
202300039049;4;10;2023;10:40;1;75;75112;2;1;1;3;RUE DE REUILLY;48,84635100;2,38772000
202300039050;13;1;2023;20:14;5;92;92051;2;3;2;7;GENERAL KOENIG (BOULEVARD DU);48,88234000;2,25322000
202300039054;4;10;2023;19:00;1;75;75108;2;2;1;3;BOULEVARD MALESHERBES;48,87943300;2,31428400
202300039066;3;10;2023;18:30;1;94;94003;2;1;1;3;17 Avenue Paul Vaillant-couturier;48,80250400;2,33835800
202300039075;4;10;2023;14:50;1;92;92072;2;1;1;2;GRANDE RUE;48,82636478;2,21869826
202300039076;4;10;2023;13:50;1;92;92064;2;1;1;7;EGLISE;48,84275474;2,21941486
202300039077;4;10;2023;08:45;1;92;92063;2;3;1;3;CHATAIGNERAIE (AVENUE DE LA);48,86046134;2,17724517
202300039078;4;10;2023;09:34;1;92;92063;2;3;1;4;FLOQUET (RUE CHARLES) NORD;48,87256115;2,17803776
202300039090;4;10;2023;17:30;1;31;31445;2;1;1;2;Chemin de Ribaute;43,58359500;1,51310600
202300039095;26;7;2023;18:05;1;62;62711;2;1;1;2;Rue Raymond Sulliger;50,81686600;1,74464700
202300039105;24;5;2023;10:25;1;74;74010;2;3;1;2;Route de frangy;45,91164900;6,09522900
202300039106;23;5;2023;19:57;1;74;74147;1;9;1;3;Lathuile;45,79146700;6,21332100
202300039128;24;7;2023;11:55;1;67;67462;2;2;2;3;LIBERTE (AVENUE DE LA);48,25872000;7,44866000
202300039144;25;7;2023;08:31;1;33;33200;2;2;1;3;Rue Joliot Curie;44,87814732; -0,67655236
202300039146;25;7;2023;09:55;1;33;33529;2;3;1;3;LAGRUA (RUE);44,63890917; -1,15416795
202300039160;25;7;2023;13:33;1;10;10265;2;1;2;7;LAMARTINE (RUE);48,30099000;4,03950000
202300039168;25;7;2023;11:30;1;75;75119;2;1;2;6;RUE DE CRIMEE;48,88243400;2,38621100
202300039170;25;7;2023;09:00;1;75;75119;2;9;8;2;BOULEVARD D ALGERIE;48,88026000;2,40039700
202300039172;25;7;2023;10:20;1;75;75113;2;3;2;6;BOULEVARD DE L HOPITAL;48,83456900;2,35776900
202300039184;26;7;2023;08:25;1;38;38157;1;6;1;3;D502;45,51209900;4,95671200
202300039187;26;7;2023;10:40;1;49;49110;1;1;1;3;D74;47,55648400; -0,33387600
202300039212;26;7;2023;10:15;1;27;27116;1;4;1;3;D 438;49,17895400;0,70338200
202300039230;24;7;2023;12:28;1;54;54348;1;1;2;6;D907;48,83502065;5,89877844
202300039234;25;7;2023;11:35;1;49;49021;1;1;1;3;D59;47,41248648; -0,20202092
202300039262;22;7;2023;11:45;1;91;91421;2;1;1;3;JEAN JAURES (AVENUE);48,71445200;2,44792100
202300039278;16;7;2023;11:00;1;56;56162;1;1;1;6;Rue des Deux Soeurs;47,70332000; -3,45868000
202300039279;24;7;2023;19:20;1;54;54395;2;2;1;3;Avenue de la LibÃ©ration;48,69704374;6,15832508
202300039281;24;7;2023;09:55;1;45;45234;2;1;1;3;SECRETAIN (AVENUE ROGER);47,88409642;1,89823151
202300039286;24;7;2023;11:58;1;37;37261;2;2;1;3;NATIONALE (RUE);47,39296000;0,68779000
202300039289;20;6;2023;15:50;1;88;88148;1;2;1;3;Rue de la Faxette;47,98841000;6,63464200
202300039304;23;6;2023;12:00;1;65;65123;1;1;1;3;la SÃ©oube;42,95599500;0,25818400
202300039331;21;6;2023;09:25;1;78;78029;2;3;1;3;JULES FERRY(RUE);48,95368000;1,85588000
202300039354;5;6;2023;01:30;4;62;62563;1;1;1;1;Boulevard Arthur Lamendin;50,45944800;2,72079500
202300039358;17;6;2023;12:30;1;59;59350;2;2;1;3;LIBERTE BVD NÂ°2 - 90-51 - 145;50,63225000;3,06075000
202300039372;21;6;2023;08:45;1;37;37195;2;6;1;6;MAIRIE (RUE DE LA);47,38671000;0,65115000
202300039377;21;6;2023;10:30;1;29;29232;2;2;2;3;Rue Amiral Ronarc'h;47,99506300; -4,10814200
202300039387;20;6;2023;13:25;1;14;14118;2;2;1;3;101 Rue du Chemin Vert;49,19477000; -0,39528900
202300039391;20;6;2023;08:00;1;10;10387;2;6;1;3;JEANNE D'ARC (RUE);48,29006000;4,06762000
202300039394;21;6;2023;06:45;1;02;02738;2;6;1;3;;49,65764700;3,31023400
202300039401;21;6;2023;20:15;1;75;75107;2;3;1;3;QUAI BRANLY;48,85905100;2,29349800
202300039403;20;6;2023;11:20;1;75;75105;2;2;1;3;RUE D ULM;48,84453300;2,34534100
202300039405;21;6;2023;21:20;1;75;75119;2;1;1;6;AVENUE JEAN JAURES;48,89264200;2,39144200
202300039406;21;6;2023;14:50;1;75;75117;2;1;1;6;BOULEVARD BERTHIER;48,89208500;2,30785300
202300039407;18;6;2023;01:30;5;75;75117;2;3;1;3;RUE LEGENDRE;48,88244200;2,31181000
202300039408;16;6;2023;12:00;1;75;75117;2;1;1;1;BOULEVARD PEREIRE;48,88579700;2,29824400
202300039409;10;6;2023;20:55;2;75;75117;2;2;1;6;AVENUE NIEL;48,87864900;2,29421500
202300039410;20;6;2023;16:33;1;75;75114;2;3;1;3;AVENUE DU MAINE;48,83186800;2,32528500
202300039415;21;6;2023;08:05;1;75;75113;2;1;1;2;RUE DES GRANDS MOULINS;48,82724100;2,37496300
202300039448;21;6;2023;18:50;1;92;92020;2;1;1;2;PARIS AVENUE DE NÂ°2 A82;48,80549400;2,29101100
202300039468;6;11;2023;19:05;5;69;69266;2;3;1;6;Rue Jean JaurÃ¨s;45,75814048;4,88505574
202300039476;21;6;2023;10:00;1;92;92004;2;1;1;1;MENIL;48,92367000;2,27996000
202300039479;21;6;2023;16:38;1;01;01333;2;3;1;1;Rue de la Gare;45,92583400;4,95002700
202300039512;6;11;2023;14:35;1;26;26198;2;9;1;3;APPEL DU 18 JUIN 1940 (Rond Point);44,55845000;4,74556000
202300039526;21;6;2023;19:45;1;30;30029;2;7;1;3;Avenue Jean Tassy;44,30696400;4,34803800
202300039538;6;11;2023;12:15;1;75;75116;2;1;1;3;ALLEE DE LA REINE MARGUERITE;48,87085300;2,25310900
202300039550;17;5;2023;14:00;1;31;31555;2;1;1;3;RUE RODOLPHO LLOPIS FERNANDIZ;43,56817000;1,36524000
202300039562;6;11;2023;08:45;1;93;93066;2;1;1;6;Boulevard de la LibÃ©ration;48,92844229;2,34119481
202300039570;6;11;2023;09:05;1;92;92040;2;1;1;2;GALLIENI (BOULEVARD);48,82485000;2,26780000
202300039594;17;5;2023;14:00;1;75;75117;2;3;1;2;BOULEVARD DE COURCELLES;48,88037400;2,30883400
202300039595;7;11;2023;07:20;2;30;30092;2;2;5;3;Chemin Michel Chevalier;44,09445100;4,60876500
202300039602;7;11;2023;08:30;2;49;49002;1;1;7;2;La piÃ¨ce du Grand Bois;47,29944200; -0,00436100
202300039613;16;5;2023;16:35;1;75;75110;2;4;1;2;RUE LOUIS BLANC;48,88306800;2,36155300
202300039617;16;5;2023;13:50;1;75;75101;2;3;1;1;RUE DE RIVOLI;48,86320600;2,33380600
202300039646;17;5;2023;07:50;1;92;92072;2;1;1;3;LECLERC (AVENUE DE LA DIVISION);48,82424000;2,22019000
202300039650;16;5;2023;18:55;1;92;92051;2;9;1;2;CHATEAU (BOULEVARD DU);48,89170000;2,27288000
202300039651;24;2;2023;01:32;5;69;69387;2;2;1;3;Cours Gambetta;45,75390786;4,84694859
202300039658;17;5;2023;15:30;1;92;92049;2;1;1;3;ARNOUX AVENUE MAURICE NÂ°2 A 80;48,82206737;2,31457740
202300039662;23;2;2023;18:35;2;69;69034;2;1;1;6;8 MontÃ©e de la Boucle;45,78283338;4,83537093
202300039693;24;2;2023;16:25;1;69;69029;2;1;2;3;15 Rue de Reims;45,73900000;4,90632000
202300039719;24;2;2023;19:45;5;59;59328;2;2;8;3;BONTE AUGUSTE RUE;50,64591000;3,01789000
202300039722;24;2;2023;19:05;2;59;59350;2;9;1;3;HUGO VICTOR  BVD NÂ°104 - 294;50,62142000;3,05930000
202300039735;24;2;2023;17:26;1;56;56098;2;3;1;3;52 Avenue FranÃ§ois Billoux;47,76196000; -3,34773000
202300039738;24;2;2023;15:25;1;56;56121;2;6;1;3;FRANCE ( AVE ANATOLE );47,74537000; -3,36811000
202300039741;3;11;2023;20:55;5;86;86066;2;2;1;3;Rue du Nouveau BrÃ¼nswick;46,81564000;0,53565000
202300039745;24;2;2023;11:10;1;56;56098;2;2;1;3;SCRIBE (RUE  AUGUSTIN );47,76795000; -3,35551000
202300039748;5;11;2023;10:10;1;83;83090;2;1;1;4;NATIONALE 8 (ROUTE);43,13502000;5,85439000
202300039761;24;2;2023;04:45;5;42;42218;2;1;8;2;Boulevard Georges Pompidou;45,45548000;4,40180000
202300039772;30;10;2023;15:56;1;53;53130;2;6;2;7;SAINT BERNARD DE CLERVAUX  (RUE );48,05701000; -0,77982000
202300039779;17;5;2023;09:45;1;68;68334;2;3;1;3;Avenue Pasteur;47,79827800;7,10931100
202300039780;24;2;2023;12:40;1;25;25462;2;1;1;1;FRERES BERTHET;46,91127200;6,35595200
202300039799;4;11;2023;17:30;2;31;31555;2;1;2;3;CHE SALINIE;43,59476873;1,38207391
202300039813;7;5;2023;12:38;1;46;46042;2;3;1;6;GAMBETTA (BOULEVARD LEON) NÂ°IMPAIR;44,44740000;1,44020000
202300039816;5;11;2023;12:00;1;07;07281;1;1;2;3;C.D.533;44,93593000;4,82028000
202300039819;24;2;2023;02:50;5;75;75106;2;2;1;2;BOULEVARD RASPAIL;48,84809100;2,32794100
202300039827;24;2;2023;12:00;1;75;75115;2;1;1;6;BOULEVARD DE GRENELLE;48,85355300;2,28993700
202300039835;24;2;2023;14:15;1;75;75110;2;2;1;2;RUE DU FAUBOURG SAINT MARTIN;48,87175800;2,35717400
202300039845;24;2;2023;01:20;5;75;75109;2;2;1;3;RUE DE PROVENCE;48,87425700;2,33133400
202300039846;5;11;2023;09:59;1;75;75114;2;2;2;3;BOULEVARD ROMAIN ROLLAND;48,82233300;2,31435600
202300039848;24;2;2023;07:05;2;75;75104;2;2;1;3;BOULEVARD DE SEBASTOPOL;48,85851990;2,34822571
202300039849;5;11;2023;01:35;5;75;75114;2;2;2;6;AVENUE DU MAINE;48,83755700;2,32293400
202300039852;4;11;2023;12:30;1;75;75114;2;7;8;7;AVENUE DENFERT ROCHEREAU;48,83454600;2,33261900
202300039863;15;5;2023;12:20;1;72;72181;2;1;1;3;ESTIENNE D'ORVES (BD D');47,98483000;0,18497000
202300039873;16;5;2023;19:40;1;64;64260;2;3;1;3;CORNICHE (ROUTE DE LA);43,37355021; -1,75561443
202300039875;24;2;2023;12:45;1;93;93001;2;1;1;3;Avenue Jean JaurÃ¨s;48,90349600;2,39176100
202300039877;4;11;2023;23:00;5;94;94041;2;1;2;3;Avenue Pierre SÃ©mard;48,82029000;2,37969000
202300039888;5;11;2023;16:45;1;94;94075;2;3;2;3;Route de la Grange;48,73272200;2,51295700
202300039897;24;2;2023;18:39;2;92;92002;2;3;1;6;FONTAINE MOUTON (AVENUE DE LA);48,73835085;2,29051799
202300039915;16;5;2023;08:00;1;37;37261;2;1;1;3;BERT (QUAI PAUL);47,40313000;0,70458000
202300039916;20;2;2023;16:30;1;87;87202;1;1;1;6;Route de la Chatrusse;45,90795800;1,10951200
202300039925;16;5;2023;17:30;1;33;33063;2;1;1;3;Rue Achard;44,86997000; -0,54754000
202300039930;24;2;2023;16:10;1;44;44131;1;1;8;7;4 Les Bleuets;47,14090600; -2,13070400
202300039933;16;5;2023;19:40;1;29;29232;2;6;1;1;Rue du Cosquer;48,00115000; -4,11068000
202300039968;9;2;2023;17:45;2;67;67118;2;2;1;3;Rue d'Oberhausbergen;48,58047200;7,68700700
202300039977;16;5;2023;18:20;1;75;75114;2;1;1;6;RUE VERCINGETORIX;48,83334500;2,31236900
202300039983;16;5;2023;08:55;1;75;75120;2;1;1;3;AVENUE IBSEN;48,86497000;2,41097300
202300039987;16;5;2023;08:10;1;75;75118;2;2;1;3;RUE CUSTINE;48,88979700;2,34293900
202300039991;23;2;2023;11:55;1;974;97416;1;1;1;7;BADAMIER (CHEMIN); -21,30804000;55,45717000
202300039995;23;2;2023;21:00;5;69;69388;2;2;2;3;Rue de l'Epargne;45,74235000;4,85838000
202300039998;23;2;2023;10:15;1;69;69388;2;1;1;3;24 Avenue Rockefeller;45,74146295;4,88455668
202300040022;23;2;2023;15:50;1;76;76114;2;1;1;2;DEBRAY  LOUIS (AVENUE);49,59046000;0,48505000
202300040024;23;2;2023;18:45;5;69;69266;2;1;2;3;Rue du 4 AoÃ»t 1789;45,76460000;4,88880000
202300040038;8;4;2023;14:40;1;69;69387;2;2;1;1;Grande Rue de la GuillotiÃ¨re;45,74804000;4,85620000
202300040050;3;9;2023;01:45;5;75;75119;2;3;1;3;AVENUE DE FLANDRE;48,88577900;2,37097800
202300040054;2;9;2023;17:10;1;75;75113;2;1;1;4;AVENUE D ITALIE;48,82387700;2,35796200
202300040065;22;2;2023;13:55;1;49;49353;2;1;1;3;Rue Ferdinand Vest;47,44196000; -0,48314000
202300040067;3;9;2023;17:16;1;75;75104;2;2;1;3;RUE DES TOURNELLES;48,85595100;2,36732200
202300040069;3;9;2023;11:20;1;75;75104;2;1;1;6;SOUTERRAIN HENRI IV;48,85071600;2,36112300
202300040079;3;9;2023;19:10;1;93;93048;2;1;1;3;Rue de Paris;48,85630348;2,42616910
202300040090;23;2;2023;11:20;1;29;29232;2;6;1;3;Rond-Point de Prad Ar C'hras;48,00074500; -4,15202200
202300040149;2;9;2023;13:45;1;54;54578;2;2;1;3;AIGUILLETTES  (BD 5 A 73-2 A 94);48,67029000;6,15830000
202300040151;2;9;2023;13:32;1;49;49007;2;2;1;3;ARAGO BOULEVARD;47,47861000; -0,55620000
202300040154;3;9;2023;00:00;5;45;45302;2;2;1;3;609 Rue Nationale 20;47,94329000;1,89264000
202300040161;1;9;2023;18:25;1;35;35115;2;2;1;3;CANROBERT (RUE);48,35098000; -1,19273000
202300040165;2;4;2023;11:30;1;06;06069;2;1;1;2;CANNES (ROUTE DE)  -VC 6085-;43,63523800;6,95167000
202300040173;1;9;2023;19:10;1;22;22113;2;1;1;6;LE DANTEC (RUE FELIX);48,73280000; -3,46388000
202300040174;7;4;2023;18:20;5;988;98818;2;3;1;3;ROUTE MENANT AU DEBARCADERE/PROMENADE PIERRE VERNIER; -22,30955000;166,45802000
202300040177;2;9;2023;19:00;1;14;14220;2;1;1;2;14 Boulevard EugÃ¨ne CornuchÃ©;49,36238000;0,07378000
202300040182;7;4;2023;06:50;1;974;97411;2;1;1;3;LATTRE DE TASSIGNY (AVENUE MARECHAL DE); -20,88703000;55,47108000
202300040188;7;4;2023;13:03;1;973;97302;2;3;1;3;MADELEINE (ROUTE DE LA);4,91739000; -52,32143000
202300040191;2;9;2023;20:00;1;75;75105;2;2;1;3;QUAI SAINT MICHEL;48,85377200;2,34434700
202300040198;2;9;2023;00:15;5;75;75113;2;1;1;1;RUE JEAN BAPTISTE BERLIER;48,82623670;2,38626069
202300040200;2;9;2023;04:45;5;75;75111;2;3;1;6;RUE DE CHARONNE;48,85439900;2,38407700
202300040201;7;4;2023;08:20;1;95;95051;2;3;7;1;DENIS PAPIN (RUE);49,01614290;2,17679769