Num_Acc;jour;mois;an;hrmn;lum;dep;com;agg;int;atm;col;adr;lat;long
202300040206;2;9;2023;15:15;1;75;75101;2;2;1;3;BOULEVARD DE SEBASTOPOL;48,85854700;2,34820500
202300040235;6;4;2023;14:20;1;72;72181;2;6;8;3;DELAGENIERE HENRY (RUE);48,01109900;0,19913500
202300040258;2;9;2023;13:10;1;974;97410;1;1;1;7;D53; -21,08061100;55,62667600
202300040287;9;12;2023;13:50;1;72;72181;1;9;2;3;EINSTEIN ALBERT (RUE);48,02450000;0,17708000
202300040296;6;4;2023;18:40;1;50;50129;2;3;1;3;COUPLETS (RUE DES);49,65008000; -1,66014000
202300040314;2;9;2023;18:50;1;70;70120;1;1;7;2;RD4;47,70281600;6,70987800
202300040354;7;4;2023;08:35;1;24;24037;2;1;1;6;BEAUFERRIER (RUE);44,85914000;0,47776000
202300040366;8;8;2023;10:05;1;59;59177;1;1;1;1;Route dâAulnoye;50,15580300;3,87675500
202300040368;9;12;2023;09:25;1;75;75112;2;3;3;1;RUE DE CHARENTON;48,83610800;2,39223600
202300040373;3;4;2023;19:45;1;10;10325;2;9;1;3;Rue Victor Hugo;48,26750977;4,06187832
202300040374;9;12;2023;09:50;1;75;75110;2;3;3;6;RUE ALEXANDRE PARODI;48,87980000;2,36553200
202300040380;7;4;2023;22:16;5;06;06088;2;1;1;3;DELFINO (BD GENERAL);43,70589000;7,28328000
202300040382;9;12;2023;11:50;1;94;94052;2;3;2;3;Avenue de Joinville;48,83104600;2,46887200
202300040402;8;4;2023;18:15;1;75;75116;2;1;1;7;ALLEE DU BORD DE L EAU;48,86789300;2,23410900
202300040411;8;4;2023;18:30;1;75;75113;2;3;1;2;AVENUE D ITALIE;48,82280700;2,35841200
202300040429;8;12;2023;18:20;5;68;68060;2;6;2;3;Pont d'Aspach;47,74054300;7,14378500
202300040454;5;4;2023;15:40;1;17;17413;2;4;1;3;intersection D113 - D203E5;46,08026800; -1,04937700
202300040459;26;8;2023;22:50;3;84;84080;1;1;1;2;SARRIANS ROUTE DE;44,04738000;4,98204000
202300040473;1;9;2023;18:00;1;77;77374;1;1;1;2;DEPARTEMENTALE 471 (ROUTE);48,81314000;2,69276000
202300040489;8;12;2023;15:00;1;76;76020;1;2;8;3;D64;49,45661400;0,91172900
202300040493;31;8;2023;19:30;2;67;67482;2;3;1;3;PRESIDENT WILSON (BOULEVARD);48,58805000;7,73933000
202300040516;2;9;2023;00:55;5;59;59350;2;1;1;3;FAUBOURG D'ARRAS RUE;50,61314000;3,06202000
202300040521;9;10;2023;08:50;1;60;60159;2;1;1;6;Rue de Clamart;49,41055000;2,82333000
202300040525;8;4;2023;15:30;1;66;66024;2;1;1;6;Chemin du moli nou 66160;42,52597400;2,84179000
202300040531;31;8;2023;18:25;1;56;56121;2;6;2;3;DORDELIN (RUE DE L AMIRAL ALAIN );47,73289000; -3,37252000
202300040554;28;8;2023;12:30;1;44;44184;2;6;1;3;92 Rue Henri Gautier;47,28204000; -2,20395000
202300040557;8;12;2023;07:40;5;69;69383;2;3;2;3;Rue AndrÃ© Philip;45,75355000;4,85195000
202300040561;1;9;2023;19:05;1;33;33063;2;1;1;3;Quai des Chartrons;44,85225101; -0,56805164
202300040566;1;9;2023;09:36;1;22;22278;2;1;8;2;GOUEDIC (DE);48,50962000; -2,75478000
202300040597;8;12;2023;13:30;1;79;79191;2;2;1;3;;46,32737000; -0,45487000
202300040598;3;10;2023;17:10;1;22;22152;1;6;1;3;Pont Losquet;48,76050909; -3,29320818
202300040610;4;10;2023;15:15;1;72;72146;1;1;1;2;La GuÃ©randiÃ¨re;47,87441100;0,11682600
202300040624;4;10;2023;15:00;1;987;98733;2;1;1;3;PK 19.800 RT1; -17,67332200; -149,59062700
202300040630;8;12;2023;12:00;1;67;67482;2;1;1;3;CHARLES PEGUY (RUE);48,58747000;7,69977000
202300040634;4;10;2023;16:10;1;63;63263;1;4;1;3;d941 / D768;45,78208900;3,03873400
202300040642;2;10;2023;18:50;1;01;01043;2;6;1;2;D1084a;45,82122600;4,99054500
202300040644;8;12;2023;18:25;5;49;49007;2;1;2;6;PASTEUR AVENUE;47,47497000; -0,53538000
202300040648;5;10;2023;08:45;1;46;46175;1;1;7;2;Lieu Dit Causse de Saint Denis;44,61605329;2,00107813
202300040650;4;10;2023;16:20;1;31;31004;1;6;1;2;D813;43,45098700;1,59065700
202300040660;8;12;2023;08:50;1;35;35238;2;1;1;3;GUEBRIANT (DE);48,10318900; -1,70370200
202300040683;4;1;2023;08:15;3;35;35024;1;3;2;3;la Victoire;48,16118700; -1,64801400
202300040706;2;10;2023;19:00;1;87;87085;2;3;1;3;FOUCAUD (AVENUE);45,82797000;1,25155000
202300040711;3;10;2023;18:55;1;81;81004;2;6;1;3;TEYSSIER (AV DU COLONEL);43,92111000;2,16887000
202300040713;2;10;2023;12:58;1;81;81004;2;1;7;2;MAQUIS (PL DU);43,92666000;2,15358000
202300040720;3;10;2023;10:25;1;77;77243;2;9;2;3;SAINT DENIS  (RUE   );48,87788800;2,71653500
202300040722;14;1;2023;13:10;1;70;70116;2;3;8;3;D16;47,61174700;6,73562800
202300040726;3;10;2023;07:15;2;69;69266;2;6;8;3;130 Boulevard du 11 Novembre 1918;45,77937000;4,87503000
202300040730;3;10;2023;07:30;1;67;67218;2;1;1;1;VIGNES (RUE DES);48,51991000;7,73259000
202300040733;3;10;2023;11:20;1;64;64348;2;1;8;3;ERCKMAN CHATRIAN;43,32470000; -0,38072000
202300040760;2;10;2023;13:45;1;56;56121;2;6;1;3;Boulevard Emmanuel Svob;47,75160000; -3,36940000
202300040778;3;10;2023;07:39;3;37;37122;2;1;8;2;CHANTEPIE (RUE DE);47,34815000;0,65329000
202300040786;2;10;2023;17:35;1;35;35238;2;2;1;3;ANDORRE (D');48,08833000; -1,66917000
202300040789;3;10;2023;22:30;4;34;34172;2;1;1;1;JANVIER (RUE GUILLAUME);43,59550000;3,86573000
202300040819;1;10;2023;13:45;1;75;75119;2;2;1;3;RUE MANIN;48,88321200;2,38792800
202300040821;3;10;2023;14:40;1;75;75116;2;2;1;3;ALLEE DE LONGCHAMP;48,87494000;2,27108300
202300040824;2;10;2023;23:45;5;75;75115;2;2;1;3;RUE DE LA CONVENTION;48,83724100;2,29644400
202300040825;3;10;2023;13:35;1;75;75114;2;1;1;6;AVENUE DENFERT ROCHEREAU;48,83520400;2,33317400
202300040830;3;10;2023;13:40;1;75;75113;2;2;1;6;BOULEVARD AUGUSTE BLANQUI;48,83107700;2,34425200
202300040837;3;10;2023;18:40;1;75;75108;2;2;1;3;RUE DE ROME;48,87524900;2,32426400
202300040853;12;1;2023;18:20;5;79;79191;2;2;2;3;;46,31024000; -0,46677000
202300040858;10;1;2023;17:00;2;76;76447;2;3;1;3;JACQUES PREVERT;49,54726000;0,17732000
202300040874;12;1;2023;07:00;5;64;64445;2;2;1;3;ALSACE LORRAINE D';43,30458000; -0,36821000
202300040877;2;10;2023;17:45;1;92;92049;2;1;1;3;BROSSOLETTE AVENUE PIERRE;48,81685586;2,30686158
202300040885;7;1;2023;11:05;1;54;54395;2;2;1;6;Rue de la Paix;48,67087557;6,16430104
202300040890;3;10;2023;08:55;1;92;92019;2;1;2;6;SALENGRO ROGER (RUE);48,77306598;2,27606267
202300040893;9;1;2023;13:50;1;49;49099;2;6;1;3;LECOQ (BOULEVARD PIERRE);47,04919000; -0,86943000
202300040894;3;10;2023;00:10;5;92;92007;2;1;1;2;BOURG-LA-REINE (AVENUE DE);48,78496679;2,30676162
202300040897;3;10;2023;17:20;1;92;92014;2;1;1;6;GENERAL LECLERC (AV.) (57 A 135 - 50 A 1;48,77889000;2,31516000
202300040900;12;1;2023;14:55;1;47;47031;2;1;1;3;Avenue de Bigorre;44,18790000;0,63090000
202300040902;12;1;2023;18:09;5;45;45234;2;1;2;2;45 Avenue Dauphine;47,89097000;1,90488000
202300040907;12;1;2023;21:05;5;44;44109;2;6;2;3;9 Boulevard EugÃ¨ne Orieux;47,23520200; -1,54927900
202300040910;30;9;2023;08:30;1;06;06019;1;3;1;3;D2204;43,77037300;7,33275700
202300040915;12;1;2023;08:45;1;38;38185;2;2;1;1;STALINGRAD (RUE DE)   (E.ZOLA A ALLIES);45,17511000;5,72543000
202300040920;25;7;2023;00:32;5;33;33522;2;6;1;3;Rue Lafitte;44,79984000; -0,58479000
202300040948;24;7;2023;09:20;1;75;75116;2;1;8;3;PORTE DAUPHINE;48,87607300;2,27082800
202300040954;8;1;2023;12:55;1;15;15012;2;6;8;3;D920;44,90525000;2,45267000
202300040955;24;7;2023;17:40;1;75;75110;2;4;2;3;RUE LA FAYETTE;48,88248900;2,36918600
202300040961;23;7;2023;10:35;1;75;75104;2;5;1;7;QUAI DE GESVRES;48,85726100;2,34713900
202300040965;24;7;2023;07:00;1;94;94034;2;2;1;1;Boulevard Pasteur;48,75395437;2,31274948
202300040969;24;7;2023;23:00;3;94;94075;2;5;2;3;Av du Mal de Lattre de Tassigny;48,73432000;2,52016000
202300040975;24;7;2023;09:30;1;93;93008;2;1;1;1;FOLIE (RUE DE LA);48,90099200;2,44378100
202300040984;11;1;2023;06:30;5;95;95539;2;1;2;2;D125;48,99572000;2,35222000
202300040989;11;1;2023;14:09;1;91;91122;2;1;1;3;GENERAL LECLERC (RUE DU);48,69615000;2,16250000
202300040998;10;1;2023;07:25;3;77;77379;1;9;2;3;D1B;48,54652000;3,30683000
202300041003;24;7;2023;13:30;1;22;22322;1;3;8;3;Parc Moan;48,47267900; -3,06512100
202300041011;10;1;2023;17:45;1;67;67447;2;1;1;3;BISCHWILLER (ROUTE DE);48,60007000;7,74270000
202300041020;11;1;2023;08:32;1;63;63113;2;1;1;3;BLATIN (RUE);45,77654000;3,07662000
202300041022;10;1;2023;13:46;1;63;63075;2;1;1;2;THERMALE (AVENUE);45,77153000;3,05628000
202300041027;11;1;2023;15:30;1;59;59279;2;3;2;3;RONCQ (BOULEVARD);50,77390000;3,12956500
202300041035;11;1;2023;07:55;2;51;51454;2;1;2;3;boulevard de la Paix;49,25396000;4,04085000
202300041044;10;1;2023;08:25;2;49;49007;2;1;2;7;SIMON;47,44677000; -0,57231000
202300041061;25;7;2023;18:00;2;16;16280;1;1;1;2;D6;45,76861600;0,36281700
202300041084;12;1;2023;10:00;1;75;75116;2;1;2;3;AVENUE KLEBER;48,86402100;2,28811700
202300041093;12;1;2023;11:00;1;75;75112;2;3;2;3;RUE DU FAUBOURG SAINT ANTOINE;48,85061900;2,37877100
202300041100;12;1;2023;00:50;5;75;75110;2;2;1;2;RUE DU FAUBOURG SAINT MARTIN;48,88110500;2,36516900
202300041112;12;1;2023;15:40;1;93;93066;2;3;1;3;Rue Diderot / CollÃ¨ge Jean LurÃ§at;48,93548000;2,37927500
202300041122;23;7;2023;05:45;2;64;64125;2;1;1;6;BASSILOUR (RUE);43,44426000; -1,55991000
202300041155;22;7;2023;10:00;1;62;62491;1;2;1;6;D169;50,61212200;2,78241600
202300041213;22;6;2023;12:00;1;84;84049;1;1;1;7;677 Chemin de Lencieu;44,17898800;5,01510900
202300041214;12;6;2023;11:20;1;05;05007;1;1;1;1;Route de l'Izoard;44,77043400;6,73675400
202300041225;21;6;2023;18:50;1;60;60302;2;2;1;3;Rue de l'Eglise;49,48821400;2,24242900
202300041244;20;6;2023;16:45;1;62;62774;2;6;1;3;D940;50,95874000;1,82775000
202300041246;20;6;2023;01:15;5;75;75107;2;1;1;7;BOULEVARD DES INVALIDES;48,84894900;2,31540700
202300041253;20;6;2023;19:50;5;974;97411;2;2;1;2;DODU 3 (RUE JULIETTE); -20,88533000;55,45393000
202300041264;15;6;2023;08:20;1;69;69202;2;9;1;3;41B Route de la LibÃ©ration;45,72930000;4,77767000
202300041273;14;6;2023;15:40;1;85;85194;2;1;1;6;24 Rue de bourdigal;46,48081000; -1,73160000
202300041279;20;6;2023;13:55;1;77;77438;2;1;1;3;COURTILLIERE (AVENUE DE LA );48,86746000;2,67874000
202300041281;16;6;2023;09:45;1;76;76351;2;6;1;2;GRAND HAMEAU (Avenue du );49,52632000;0,09108000
202300041282;19;6;2023;17:50;1;73;73065;2;6;1;3;MONTREUIL CHARLES (RUE);45,58103000;5,90958000
202300041289;20;6;2023;18:00;1;67;67482;2;2;8;3;ROBERTSAU (ALLEE DE LA);48,58980000;7,76720000
202300041299;20;6;2023;22:50;3;51;51454;2;6;1;3;BRIAND (PLACE ARISTIDE);49,25753000;4,03889400
202300041300;20;6;2023;17:15;1;51;51454;2;1;1;3;HALAGE (AVENUE);49,28854000;3,99871000
202300041301;20;6;2023;13:35;1;51;51454;2;1;1;3;VENISE (RUE);49,24751000;4,03386000
202300041306;20;6;2023;13:00;1;44;44184;2;4;1;2;3 Rue Antoine Parmentier;47,26343000; -2,22701000
202300041309;17;6;2023;16:15;1;41;41018;2;1;1;3;GAMBETTA (AVENUE);47,58478000;1,31841000
202300041312;20;6;2023;07:45;1;37;37261;2;1;2;7;PORTILLON (QUAI DE);47,40104000;0,68366000
202300041322;20;6;2023;07:35;1;29;29019;2;2;1;3;rue Dupuy de Lome;48,39091200; -4,50773700
202300041328;20;6;2023;08:25;1;22;22278;2;1;1;7;ROLLAND (ROMAIN);48,49402000; -2,74751000
202300041356;20;6;2023;09:10;1;75;75117;2;3;1;3;AVENUE DE LA PORTE D ASNIERES;48,89105700;2,30252200
202300041366;20;6;2023;18:40;1;75;75112;2;3;1;6;RUE CLAUDE DECAEN;48,83672200;2,39843300
202300041368;20;6;2023;13:30;1;75;75111;2;1;1;3;BOULEVARD DES FILLES DU CALVAIRE;48,86178600;2,36704600
202300041372;20;6;2023;19:45;1;75;75109;2;4;1;6;RUE LA FAYETTE;48,87296600;2,33331400
202300041377;19;6;2023;06:20;1;75;75104;2;3;1;7;RUE SAINT MARTIN;48,86102600;2,35136900
202300041381;20;6;2023;14:30;1;94;94080;2;1;1;2;Rue de Montreuil;48,84968000;2,43461000
202300041400;18;6;2023;14:40;1;93;93032;2;1;1;3;Chemin des Bourdons;48,88995036;2,52401072
202300041401;20;6;2023;09:45;1;93;93079;2;1;1;3;Route de Saint-leu;48,95443628;2,33473299
202300041404;4;11;2023;21:00;3;987;98735;1;1;2;3;PK 11.5 Ouest - CÃ´tÃ© Montagne - District de Tapuamu; -16,62000000; -151,49600000
202300041412;19;6;2023;23:10;5;92;92051;2;1;1;1;CHARLES DE GAULLE (AVENUE, NÂ° 18 A 116);48,87900138;2,27951892
202300041454;16;5;2023;19:40;1;75;75114;2;1;1;2;AVENUE DENFERT ROCHEREAU;48,83637900;2,33431700
202300041471;16;5;2023;10:55;1;75;75107;2;3;1;3;AVENUE DE SUFFREN;48,85748000;2,29127500
202300041493;16;5;2023;15:33;1;93;93045;2;1;1;6;Rue de Paris;48,87856061;2,41147488
202300041494;3;11;2023;10:06;1;83;83137;2;1;3;6;CHURCHILL (AVE WINSTON);43,12541525;5,92607921
202300041506;13;5;2023;10:50;1;26;26344;1;1;1;1;Route de Bois Vieux;44,68314500;5,03657200
202300041523;17;5;2023;13:30;1;65;65006;1;1;1;7;D 113;42,91048600;0,29770400
202300041527;3;11;2023;18:30;5;83;83090;2;3;8;3;GARE (ROUTE);43,12325359;5,82312942
202300041528;16;5;2023;13:30;1;49;49214;2;3;1;3;28 Rue Victor Hugo;47,52654600; -0,61156400
202300041532;16;5;2023;16:55;1;02;02532;2;3;1;2;22 Rue Gambetta;49,75562800;3,36282500
202300041533;14;5;2023;09:55;1;58;58031;1;1;1;6;rd 978 PR 23+100;47,00643600;3,44520100
202300041534;14;5;2023;10:00;1;58;58232;2;1;1;6;RD 172 PR 00+250;46,99654700;3,39063400
202300041537;4;11;2023;18:20;2;76;76540;2;4;2;3;Rue Repainville;49,43444000;1,13187000
202300041541;3;11;2023;16:35;2;74;74010;2;6;3;2;PARMELAN;45,90552000;6,13246000
202300041542;17;5;2023;11:15;1;50;50410;1;1;1;7;D30;48,55349200; -1,49286600
202300041545;17;5;2023;12:46;1;60;60667;2;2;1;6;Rue du MarÃ©chal Leclerc;49,30778100;2,72485600
202300041550;3;11;2023;16:13;1;59;59286;2;4;7;1;POTIE AUGUSTE RUE;50,61199000;3,00017000
202300041571;17;5;2023;10:00;1;34;34344;2;1;1;3;314 Allee Andre Malraux;43,56325600;4,09042100
202300041574;17;5;2023;17:35;1;71;71032;1;1;1;2;D17;46,36285600;4,69375300
202300041576;15;5;2023;09:48;1;21;21038;2;3;1;1;Rue Jean Mignot;47,20060100;5,39749000
202300041613;4;11;2023;02:35;5;75;75117;2;3;1;7;PLACE CHARLES FILLION;48,88798900;2,31671800
202300041616;3;11;2023;22:43;5;75;75116;2;1;1;2;AVENUE DE VERSAILLES;48,83865400;2,25976200
202300041623;4;11;2023;02:00;4;75;75110;2;2;1;3;BOULEVARD DE BONNE NOUVELLE;48,86977000;2,35227800
202300041630;4;11;2023;00:10;5;75;75107;2;2;1;3;RUE DE GRENELLE;48,85646900;2,32112100
202300041652;15;5;2023;08:00;1;69;69266;2;2;1;1;345 Cours Emile Zola;45,76614000;4,89781000
202300041675;22;2;2023;06:36;2;973;97302;2;6;2;3;SUZINI (CARREFOUR);4,92715000; -52,28971000
202300041698;15;5;2023;16:50;1;29;29039;2;3;1;3;Rue Suffren;47,86402000; -3,89962000
202300041727;22;2;2023;12:55;1;72;72181;2;9;2;3;EICHTHAL (RUE D');48,00003307;0,18520474
202300041733;21;2;2023;13:30;1;71;71309;2;1;1;7;MARECHAL JOFFRE  (RUE DU);46,79017000;4,40698000
202300041745;15;5;2023;21:00;5;75;75120;2;7;1;3;AVENUE GAMBETTA;48,86831900;2,40141200
202300041750;15;5;2023;17:00;1;75;75120;2;4;2;6;PONT DE LAGNY;48,84930100;2,41461200
202300041754;5;11;2023;11:30;1;34;34163;1;3;6;3;D619;43,63126900;3,70311100
202300041760;4;11;2023;08:20;1;973;97311;2;2;1;3;30 Rue Montravel;5,50163100; -54,02768300
202300041775;15;5;2023;10:00;1;75;75108;2;4;1;3;PLACE DE LA CONCORDE;48,86639400;2,32348500
202300041779;21;2;2023;20:08;5;36;36044;2;3;1;3;Rue des Etats Unis;46,81619000;1,70088000
202300041794;14;2;2023;20:45;5;24;24322;2;3;1;2;BASSIN (BRETELLE DU);45,18545000;0,70201000
202300041798;15;5;2023;17:50;1;57;57307;1;1;1;2;D72;49,17742700;6,38281500
202300041823;9;4;2023;11:00;1;04;04152;1;1;1;3;Route de la Bastide;43,80648500;5,71951000
202300041831;23;2;2023;14:15;1;75;75119;2;2;1;6;PLACE DE LA PORTE DE PANTIN;48,88956900;2,39565200
202300041847;23;2;2023;19:07;5;75;75111;2;4;1;3;BOULEVARD VOLTAIRE;48,85293700;2,38851100
202300041854;23;2;2023;08:40;1;75;75104;2;2;1;3;RUE DES DEUX PONTS;48,85182400;2,35656000
202300041858;16;5;2023;17:45;1;35;35117;1;1;1;2;le Vivier;48,15025700; -2,21511900
202300041881;23;2;2023;15:50;1;92;92044;2;1;8;7;RASPAIL(RUE) 13A39 ET 10A30;48,89793000;2,29183000
202300041907;6;4;2023;09:40;1;69;69081;2;2;1;3;1 Chemin de Villeneuve;45,78173000;4,77562000
202300041909;5;4;2023;00:07;5;69;69382;2;2;1;1;Quai Jean Moulin;45,76466000;4,83815000
202300041912;23;2;2023;10:00;1;2B;2B152;1;1;1;3;D80 PK25+300;42,89423800;9,47329900
202300041926;23;2;2023;16:45;1;35;35306;1;6;1;6;Rue du Fort;48,56516000; -1,92569700
202300041929;23;2;2023;18:10;1;50;50639;2;7;1;7;Rue du Chemin Vert;48,84035200; -1,21827000
202300041938;23;2;2023;13:10;1;30;30006;1;6;1;3;route des plages;43,67151100;4,21209000
202300041944;5;4;2023;16:20;1;81;81257;2;9;1;3;JAURES ( AVENUE JEAN );43,94202860;2,19074350
202300041953;24;2;2023;11:30;1;66;66094;2;1;1;6;;42,61046430;2,99578100
202300041958;20;2;2023;12:30;1;83;83053;1;1;1;1;d62;43,17013100;5,89804900
202300041963;24;2;2023;16:50;1;31;31395;1;6;7;3;D15;43,46024200;1,29558600
202300041966;5;4;2023;19:10;2;67;67482;2;1;7;3;PIERRE PFLIMLIN (BOULEVARD);48,59944000;7,77006000
202300041971;5;4;2023;07:50;1;64;64335;2;3;1;5;EUROPE DE L';43,33519000; -0,45695000
202300041977;6;4;2023;04:42;5;63;63113;2;2;1;3;ESTAING (RUE D') / av de la RÃ©publique;45,78747000;3,10586000
202300041987;30;8;2023;17:50;1;22;22278;2;1;1;3;BOUESSIERES (DES);48,52500000; -2,80500000
202300041995;22;2;2023;18:15;5;75;75108;2;1;2;6;COURS LA REINE;48,86464183;2,31196225
202300042005;1;9;2023;17:50;1;10;10387;2;3;1;3;JEAN NESMY (RUE);48,29436000;4,09063000
202300042011;6;4;2023;15:53;1;47;47201;2;4;1;2;MARNE (AV. DE LA);44,19396000;0,59873000
202300042022;22;2;2023;20:12;3;92;92004;1;1;1;6;DIX HUIT JUIN 40 ( RUE DU );48,93121210;2,27805108
202300042032;23;2;2023;15:50;1;50;50159;1;1;1;6;Le Calenge;49,03719000; -1,23100200
202300042040;1;9;2023;15:15;1;75;75114;2;3;1;2;RUE D ALESIA;48,82780500;2,32915000
202300042051;8;12;2023;17:20;5;10;10387;2;1;1;6;EMILE ZOLA (RUE);48,29560000;4,07282000
202300042057;1;9;2023;16:47;1;75;75108;2;3;1;6;PONT DES INVALIDES;48,86394310;2,31039047
202300042070;23;2;2023;11:10;1;76;76192;1;1;1;6;D925;50,02382100;1,34253400
202300042074;5;4;2023;08:15;1;33;33281;2;2;1;3;Avenue de l'Yser;44,84207000; -0,66068000
202300042084;8;12;2023;14:40;1;75;75119;2;3;1;3;AVENUE DE FLANDRE;48,89132113;2,37788039
202300042091;20;2;2023;19:00;2;29;29076;1;9;1;1;Lieu Dit Koatkeneg;48,43752200; -4,59909800
202300042093;1;9;2023;09:45;1;94;94046;2;1;1;3;Avenue LÃ©on Blum;48,80241834;2,43463562
202300042099;1;9;2023;12:30;1;94;94038;2;3;1;2;Avenue du GÃ©nÃ©ral de Gaulle;48,78327000;2,34545000
202300042100;7;12;2023;06:00;5;75;75116;2;2;1;3;RUE MOLITOR;48,84534300;2,25755800
202300042124;1;9;2023;14:50;1;93;93077;2;1;1;3;Route de Noisy;48,88301643;2,49594435
202300042149;1;9;2023;17:50;1;92;92062;2;9;1;3;PELLOUTIER (RUE FERNAND) DU 9 AU 17;48,88459806;2,23432159
202300042155;1;9;2023;09:55;1;92;92020;2;1;1;4;DE GAULLE CARREFOUR CHARLES;48,80074393;2,28340298
202300042167;5;4;2023;08:10;1;10;10333;2;9;7;1;MONTESQUIEU (RUE DE);48,27647000;4,06471000
202300042170;1;9;2023;17:36;1;17;17420;2;1;1;1;D109;46,08250400; -1,07825900
202300042174;8;12;2023;09:05;1;94;94002;2;6;2;3;Rue Victor Hugo;48,80447000;2,41951000
202300042180;1;9;2023;17:00;1;974;97404;2;1;1;7;33 Avenue Raymond Barre; -21,26760200;55,37086700
202300042192;7;4;2023;03:30;5;75;75119;2;2;1;2;RUE ALEXANDER FLEMING;48,88200400;2,40249400
202300042193;8;12;2023;15:59;1;92;92044;2;1;1;2;CHARLES PASQUA(QUAI) 2 A 30;48,89863387;2,27796793
202300042204;7;4;2023;17:55;1;75;75101;2;2;1;6;BOULEVARD DE SEBASTOPOL;48,85872300;2,34834200
202300042218;7;4;2023;08:40;1;94;94054;2;3;1;1;Rue Pierre SÃ©mard / Voie du Bouvray;48,74704519;2,41871810
202300042233;7;4;2023;08:45;1;92;92077;2;6;1;6;Rue de Saint Cloud;48,82690000;2,18852000
202300042240;1;9;2023;14:50;1;01;01133;1;6;1;3;CD 992;45,78257200;5,76908800
202300042254;7;4;2023;18:20;1;50;50167;2;1;1;2;Chemin Montois;48,72476700; -1,52217000
202300042265;26;2;2023;13:42;1;11;11307;1;1;6;2;D311;43,22028300;2,86944900
202300042266;8;12;2023;15:40;1;14;14739;2;3;8;7;28 Avenue du 6 Juin;49,34235000; -0,51751000
202300042296;8;4;2023;09:50;1;18;18028;1;2;1;3;;47,15156700;2,28421200
202300042309;8;12;2023;18:20;5;80;80212;2;1;1;3;Rue Gambetta;49,91273300;2,51513300
202300042342;7;4;2023;19:45;1;45;45039;2;1;1;6;7 Route des Bordes;47,79689000;2,38288000
202300042408;8;12;2023;01:50;5;69;69381;2;1;2;7;Quai AndrÃ© Lassagne;45,76932000;4,83787000
202300042454;7;12;2023;11:16;1;71;71475;2;2;8;3;EUROPE (AVENUE DE L');46,76454000;4,83289000
202300042459;31;8;2023;20:10;2;59;59599;2;3;2;3;PARIS (RUE DE);50,72298941;3,14455895
202300042463;30;8;2023;17:20;1;59;59227;2;1;1;1;LENINE WLADIMIR(RUE);50,35855000;3,30046000
202300042470;6;12;2023;17:20;5;67;67482;2;3;1;3;ROMAINS (ROUTE DES);48,58016000;7,71896000
202300042488;30;8;2023;16:25;1;43;43251;2;9;1;7;Route du Carmel;45,02067000;3,87134000
202300042491;31;8;2023;08:46;1;37;37261;2;1;1;7;HEURTELOUP (BOULEVARD);47,39110000;0,69480000
202300042492;7;12;2023;23:00;5;59;59350;2;1;2;1;MARCHE RUE DU;50,62545000;3,05212000
202300042496;7;12;2023;09:30;1;59;59350;2;1;8;3;SEINE RUE DE LA;50,61251000;3,05789000
202300042504;30;8;2023;17:25;1;31;31149;2;6;1;3;CATCHERE (ALLEE DE);43,61236500;1,31807600
202300042511;30;8;2023;18:50;1;29;29019;2;9;1;1;rue de l'Eglise;48,38223000; -4,50205000
202300042522;30;8;2023;17:55;1;07;07281;2;3;1;3;GROSS-UMSTADT (AVENUE DE);44,94038231;4,86387223
202300042530;31;8;2023;16:25;1;06;06159;2;3;1;3;PRINCESSE GRACE DE MONACO (AVENUE);43,70148000;7,30661000
202300042535;6;12;2023;22:20;3;34;34032;2;1;1;3;GALINIER HENRI (AV);43,34131000;3,18345000
202300042539;7;12;2023;18:30;5;33;33063;2;1;3;3;Boulevard du PrÃ©sident Wilson;44,84352000; -0,59946000
202300042541;31;8;2023;08:40;1;01;01283;2;3;8;3;GUYNEMER;46,25502300;5,63601800
202300042543;6;12;2023;19:30;5;33;33162;2;3;1;3;Avenue du MÃ©doc;44,89110000; -0,65780000
202300042556;3;10;2023;09:10;1;81;81290;1;2;8;3;Chemin de la Chanade;44,02530900;1,96304400
202300042560;4;12;2023;16:10;1;29;29019;2;6;2;3;rond-point des GrÃ¨bes;48,38918000; -4,45805000
202300042567;4;10;2023;17:10;1;46;46232;2;9;1;1;route de martel;44,99490000;1,64475200
202300042590;2;10;2023;14:50;1;29;29037;1;3;1;3;Pen Diry;47,86196774; -4,16035509
202300042591;3;10;2023;07:30;2;38;38034;2;4;1;3;Avenue de la Valloire;45,33617000;5,05003600
202300042597;30;9;2023;15:58;1;14;14132;1;2;1;7;D613;49,34030500; -0,98038100
202300042604;3;10;2023;22:30;5;37;37050;2;6;1;3;D910;47,31714143;0,71081400
202300042613;12;1;2023;21:08;3;74;74309;1;1;1;2;route de Frangy;46,09619443;6,02549814
202300042678;2;10;2023;13:00;1;69;69382;2;1;1;2;29 Place Bellecour;45,75720000;4,83010000
202300042737;2;10;2023;17:30;1;67;67482;2;1;1;3;RATHSAMHAUSEN (RUE DE);48,56587000;7,75994000
202300042739;2;10;2023;17:08;1;64;64348;2;1;1;3;MARCEL DASSAULT;43,30141800; -0,41258800
202300042760;2;10;2023;21:00;5;51;51454;2;3;1;3;COURLANCY (RUE DE);49,24575000;4,01763000