Num_Acc;jour;mois;an;hrmn;lum;dep;com;agg;int;atm;col;adr;lat;long
202300042762;22;7;2023;20:55;2;69;69383;2;2;1;3;Avenue MarÃ©chal de Saxe;45,75605000;4,84650000
202300042767;2;10;2023;09:45;1;47;47001;2;1;1;3;PERES (RUE JEAN-BAPTISTE);44,20633000;0,63528000
202300042770;1;10;2023;19:00;1;41;41018;2;1;1;1;FRANCOIS 1ER (ALLEE);47,58362000;1,31349000
202300042787;27;9;2023;13:10;1;28;28085;2;2;1;3;VINTANT (RUE MICHEL);48,43939000;1,49145000
202300042798;2;10;2023;16:52;1;17;17300;2;1;1;3;JOFFRE   BOULEVARD (79 et 18);46,15371000; -1,14547000
202300042799;30;9;2023;16:30;1;14;14221;1;1;7;2;D228;49,16847000; -0,26629000
202300042818;2;10;2023;09:30;1;13;13005;1;6;1;3;RD 43 C;43,31900000;5,59500000
202300042819;22;7;2023;20:50;1;69;69266;2;2;1;3;Rue Anatole France;45,76705000;4,87138000
202300042826;2;10;2023;18:50;1;75;75106;2;3;1;2;RUE SAINT SULPICE;48,85146100;2,33705100
202300042828;2;10;2023;09:55;1;75;75105;2;3;1;6;RUE DES FOSSES SAINT BERNARD;48,84881800;2,35529200
202300042833;2;10;2023;09:30;1;75;75118;2;3;1;3;RUE D AUBERVILLIERS;48,88731800;2,36712600
202300042837;22;7;2023;11:30;1;67;67482;2;1;1;3;PIERRE FRESNAY (RUE);48,57239000;7,76260000
202300042840;2;10;2023;14:30;1;75;75116;2;1;1;1;VOIE GEORGES POMPIDOU;48,84560016;2,27313593
202300042844;1;10;2023;11:30;1;75;75115;2;2;1;3;BOULEVARD LEFEBVRE;48,83101100;2,29233400
202300042854;2;10;2023;08:10;1;75;75111;2;2;1;6;RUE SERVAN;48,86156300;2,38260800
202300042869;2;10;2023;18:45;2;94;94038;2;1;1;2;Rue de Chevilly;48,77620000;2,34138000
202300042872;11;1;2023;09:20;1;75;75114;2;7;1;3;PLACE DE CATALOGNE;48,83742500;2,31809200
202300042877;22;7;2023;07:35;1;22;22278;2;1;1;7;ROHANNEC'H (DE);48,52358000; -2,74077000
202300042878;2;10;2023;07:00;5;93;93066;2;1;1;1;Rue des Marnaudes;48,94116900;2,38292400
202300042884;11;1;2023;08:10;1;75;75113;2;5;2;3;RUE DE TOLBIAC;48,82616289;2,36001402
202300042891;22;7;2023;10:30;1;07;07281;1;1;1;7;C.D.533;44,93346000;4,79379000
202300042894;11;1;2023;18:20;5;75;75103;2;2;1;6;RUE BEAUBOURG;48,86427000;2,35516400
202300042896;2;10;2023;20:25;5;92;92040;2;9;1;4;ROUGET DE L'ISLE;48,82786570;2,26712868
202300042904;2;10;2023;14:40;1;92;92012;2;1;1;6;JEAN JAURES (BOULEVARD) 217/FIN - 210/FI;48,82765175;2,24681407
202300042917;21;7;2023;10:24;1;75;75113;2;2;1;3;BOULEVARD VINCENT AURIOL;48,83398100;2,36478800
202300042918;11;1;2023;09:01;1;93;93070;2;1;8;3;Rue des Rosiers;48,90380000;2,33927000
202300042931;11;1;2023;09:45;1;92;92048;2;1;2;6;HENRI SAVIGNAC (RUE);48,81916151;2,23439455
202300042943;10;1;2023;17:30;2;33;33334;1;2;1;3;Route des Graves;44,69019600; -0,42383200
202300042954;12;7;2023;12:45;1;63;63278;2;3;1;3;D211;45,92425900;3,15860200
202300042982;23;7;2023;08:45;1;11;11361;1;1;1;5;D126;43,32727700;2,06412600
202300042992;22;7;2023;20:00;1;46;46313;2;1;1;7;Lieu Dit le Terral;44,91391100;1,76107400
202300042996;22;7;2023;17:30;1;44;44131;1;9;1;3;Route de la Plaine;47,12540300; -2,14171200
202300043004;22;7;2023;12:45;1;66;66016;1;1;1;1;Rec del Vinyes ;42,44972100;3,05736400
202300043014;22;7;2023;16:45;1;40;40115;1;2;1;3;D10;43,77160100; -0,90459600
202300043043;23;7;2023;00:05;3;77;77455;2;1;1;1;2 Rue du Moulin;48,65570200;2,69941900
202300043061;23;7;2023;12:00;1;22;22233;1;1;2;3;D15;48,71438300; -3,08192300
202300043073;10;1;2023;09:08;1;87;87085;2;6;2;3;QUEUILLE (PLACE HENRI);45,81520000;1,26968000
202300043096;9;1;2023;21:14;5;67;67482;2;3;2;3;Edmond Michelet (rue);48,57353000;7,76663000
202300043098;10;1;2023;10:48;1;64;64102;2;1;1;3;Avenue Duvergier de Hauranne;43,48672000; -1,46675000
202300043100;21;7;2023;14:00;1;69;69383;2;2;1;3;Avenue Lacassagne;45,74583000;4,88765000
202300043105;19;7;2023;09:20;1;69;69389;2;1;1;5;6 Quai Raoul CarriÃ©;45,79909000;4,83370000
202300043111;21;7;2023;19:15;1;84;84035;2;2;1;2;TAILLADES-RD143 (ROUTES DES);43,83800000;5,06600000
202300043117;21;7;2023;07:57;1;66;66136;1;6;9;3;;42,73092682;2,89556265
202300043122;20;7;2023;12:25;1;51;51454;2;1;1;3;EPERNAY (AVENUE D') COTE IMPAIR;49,23245000;4,01416000
202300043127;20;7;2023;19:45;1;42;42207;2;2;1;3;Boulevard Pierre Joannon;45,45538953;4,50579543
202300043129;21;7;2023;09:35;1;41;41018;1;1;1;3;MOULIN (RUE JEAN);47,58626000;1,32637000
202300043130;21;7;2023;03:05;5;38;38421;2;1;1;1;AVENUE POTIE;45,17266000;5,75652000
202300043131;21;7;2023;19:45;1;35;35238;2;2;1;3;GAYEULLES (SQUARE DES);48,12949000; -1,65387000
202300043132;21;7;2023;08:10;1;35;35238;2;2;1;3;ROCHESTER (AVENUE DE);48,12784000; -1,65747000
202300043133;20;7;2023;22:28;5;35;35238;2;1;2;3;CHATEAUBRIAND (QUAI);48,11023000; -1,67516000
202300043167;20;6;2023;00:40;3;971;97116;1;1;1;1;Nationale 5;16,32307400; -61,47234700
202300043239;18;6;2023;05:35;2;72;72095;2;1;1;2;COCTEAU JEAN (RUE);48,02930000;0,20139000
202300043248;14;6;2023;16:00;1;67;67043;2;1;1;2;PERIGUEUX (AVENUE DE);48,61422000;7,74773000
202300043260;17;6;2023;16:40;1;51;51454;2;1;1;3;CHANZY (RUE);49,25263000;4,03157000
202300043261;16;6;2023;18:10;1;51;51172;2;1;1;7;TAISSY (ROUTE);49,22098400;4,06115100
202300043287;19;6;2023;12:00;1;13;13063;2;9;1;3;QUENOUILLE RUE DE LA;43,58994000;4,99401000
202300043289;15;6;2023;20:00;1;11;11262;2;3;1;3;18 Avenue Elie Sermet;43,18704300;3,01054600
202300043291;19;6;2023;08:01;1;10;10387;2;1;1;2;VOULDY (CHAUSSEE DU);48,29190000;4,08663000
202300043293;16;6;2023;18:15;1;10;10387;2;1;1;3;PIERRE BROSSOLETTE (RUE);48,29238000;4,07408000
202300043315;19;6;2023;11:20;1;75;75113;2;3;1;3;RUE JENNER;48,83449900;2,36384500
202300043318;18;6;2023;23:30;5;75;75110;2;3;1;4;BOULEVARD DE BONNE NOUVELLE;48,87036400;2,34956700
202300043323;16;6;2023;11:50;1;75;75101;2;2;1;1;RUE DE RIVOLI;48,85853100;2,34823300
202300043366;3;11;2023;19:19;5;67;67482;2;8;1;3;VICTOIRE (BOULEVARD DE LA);48,58412000;7,75909000
202300043377;15;5;2023;07:25;1;60;60141;2;1;1;1;Avenue du MarÃ©chal Joffre;49,18604400;2,46066900
202300043384;3;11;2023;23:37;5;57;57463;2;1;1;1;DEVILLY (RUE );49,10330000;6,19479000
202300043387;16;3;2023;17:00;1;74;74112;2;1;1;3;Route de Sillingy (epagny);45,93740000;6,09989600
202300043418;14;5;2023;17:25;1;67;67447;2;3;1;3;PIERRE MENDES FRANCE (AVENUE);48,60126000;7,75454000
202300043422;3;11;2023;20:11;5;33;33522;2;3;2;3;Avenue de la Mission Haut Brion;44,80893000; -0,60572000
202300043455;3;11;2023;07:25;2;75;75119;2;1;1;1;RUE HAXO;48,87642001;2,40234733
202300043456;13;5;2023;15:04;1;75;75105;2;2;1;3;AVENUE DES GOBELINS;48,83680600;2,35183400
202300043459;3;11;2023;20:45;5;75;75110;2;2;2;3;BOULEVARD DE MAGENTA;48,87734400;2,35511200
202300043462;14;5;2023;11:54;1;75;75107;2;3;1;3;PLACE HENRY DE MONTHERLANT;48,86076600;2,32529900
202300043463;3;11;2023;09:48;1;75;75111;2;4;1;3;BOULEVARD VOLTAIRE;48,85061200;2,39215800
202300043466;14;5;2023;10:46;1;75;75103;2;3;1;6;RUE BEAUBOURG;48,86521400;2,35569600
202300043475;3;11;2023;16:04;1;93;93070;2;4;1;3;Rue KlÃ©ber / Rue Charles Schmidt;48,90252900;2,33429600
202300043483;13;5;2023;23:50;5;93;93048;2;7;1;1;Place Jacques Duclos / Avenue de la RÃ©sistance;48,85816050;2,43649315
202300043497;3;11;2023;20:20;5;58;58086;2;1;1;3;Place Georges ClÃ©menceau;47,40859500;2,92477200
202300043500;31;10;2023;18:35;5;23;23079;2;1;2;1;Rue Soeur Alphonse;45,88004600;2,17144900
202300043548;14;5;2023;15:25;1;27;27067;1;1;1;3;RD 14 bis;49,29939000;1,65917500
202300043560;3;11;2023;18:00;2;85;85084;1;1;1;2;RD 7;46,76319300; -1,22651000
202300043573;3;11;2023;06:45;2;987;98733;1;1;1;1;PK 27.200c/mt - RT1; -17,69600000; -149,54800000
202300043575;3;11;2023;11:50;2;33;33199;2;1;2;6;45 Av du Mal de Lattre de Tassigny;44,63797200; -1,11112800
202300043641;21;7;2023;11:35;1;29;29220;2;1;1;7;15 Route de Loctudy;47,85731500; -4,21151700
202300043645;1;11;2023;18:15;3;973;97302;2;1;1;1;MADELEINE (ROUTE DE LA);4,94124000; -52,32699000
202300043668;31;10;2023;20:17;5;84;84007;2;6;1;3;EISENHOWER (Avenue);43,94111000;4,79857000
202300043687;13;5;2023;10:30;1;51;51454;2;2;1;3;avenue Jean JaurÃ¨s;49,26093000;4,04902000
202300043726;6;4;2023;07:30;2;75;75105;2;2;1;7;QUAI SAINT MICHEL;48,85307900;2,34678900
202300043734;6;4;2023;20:40;5;75;75117;2;3;1;6;AVENUE DE CLICHY;48,88937700;2,32233200
202300043735;21;2;2023;18:05;2;91;91339;2;9;1;4;CHE DE TABOR;48,62245000;2,25815000
202300043740;5;4;2023;22:20;5;75;75114;2;2;1;2;RUE JULIA BARTET;48,82545500;2,30229900
202300043748;6;4;2023;09:00;1;75;75113;2;1;2;1;BOULEVARD DU GENERAL JEAN SIMON;48,82674700;2,38435400
202300043753;21;2;2023;18:30;2;69;69266;2;1;1;2;Rue d'Alsace;45,76811000;4,86993000
202300043758;6;4;2023;09:45;1;75;75104;2;3;2;6;RUE DE RIVOLI;48,85731200;2,35241100
202300043761;21;2;2023;12:20;1;65;65047;2;2;1;3;Rue du 11 Novembre;43,25021400;0,08960500
202300043769;21;2;2023;14:35;1;58;58194;2;3;1;3;MARINIERS (QUAI);46,98456000;3,15667000
202300043777;21;2;2023;07:30;1;51;51454;2;3;1;3;quai du PrÃ© aux Moines;49,23960800;4,03828400
202300043806;31;8;2023;00:00;5;75;75111;2;2;1;3;RUE SAINT MAUR;48,86110600;2,38114800
202300043807;5;4;2023;17:40;1;92;92033;2;1;1;6;RAYMOND POINCARE;48,83837341;2,17082852
202300043809;31;8;2023;18:20;1;75;75110;2;4;2;7;QUAI DE VALMY;48,87180500;2,36459000
202300043811;31;8;2023;15:45;1;75;75101;2;2;2;6;BOULEVARD DE SEBASTOPOL;48,85852100;2,34823100
202300043828;21;2;2023;08:15;1;07;07102;2;6;1;3;Rue des Tremolets;44,93760000;4,86350000
202300043831;21;2;2023;18:40;2;75;75104;2;1;1;6;SOUTERRAIN PONT D ARCOLE;48,85590109;2,35065311
202300043835;21;2;2023;17:13;1;75;75120;2;2;1;3;AVENUE DE LA PORTE DE MONTREUIL;48,85355700;2,41076900
202300043847;21;2;2023;18:20;5;75;75104;2;7;1;6;RUE SAINT ANTOINE;48,85325621;2,36857831
202300043851;21;2;2023;22:10;5;94;94058;2;1;1;5;206 Avenue Pierre Brossolette;48,83437008;2,51247481
202300043867;21;2;2023;21:45;5;93;93055;2;1;1;7;Rue Delizy;48,89486000;2,40972000
202300043873;21;2;2023;08:30;2;92;92073;2;3;7;3;SELLIER (BOULEVARD HENRI);48,86765897;2,22596079
202300043874;7;4;2023;09:20;1;56;56090;1;1;1;7;route de keraudran;47,83323800; -3,24008700
202300043882;21;2;2023;09:10;1;92;92040;2;1;1;7;GOUVERNEUR GAL EBOUE DU 02 AU 64;48,82556024;2,26870224
202300043883;1;9;2023;11:03;1;56;56186;2;1;1;3;11 Boulevard du Parco;47,50008000; -3,11996200
202300043886;30;8;2023;12:30;1;56;56158;1;1;1;1;Lieu Dit Kerango;47,70361800; -2,84930300
202300043889;1;9;2023;10:20;1;74;74104;1;1;1;2;RD1508;45,78355500;6,22555700
202300043892;30;8;2023;15:00;1;79;79003;1;1;1;2;;46,27555500; -0,39127000
202300043896;21;2;2023;13:30;1;974;97412;2;1;1;7;313 Rue RaphaÃ«l Babet; -21,37898300;55,62038600
202300043904;3;4;2023;20:45;2;44;44182;2;1;1;7;149 Boulevard de lâOcÃ©an;47,16236400; -2,17049400
202300043907;6;4;2023;18:20;1;29;29235;2;6;1;3;2 route de Kerscao;48,40576600; -4,40912800
202300043908;20;2;2023;15:35;1;974;97410;1;1;1;2;267 Route Nationale 2; -21,01153000;55,69950400
202300043927;1;9;2023;16:35;1;84;84017;1;1;1;7;Route du Mont-ventoux;44,12958900;5,28813100
202300043930;22;2;2023;15:30;1;29;29177;1;3;1;3;Moulin du Pont Rheun;48,46824800; -4,71729200
202300043935;1;2;2023;11:25;1;26;26338;1;6;1;3;D74;44,59343200;4,82016600
202300043946;21;2;2023;13:25;1;18;18135;1;2;1;1;;46,63496200;2,21872300
202300043949;29;8;2023;09:25;1;83;83012;2;3;1;3;Route de Draguignan;43,55807500;6,01298200
202300043951;3;4;2023;11:00;1;83;83094;1;1;1;2;Route dÃ©partementale 44;43,31610000;6,54180600
202300043957;30;8;2023;16:00;1;16;16044;1;2;1;5;Intersection D176/D56;46,02898700;0,27825500
202300043962;30;8;2023;15:45;1;53;53002;1;1;1;7;Montgiroux;48,21280400; -0,70527500
202300043997;4;4;2023;14:19;1;44;44026;1;3;1;3;1 Route de la CharmeliÃ¨re;47,30104600; -1,47524000
202300044044;20;2;2023;18:26;1;973;97302;2;3;3;3;ZEPHIR (ROCADE);4,93651552; -52,30736196
202300044048;7;12;2023;20:30;5;75;75112;2;1;2;6;RUE DU FAUBOURG SAINT ANTOINE;48,85270800;2,37125000
202300044063;7;12;2023;15:55;2;75;75108;2;3;1;3;AVENUE DES CHAMPS ELYSEES;48,87099000;2,30341000
202300044067;7;12;2023;08:45;1;75;75108;2;2;1;3;BOULEVARD DE COURCELLES;48,87866300;2,30085200
202300044083;6;12;2023;08:17;1;94;94068;2;2;1;3;Boulevard de Champigny;48,80710000;2,50901000
202300044096;7;12;2023;16:50;2;93;93066;2;2;2;3;Avenue du Stade de France / Rue de la Cokerie;48,92120000;2,36163000
202300044099;7;12;2023;18:50;5;93;93055;2;5;2;2;Rue MÃ©hul / Rue Gambetta;48,88915500;2,41022600
202300044128;5;12;2023;20:30;5;92;92072;2;1;2;7;BALZAC (RUE HONORE DE);48,82831000;2,20170000
202300044137;3;4;2023;19:10;1;78;78418;2;3;1;3;ROBERT LAFORGE (BOULEVARD);48,93223000;2,13970000
202300044148;8;12;2023;18:30;5;24;24294;2;1;1;2;Avenue de l'Europe;45,00620800;0,16228400
202300044158;4;4;2023;15:00;1;73;73031;2;3;1;3;BASSENS (AVENUE DE);45,57363000;5,93655000
202300044160;26;6;2023;10:20;1;64;64348;2;6;1;3;EUROPE DE L';43,33573000; -0,38505000
202300044173;4;4;2023;11:45;1;67;67482;2;3;1;6;FORET NOIRE (AVENUE DE LA);48,58289000;7,77227000
202300044181;5;4;2023;22:25;5;56;56260;2;1;2;3;53 Boulevard de la Paix;47,66075000; -2,75398000
202300044198;18;3;2023;03:55;3;44;44109;2;1;1;6;143 Boulevard Auguste PÃ©neau;47,23189000; -1,50771000
202300044211;5;4;2023;09:33;1;34;34003;2;6;1;3;2 Avenue de la Mediterranee;43,29109000;3,51406000
202300044229;20;2;2023;10:15;1;33;33063;2;1;1;2;Rue de CaudÃ©ran;44,84638522; -0,59687600
202300044238;20;2;2023;07:50;1;31;31555;2;1;5;3;AV DE REYNERIE;43,57606000;1,40657000
202300044262;2;4;2023;10:25;1;02;02168;2;6;2;3;Place Jean de la Fontaine;49,04442000;3,40302000
202300044282;30;8;2023;19:00;1;14;14117;2;2;1;3;2 Avenue des Peupliers;49,29457000; -0,10843500
202300044283;5;4;2023;19:20;1;75;75119;2;1;1;3;AVENUE SECRETAN;48,88215100;2,37115400
202300044296;5;4;2023;16:40;1;75;75115;2;2;1;1;RUE MADEMOISELLE;48,84361000;2,29575000
202300044305;4;4;2023;13:46;1;75;75114;2;2;1;6;RUE D ALESIA;48,83181000;2,31415100
202300044328;30;8;2023;12:20;1;75;75113;2;2;1;6;AVENUE DES GOBELINS;48,83583800;2,35251300
202300044341;30;8;2023;09:40;1;75;75109;2;5;8;6;BOULEVARD HAUSSMANN;48,87294300;2,33324200
202300044353;29;8;2023;07:49;1;94;94046;2;2;1;3;Rue du 11 Novembre 1918;48,80764100;2,43552900
202300044369;5;4;2023;11:00;1;49;49092;2;6;7;3;Rue des Venelles (ChemillÃ©);47,21403300; -0,72802100
202300044371;30;8;2023;12:25;1;92;92064;2;2;1;6;REPUBLIQUE;48,84687993;2,21421272
202300044377;8;10;2023;18:15;1;74;74043;1;1;1;6;Route de berry;46,26579000;6,34726500
202300044398;26;9;2023;14:30;1;56;56256;1;2;1;5;Bellevue;47,99316700; -2,30690900
202300044419;6;1;2023;07:53;4;63;63113;2;6;1;3;BLUM (AVENUE LEON);45,75901000;3,10142000
202300044426;7;1;2023;01:25;3;62;62895;2;1;2;1;Rue de la Coupignies;50,49568800;2,84452500
202300044445;5;1;2023;18:00;5;54;54265;2;6;2;3;Avenue des Erables;48,64345000;6,18229400
202300044449;9;1;2023;14:05;1;54;54395;2;2;1;3;MOTHE (RUE DE LA);48,69300000;6,19650000
202300044451;10;1;2023;11:25;1;51;51454;2;1;1;2;avenue Jean JaurÃ¨s;49,26133000;4,05019000
202300044454;9;1;2023;18:50;5;51;51454;2;1;2;2;avenue Nationale - la Neuvillette;49,29082000;4,00370000
202300044459;6;12;2023;08:10;2;76;76351;2;1;1;7;COLBERT (QUAI);49,49249000;0,13097000
202300044471;6;12;2023;18:15;5;65;65433;2;1;1;3;Avenue Henri Barbusse;43,21196000;0,09785000
202300044481;10;1;2023;07:54;5;35;35238;2;2;2;3;CHATEAUGIRON (DE);48,10048042; -1,65006548
202300044490;10;1;2023;08:15;2;33;33318;2;9;2;3;Rue Marcel Dassault;44,78318000; -0,65253000
202300044493;3;10;2023;08:50;1;38;38486;2;1;1;1;11 Rue du Drac;45,16171400;5,69635200
202300044498;10;1;2023;07:51;5;29;29019;2;6;2;2;Rond point de Kertatupage;48,40956470; -4,48292344
202300044506;5;12;2023;18:45;5;49;49007;2;1;1;3;LARREY;47,47867000; -0,55613000
202300044522;6;12;2023;16:10;2;35;35238;2;2;1;1;PASTEUR (PONT);48,11012700; -1,67399100
202300044550;6;12;2023;09:24;1;26;26362;2;2;1;6;Boulevard MarÃ©chal Juin;44,91236000;4,90001000
202300044588;6;12;2023;15:40;1;75;75120;2;2;1;3;BOULEVARD DE BELLEVILLE;48,86707900;2,38332500
202300044590;20;7;2023;17:35;1;35;35238;2;1;1;2;MOTTE BRULON (DE LA);48,12784000; -1,67152000
202300044619;6;1;2023;17:05;5;67;67482;2;1;1;6;COLOMBES (PLACE DES);48,53027128;7,76968360
202300044648;21;7;2023;09:30;1;75;75106;2;1;1;3;BOULEVARD DU MONTPARNASSE;48,84439400;2,32234100
202300044649;29;9;2023;15:45;1;973;97302;2;3;1;2;MONTABO (ROUTE DE) 3;4,93253000; -52,29049000
202300044653;5;1;2023;17:45;5;59;59017;2;2;2;3;DE GIRARD (RUE PHILIPPE );50,68303597;2,87696958
202300044669;21;7;2023;13:50;1;75;75114;2;3;1;6;RUE DE LA SANTE;48,83304900;2,34120100
202300044671;9;1;2023;22:05;5;51;51454;2;3;2;3;rue Colbert;49,25698000;4,03444000
202300044672;21;7;2023;14:30;1;75;75113;2;3;1;3;AVENUE D ITALIE;48,82513600;2,35758800
202300044697;1;10;2023;10:10;1;71;71540;2;6;1;3;Rond-Point du Vieux Saule;46,76824000;4,45193000
202300044699;1;10;2023;21:15;3;69;69275;2;1;1;3;Rocade Est;45,77028767;4,98480214
202300044712;6;1;2023;07:15;4;11;11262;2;1;1;6;;43,18773800;2,98928100
202300044716;21;7;2023;13:45;1;93;93001;2;2;1;3;Rue du Port / Rue Marcel CarnÃ©;48,91776402;2,37472216
202300044719;1;10;2023;16:35;1;60;60057;2;1;1;1;Place de la PrÃ©fecture;49,43735562;2,07375419
202300044737;1;10;2023;12:30;1;35;35238;2;1;1;6;TOULLIER;48,10937857; -1,67568058
202300044748;10;1;2023;09:45;1;75;75117;2;2;2;3;AVENUE DE VILLIERS;48,88328600;2,30729600
202300044755;9;1;2023;21:30;5;75;75116;2;7;1;3;RUE DE L AMIRAL CLOUE;48,84743500;2,27382500
202300044757;1;10;2023;10:00;1;31;31483;2;1;1;3;GAULLE (BOULEVARD CHARLES DE);43,10925000;0,72348000
202300044758;18;7;2023;08:45;1;56;56258;2;1;1;3;14 Rue ManÃ© Roularde;47,59175200; -3,03535900
202300044759;10;1;2023;07:00;3;75;75107;2;3;1;1;QUAI BRANLY;48,85901400;2,29329900
202300044760;20;7;2023;11:05;1;56;56258;2;1;1;7;Poul Bert;47,57782800; -3,03538600
202300044768;10;1;2023;19:52;5;75;75112;2;7;2;2;PLACE FELIX EBOUE;48,83964000;2,39538500
202300044786;10;1;2023;08:35;2;75;75107;2;2;8;3;RUE DE BELLECHASSE;48,85647200;2,32109400
202300044794;21;7;2023;18:49;1;01;01267;2;2;1;3;Route du Berthiand;46,18742200;5,52347800
202300044804;22;7;2023;11:00;1;05;05029;1;1;1;3;D944;44,64697900;6,18223400
202300044808;22;7;2023;09:05;1;43;43200;2;3;1;2;Route du Pertuis;45,04151900;4,06080000
202300044810;22;7;2023;10:25;1;43;43173;1;1;1;6;RD32;44,83461500;3,73198300
202300044821;22;7;2023;12:40;1;85;85084;2;2;1;3;Avenue saint-hubert;46,77080800; -1,23378600
202300044843;1;10;2023;11:40;1;93;93005;2;1;1;1;Avenue de Pomereu;48,92384678;2,49376286
202300044847;1;10;2023;18:40;1;92;92033;2;1;1;3;PORTE JAUNE;48,84532000;2,19808000
202300044868;2;10;2023;07:10;3;60;60403;1;1;1;3;55 Rue de Dieppe;49,50584400;1,98642300
202300044887;9;1;2023;15:00;1;56;56244;1;1;2;6;La Garenne;47,85569000; -2,45999000
202300044890;21;7;2023;19:05;1;22;22273;1;2;1;3;Le Puits Merpault;48,57109100; -2,48499700
202300044915;11;1;2023;12:50;1;60;60029;1;9;1;3;D981;49,37453200;1,99032700
202300044941;1;10;2023;11:00;1;01;01240;1;1;1;1;D18;46,26224100;5,55252100
202300044974;2;10;2023;07:15;1;973;97309;2;3;1;2;Avenue Leon Gontran Damas;4,88373200; -52,28710600
202300044993;19;7;2023;09:05;1;65;65440;2;6;1;3; ROND-POINT DE LA SEDE;43,23283400;0,06135200
202300044995;20;7;2023;18:50;1;64;64445;2;1;1;3;DUFAU;43,30943000; -0,36394000
202300045000;19;7;2023;19:43;1;49;49007;2;1;1;3;HOCHE;47,46705000; -0,55791000
202300045008;20;7;2023;08:22;1;33;33063;2;2;1;3;Place Bir Hakeim;44,83663000; -0,56540000
202300045009;19;7;2023;23:45;5;33;33063;2;1;1;3;Avenue de MÃ©rignac;44,83858400; -0,62123716
202300045010;20;7;2023;16:15;1;28;28223;2;9;1;3;D 929;48,72745000;1,39235000
202300045023;20;7;2023;17:10;1;75;75120;2;1;1;3;RUE DES PYRENEES;48,87277300;2,39082800
202300045024;20;7;2023;11:15;1;75;75118;2;3;1;6;RUE DE CLIGNANCOURT;48,88460000;2,34718000
202300045030;19;7;2023;17:45;1;75;75107;2;3;1;6;Quai d'Orsay;48,86256678;2,30996132
202300045032;20;7;2023;15:30;1;75;75111;2;1;1;6;BOULEVARD VOLTAIRE;48,86556500;2,36708900
202300045033;19;7;2023;20:14;1;75;75109;2;2;1;2;BOULEVARD HAUSSMANN;48,87378100;2,32702400
202300045034;20;7;2023;09:00;1;75;75108;2;2;1;2;BOULEVARD MALESHERBES;48,87484100;2,31981600
202300045035;20;7;2023;22:30;5;75;75107;2;2;1;3;RUE DE L UNIVERSITE;48,86104700;2,31324100
202300045037;19;7;2023;17:25;1;75;75107;2;2;1;1;QUAI D ORSAY;48,86259100;2,31901800
202300045038;19;7;2023;11:50;1;75;75107;2;3;1;3;AVENUE DE SUFFREN;48,85556600;2,29403200
202300045039;19;7;2023;13:00;1;75;75101;2;4;1;7;RUE DE RIVOLI;48,86636900;2,32346900
202300045041;19;7;2023;20:10;1;94;94076;1;1;1;3;100 Boulevard Maxime Gorki;48,79340300;2,36915400
202300045053;14;6;2023;09:20;1;93;93001;2;9;1;3;Boulevard FÃ©lix Faure;48,91322912;2,37415565
202300045058;19;6;2023;08:45;1;92;92004;2;1;1;1;NANTERRE ( DE 46 A );48,90997219;2,28446625
202300045077;19;6;2023;17:50;1;65;65388;1;1;1;7;Col de Portet (Col de montagne);42,83143900;0,23907600
202300045092;18;6;2023;12:15;1;04;04046;1;1;1;3;D12;44,02380400;6,09221900
202300045093;20;6;2023;10:20;1;85;85288;1;1;1;3;RD21;46,45492500; -1,59801300
202300045097;19;6;2023;19:05;1;52;52357;1;1;8;7;D427;48,41349800;5,25008100
202300045111;18;6;2023;11:50;1;69;69094;1;1;1;7;Route du Col de la LuÃ¨re;45,74731600;4,64877200
202300045164;17;6;2023;12:40;1;06;06119;1;1;1;7;M2205;44,29301500;6,90164600
202300045186;19;6;2023;14:05;1;70;70310;1;1;1;2;D64;47,69401400;6,50871300
202300045189;17;6;2023;20:06;1;38;38061;2;1;1;2;Route de Champ - Chabert;45,34052500;5,61630400
202300045198;17;6;2023;12:40;1;94;94081;2;1;1;3;Rue AmÃ©dÃ©e Huon;48,80402173;2,38487944
202300045201;17;6;2023;22:00;2;93;93073;2;2;1;3;Rue de Bourgogne / Avenue Roger Salengro;48,94496981;2,58574784
202300045225;17;6;2023;15:10;1;65;65428;1;1;1;1;D13;42,97152400; -0,15393200
202300045243;9;10;2023;17:20;1;62;62753;2;3;1;3;D60;50,30686000;2,80204400
202300045248;1;11;2023;18:10;5;56;56121;2;1;3;3;SCORFF ( BD DU );47,76164000; -3,36633000
202300045254;24;10;2023;09:55;1;38;38185;2;2;3;3;RUE DU 19 MARS 1962;45,18856000;5,74455000
202300045260;13;5;2023;04:35;5;75;75116;2;1;1;1;ROUTE DE LA MUETTE A NEUILLY;48,87176800;2,26436900
202300045265;13;5;2023;20:25;2;75;75118;2;1;1;2;RUE JEAN COCTEAU;48,89954500;2,34871000
202300045272;13;5;2023;10:50;1;75;75110;2;2;1;2;RUE DU FAUBOURG SAINT MARTIN;48,87177200;2,35715000
202300045274;13;5;2023;02:10;5;75;75110;2;3;1;1;BOULEVARD DE MAGENTA;48,87653800;2,35583500
202300045276;13;5;2023;01:30;5;75;75110;2;2;1;3;BOULEVARD DE STRASBOURG;48,87481200;2,35738500
202300045278;13;5;2023;04:35;5;75;75108;2;2;1;6;AVENUE DES CHAMPS ELYSEES;48,87235500;2,29948300