Num_Acc;jour;mois;an;hrmn;lum;dep;com;agg;int;atm;col;adr;lat;long
202300045282;13;5;2023;16:40;1;75;75103;2;3;1;2;PLACE DE LA REPUBLIQUE;48,86702700;2,36334400
202300045284;13;5;2023;14:00;1;75;75104;2;3;1;6;RUE DE RIVOLI;48,85524100;2,36114800
202300045286;13;5;2023;10:00;1;75;75102;2;2;1;6;RUE D ABOUKIR;48,86912600;2,35156700
202300045287;1;11;2023;13:54;1;06;06088;2;1;1;4;ANGLAIS (DU NÂ° 265 AU NÂ° 350);43,67538120;7,22778330
202300045294;13;5;2023;08:20;1;93;93027;2;3;1;3;Boulevard Pasteur / Avenue Victor Hugo;48,92430000;2,38436000
202300045299;13;5;2023;18:05;1;92;92051;2;3;1;3;BINEAU (BOULEVARD, NÂ°133 A 217 ET 134 A;48,88754900;2,27848300
202300045309;2;11;2023;14:05;1;75;75102;2;2;1;1;RUE MONTMARTRE;48,86690000;2,34418600
202300045311;2;11;2023;09:44;1;75;75104;2;3;2;3;BOULEVARD DE SEBASTOPOL;48,85873000;2,34835700
202300045321;2;11;2023;20:55;5;93;93029;2;1;2;2;Avenue Henri Barbusse;48,92079121;2,45329372
202300045332;3;11;2023;15:45;1;76;76624;2;1;1;6;124 Rue du Thil;49,87990000;1,20857000
202300045336;14;5;2023;14:52;1;71;71580;2;3;1;3;841 Chemin du Bas;46,65999600;5,24507000
202300045358;13;5;2023;14:40;1;02;02807;1;1;1;5;;49,64394400;3,20826900
202300045363;2;11;2023;17:40;3;70;70575;1;1;9;2;D15b;47,33610300;6,01609800
202300045373;14;5;2023;09:45;1;36;36069;1;1;5;3;Cloue;47,06384338;1,39408357
202300045400;31;10;2023;15:15;1;57;57031;2;1;1;7;Rue Principale;49,09113100;6,26469600
202300045442;12;5;2023;19:20;3;973;97302;2;6;1;1;KET TAI (CARREFOUR);4,93707509; -52,32599562
202300045465;12;5;2023;12:15;1;78;78146;2;2;2;3;MAURICE DE VLAMINCK (RUE);48,90249400;2,15180800
202300045478;11;5;2023;16:00;1;72;72181;2;9;1;6;KLOTZ HENRI-PIERRE (AV);48,01871000;0,17328000
202300045496;1;11;2023;02:00;5;75;75105;2;3;1;2;BOULEVARD SAINT MICHEL;48,84250100;2,33818900
202300045510;11;5;2023;21:20;2;50;50129;2;2;1;3;SCHUMAN (BOULEVARD ROBERT);49,63815000; -1,62515000
202300045511;1;11;2023;21:30;5;94;94058;2;1;2;2;Quai de l'Artois;48,83029000;2,51313800
202300045526;12;5;2023;16:00;1;33;33009;2;3;1;2;LIBERATION (AVE);44,65506000; -1,15879000
202300045539;31;10;2023;18:45;5;92;92051;1;9;2;3;BOURDON (BOULEVARD);48,89658479;2,27276623
202300045561;1;11;2023;11:25;1;11;11418;1;2;1;3;CD218;43,23533900;2,03592500
202300045574;5;4;2023;14:00;1;02;02243;2;1;1;6;;49,40060000;3,36579000
202300045581;13;10;2023;18:00;2;52;52250;2;1;1;2;Avenue de Lorraine;48,44704500;5,15536700
202300045602;10;5;2023;15:35;1;75;75114;2;7;1;3;AVENUE DE LA PORTE D ORLEANS;48,82191200;2,32545400
202300045604;11;5;2023;23:25;5;75;75113;2;2;1;3;RUE DE TOLBIAC;48,82641800;2,34179200
202300045610;12;5;2023;08:00;1;94;94052;2;5;1;3;GEORGES CLEMENCEAU;48,83554000;2,47382000
202300045611;5;4;2023;17:10;1;56;56130;1;6;1;3;Lieu Dit la Madeleine;47,73928000; -3,22611800
202300045612;11;5;2023;06:40;2;94;94041;2;2;1;1;Avenue Danielle Casanova;48,81578000;2,38304000
202300045613;3;4;2023;17:55;1;59;59135;2;1;1;7;20 Rue de Watten;50,80231500;2,47704500
202300045615;11;5;2023;18:25;1;94;94038;2;1;1;3;34 Avenue du GÃ©nÃ©ral de Gaulle;48,78147121;2,34248391
202300045627;11;5;2023;20:09;1;93;93050;2;3;1;2;Rue Paul et Camille Thomoux / Avenue Robert Schumann;48,87353000;2,52967000
202300045655;20;2;2023;15:42;1;75;75108;2;7;1;3;PLACE CHARLES DE GAULLE;48,87384700;2,29594500
202300045669;30;8;2023;19:05;1;14;14396;1;6;1;3;Rue du Dorset;49,13422371; -0,41271022
202300045672;31;8;2023;17:45;1;09;09324;2;1;7;1;chemin de malmarty;43,05143800;1,64411400
202300045675;20;3;2023;08:45;1;54;54111;2;3;1;3;Rue Edmond Pintier;48,62357665;6,08421564
202300045702;6;4;2023;12:25;1;85;85097;1;6;2;2;RD755;46,95163900; -1,07931000
202300045714;31;8;2023;17:40;1;976;97615;2;2;7;3;Rue du Stade; -12,79632300;45,28118100
202300045715;21;2;2023;06:49;2;95;95352;1;1;5;3;RD 922;49,10841517;2,43684193
202300045724;18;2;2023;12:00;1;11;11293;1;1;1;2;route departementale 118;43,11057100;2,26791500
202300045740;6;12;2023;09:15;1;75;75112;2;1;1;3;RUE DE LA GARE DE REUILLY;48,84197300;2,39599800
202300045748;5;12;2023;15:10;1;75;75101;2;3;2;6;RUE DE RIVOLI;48,86439300;2,33011600
202300045766;21;2;2023;16:40;1;58;58051;2;1;1;7;Rue du Pavillon;46,95538100;3,14882800
202300045786;15;2;2023;17:30;1;31;31161;1;1;7;2;Courtinade;43,47709000;1,51184900
202300045789;6;12;2023;08:50;2;93;93048;2;2;1;3;Rue de Rosny / Rue Saint-Just;48,86478000;2,45323000
202300045802;15;2;2023;15:00;1;72;72154;2;6;1;2;Boulevard du QuÃ©bec;47,70401708; -0,09088397
202300045807;1;6;2023;17:25;1;74;74042;2;1;1;3;546 Avenue des gliÃ¨res;46,07295900;6,39956300
202300045811;1;6;2023;11:38;1;74;74220;2;1;1;1;Route de viaison (Reignier);46,15926000;6,24236900
202300045812;20;2;2023;20:45;3;59;59388;2;1;1;3;rue Joliot Curie;50,55226546;2,87128508
202300045817;21;4;2023;09:18;1;74;74123;2;2;1;1;Rue des Ã©pinettes;45,75013600;6,28834000
202300045832;6;12;2023;06:33;1;974;97415;1;6;1;2;Route de Cambaie; -20,95987625;55,29380277
202300045844;4;4;2023;18:25;1;69;69266;2;3;1;3;Cours Emile Zola;45,76958000;4,87881000
202300045854;28;8;2023;17:10;1;69;69034;2;1;1;2;MontÃ©e de la Rochette;45,78828749;4,82751088
202300045863;3;4;2023;18:40;1;62;62400;2;2;1;3;D86;50,47324500;2,57910300
202300045871;4;4;2023;16:10;1;56;56121;2;1;1;3;6 Avenue Raymond Queudet;47,75908000; -3,39150000
202300045883;4;4;2023;13:40;1;54;54483;2;1;1;3;MARTYRS DU NAZISME (RUE DES);48,63002000;6,30431000
202300045884;19;2;2023;15:00;1;69;69199;2;9;1;1;83 Avenue Jean JaurÃ¨s;45,70946000;4,85522000
202300045886;25;8;2023;07:40;1;83;83129;2;6;1;3;CLAUDE POMPIDOU;43,09554400;5,84830500
202300045889;4;4;2023;04:55;5;53;53034;2;3;1;3;rue Charles de Gaulle;48,07680000; -0,71868000
202300045901;4;4;2023;13:30;1;51;51454;2;9;1;1;rue du ChÃ¢telet;49,24265000;4,03754000
202300045902;19;2;2023;15:55;1;35;35238;2;6;1;3;ROBIQUETTE (ROND POINT DE LA);48,13401000; -1,69430000
202300045903;29;8;2023;16:30;1;67;67482;2;3;8;3;OBERHAUSBERGEN (ROUTE D );48,59599000;7,70789000
202300045919;15;8;2023;18:10;1;62;62041;2;1;1;2;Rue de lâAbbe Pierre;50,29619000;2,77037000
202300045922;4;4;2023;15:50;1;45;45232;2;6;1;1;802 Rue Paulin Labarre;47,85664000;1,89504000
202300045932;29;8;2023;17:00;1;54;54498;2;2;1;3;Rue des Grands PrÃ©s;48,71378375;6,25075936
202300045939;29;8;2023;17:20;1;49;49328;2;1;1;3;D 93;47,24205000; -0,07946000
202300045943;4;4;2023;07:40;1;37;37122;2;2;1;1;BEGUINE (RUE DE);47,35372000;0,66953000
202300045947;4;4;2023;09:15;1;35;35238;2;6;1;3;LEROUX (BD OSCAR);48,09139000; -1,65868000
202300045949;29;8;2023;12:20;1;47;47001;2;2;1;3;MICHELET (AV.);44,19911000;0,63630000
202300045955;4;4;2023;07:55;1;35;35278;2;6;1;3;BLAVET (RUE DU);48,15047852; -1,68479472
202300045957;28;8;2023;17:15;1;37;37261;2;1;1;3;BERANGER (BOULEVARD);47,38837000;0,67680000
202300045967;6;12;2023;15:00;1;14;14431;2;4;1;3;16 Route du Moulin;49,06520800; -0,10234500
202300045970;29;8;2023;16:10;1;31;31555;2;1;1;3;Avenue de Rangueil;43,56974000;1,46726000
202300045976;28;8;2023;14:20;1;29;29019;2;6;1;3;179 boulevard de l'Europe;48,41333302; -4,50823009
202300045980;4;4;2023;16:15;1;33;33281;2;6;1;3;Avenue FranÃ§ois Mitterrand;44,81608000; -0,68022000
202300045984;23;8;2023;08:40;1;22;22278;2;6;1;3;CROIX-MATHIAS (RD-PT DE LA);48,50871000; -2,77167000
202300046005;4;4;2023;09:00;1;28;28085;2;2;1;3;RABUAN DU COUDRAY (RUE);48,43740000;1,48024000
202300046010;25;10;2023;07:45;2;66;66008;2;9;1;2;;42,56762800;3,00438000
202300046027;29;8;2023;15:30;1;06;06029;2;1;1;3;CROISETTE (BOULEVARD DE LA);43,55021900;7,02374900
202300046035;29;8;2023;19:25;1;75;75119;2;1;1;3;BOULEVARD DE LA VILLETTE;48,87482700;2,37400800
202300046038;20;2;2023;17:45;1;89;89069;2;1;1;2;12 Rue de la Cour Saint Martin;48,02855200;3,73805500
202300046039;29;8;2023;18:00;1;75;75118;2;2;1;3;BOULEVARD BARBES;48,88836100;2,34957200
202300046052;29;8;2023;18:20;1;75;75113;2;1;1;1;PONT CHARLES DE GAULLE;48,84227754;2,36853004
202300046055;28;8;2023;12:30;1;75;75113;2;3;2;3;BOULEVARD DE L HOPITAL;48,83457200;2,35780000
202300046062;18;2;2023;13:00;1;04;04124;1;1;1;6;RD11;43,75708500;6,07852900
202300046071;24;8;2023;11:34;1;94;94042;2;5;8;3;Quai de la Marne;48,82026000;2,46734000
202300046075;28;8;2023;16:50;1;94;94042;2;1;1;3;Rue Jean Mermoz;48,81993200;2,46527600
202300046079;29;8;2023;09:55;1;94;94076;2;1;1;3;Avenue de Paris;48,80613000;2,36356000
202300046112;4;4;2023;20:05;1;75;75119;2;1;1;5;RUE DE CRIMEE;48,89441600;2,37268400
202300046117;22;3;2023;18:25;1;75;75119;2;2;1;1;AVENUE JEAN JAURES;48,88656300;2,38463400
202300046119;28;8;2023;20:15;1;92;92024;2;2;1;2;MADAME DE SANZILLON (RUE);48,90357547;2,31755018
202300046124;4;4;2023;12:40;1;75;75118;2;1;1;6;RUE MARCADET;48,89288400;2,32834700
202300046127;29;8;2023;19:40;1;92;92012;2;1;1;1;REINE (ROUTE DE LA) 39/107 BIS;48,83978000;2,23916000
202300046156;4;12;2023;07:45;1;974;97411;2;4;1;3;JAURES (BLD 2 JEAN); -20,89000000;55,46350000
202300046162;4;4;2023;09:20;1;75;75113;2;2;1;6;BOULEVARD MASSENA;48,81913800;2,35950300
202300046165;29;8;2023;20:15;1;19;19025;1;1;1;7;route des Palisses;45,41192579;1,29341483
202300046171;4;4;2023;19:50;2;75;75110;2;2;1;3;BOULEVARD DE LA CHAPELLE;48,88423800;2,36462700
202300046179;5;12;2023;09:15;1;69;69382;2;2;1;3;25 Rue Ravat;45,74376000;4,82474000
202300046188;27;3;2023;11:30;1;94;94081;2;1;1;6;Rue de la Petite Saussaie;48,78478843;2,38771614
202300046193;5;12;2023;08:25;2;95;95176;2;1;1;3;D121;48,95817900;2,19601600
202300046197;4;4;2023;10:00;1;94;94043;2;1;1;1;30 Rue Carnot;48,80901000;2,36624000
202300046222;3;12;2023;00:47;5;87;87085;2;1;1;7;GAUTIER (RUE THEOPHILE);45,84543000;1,25557000
202300046225;5;12;2023;16:35;1;83;83126;2;3;1;2;GIOVANNINI (CORNICHE PHILIPPE);43,10239000;5,90158000
202300046226;28;8;2023;15:48;1;85;85234;2;1;1;3;Avenue de baisse;46,77490149; -2,03743815
202300046248;4;4;2023;09:30;1;92;92024;2;3;1;7;GENERAL LECLERC (RUE DU) DE (59 ET PLUS);48,90367135;2,31197700
202300046263;5;12;2023;17:10;2;70;70550;2;3;2;6;GIRARDOT (RUE DU COMMANDANT);47,61824000;6,15408800
202300046285;30;8;2023;11:20;1;50;50041;1;1;1;6;herquemoulin rd403;49,66193300; -1,86906000
202300046289;5;12;2023;18:15;5;64;64445;2;1;1;3;DUFAU;43,31101000; -0,36322000
202300046290;30;8;2023;15:00;1;35;35001;2;1;1;3;14 Rue Saint-ExupÃ©ry;48,13600700; -1,54144700
202300046292;5;12;2023;15:35;1;64;64445;2;6;8;2;EUROPE DE L';43,33005000; -0,35525000
202300046296;30;8;2023;15:11;1;02;02381;2;4;1;3;48 Rue Charles de Gaulle;49,92196800;4,08318600
202300046329;5;12;2023;08:00;1;49;49007;2;3;1;1;CHATEAU D'ORGEMONT RUE ET SQU;47,44903000; -0,54414000
202300046337;4;12;2023;11:45;1;49;49015;2;6;3;3;POMPIDOU AVENUE GEORGES;47,49680000; -0,59164000
202300046346;8;10;2023;08:40;1;39;39198;2;6;7;3;323 Avenue du Marechal Juin;47,07317600;5,49725000
202300046353;5;12;2023;20:45;5;35;35238;2;3;2;3;HENRY (RECTEUR PAUL);48,12141000; -1,70074000
202300046356;4;12;2023;09:30;1;34;34172;2;1;2;3;CARRIEU (RUE MARIUS);43,61692200;3,84217700
202300046363;4;12;2023;17:00;5;33;33063;2;1;2;3;AVE CHARLES DE GAULLE CAUD;44,84854000; -0,59829000
202300046374;2;10;2023;18:20;1;60;60116;1;1;8;7;RD 137;49,31016900;2,35110600
202300046401;9;1;2023;07:55;5;94;94017;2;1;1;3;62 bis Avenue de la RÃ©publique;48,82035000;2,51107100
202300046444;9;1;2023;18:00;3;67;67073;1;3;2;1;D424 - D697;48,30008900;7,35554000
202300046445;19;7;2023;17:25;1;74;74188;1;1;1;1;Route des lindarets;46,21575056;6,76023787
202300046452;13;7;2023;13:45;1;74;74302;1;1;1;7;D909;45,91955700;6,38526700
202300046457;30;9;2023;16:10;1;974;97411;2;1;8;6;RUISSEAU DES NOIRS (RUE); -20,89193000;55,45276000
202300046459;30;9;2023;09:15;1;973;97302;2;6;1;3;CATAYEE (JUSTIN);4,93164130; -52,32991397
202300046462;29;9;2023;12:05;1;69;69383;2;3;1;3;Rue du DauphinÃ©;45,74995000;4,86070000
202300046465;30;9;2023;05:50;5;69;69381;2;7;1;7;Place Tobie Robatel;45,76783000;4,83131000
202300046472;30;9;2023;13:20;1;91;91201;2;2;1;7;AV DE L EUROPE;48,68120000;2,42820000
202300046501;20;7;2023;23:27;5;93;93070;2;3;1;3;Boulevard Victor Hugo / Rue Ardoin;48,90807000;2,32755000
202300046518;30;9;2023;16:20;1;45;45285;2;9;1;3;Parking Auchan;47,90418000;1,86353000
202300046526;20;7;2023;09:05;1;92;92012;2;2;1;3;BARTHOLDI (RUE);48,84517000;2,24291000
202300046536;21;7;2023;10:30;1;84;84069;2;1;1;1;D938;44,17036900;5,12686000
202300046552;19;7;2023;17:45;1;56;56193;2;6;1;3;Rond-Point de Kersabiec;47,72558200; -3,32307700
202300046563;5;1;2023;12:10;1;68;68066;2;3;1;3;Avenue Raymond PoincarÃ©;48,07192000;7,34807000
202300046569;21;7;2023;07:25;1;35;35297;2;1;7;2;Rue Louison Bobet;48,18530600; -2,18211700
202300046572;20;7;2023;18:35;1;34;34192;2;1;1;6;avenue reine d'italie;43,52470600;3,91918500
202300046579;20;7;2023;11:40;1;06;06119;1;1;1;7;Camp des Fourches (Borne frontiÃ¨re);44,33378600;6,86575700
202300046596;20;7;2023;09:56;1;07;07050;2;1;1;2;"Lieu-dit ""Les plots du puech""";44,41442500;4,14054800
202300046604;20;7;2023;10:15;1;21;21092;1;1;1;1;D2;47,14003000;4,77405100
202300046609;30;9;2023;18:30;1;75;75114;2;3;1;3;AVENUE DU GENERAL LECLERC;48,82961100;2,32852000
202300046613;8;1;2023;09:00;1;06;06004;2;3;3;3;FOURNEL BADINE CH.ET IMP.;43,57850600;7,11725100
202300046621;8;1;2023;21:30;5;75;75106;2;1;1;2;RUE DE VAUGIRARD;48,84642800;2,32477200
202300046629;30;9;2023;20:10;5;75;75113;2;1;1;6;RUE DE LA GLACIERE;48,82779900;2,34240800
202300046633;30;9;2023;21:05;5;75;75113;2;3;1;3;BOULEVARD DE L HOPITAL;48,83549500;2,35860000
202300046634;8;1;2023;03:40;5;75;75110;2;1;1;6;BOULEVARD DE STRASBOURG;48,87017136;2,35473678
202300046636;30;9;2023;09:30;1;75;75113;2;1;1;7;BOULEVARD MASSENA;48,82315900;2,37380700
202300046639;8;1;2023;17:15;1;75;75107;2;1;1;6;RUE DU BAC;48,85097700;2,32383900
202300046640;19;7;2023;20:45;2;33;33199;2;2;1;3;14 Boulevard de la CÃ´te d'Argent;44,64010071; -1,04437038
202300046645;8;1;2023;11:02;1;93;93077;2;1;1;6;Avenue du GÃ©nÃ©ral GalliÃ©ni;48,89232000;2,50500000
202300046647;29;9;2023;13:20;1;75;75120;2;4;1;3;AVENUE IBSEN;48,86666000;2,41263000
202300046663;30;9;2023;16:15;1;75;75107;2;3;1;1;QUAI BRANLY;48,86050900;2,29567100
202300046665;29;9;2023;14:00;1;75;75101;2;1;1;6;VOIE GEORGES POMPIDOU;48,85742100;2,34560400
202300046685;14;6;2023;10:15;1;26;26064;1;2;1;3;D538;44,89597601;5,01040392
202300046693;30;9;2023;20:00;5;93;93007;2;6;1;3;Avenue des Cosmonautes /  Avenue de la Division Leclerc;48,94709000;2,45909000
202300046705;9;1;2023;14:05;1;04;04116;1;1;1;2;RD4;44,04625000;6,01952100
202300046709;19;7;2023;11:50;1;60;60612;2;1;1;6;Avenue Paul Rouge;49,19617300;2,57335700
202300046744;19;7;2023;09:05;1;69;69387;2;1;1;5;Rue de Gerland;45,72895648;4,83774555
202300046789;19;7;2023;18:00;1;78;78350;2;1;1;2;VERSAILLES (ROUTE DE);48,85555000;2,10739000
202300046809;19;7;2023;17:54;1;63;63032;2;5;1;3;LECLERC (AVENUE DU MARECHAL);45,75607000;3,08448000
202300046811;27;6;2023;08:57;1;59;59279;2;1;1;6;LILLE (RUE DE);50,77084087;3,12151864
202300046823;7;1;2023;10:30;1;64;64024;2;2;1;2;Rue des Pontots;43,49396000; -1,49659000
202300046824;18;7;2023;22:54;5;54;54395;2;2;1;3;Avenue de la Garenne;48,68061792;6,17895395
202300046827;18;7;2023;14:50;1;54;54339;2;1;1;1;Rue du Lion d'Or;48,71308000;6,17646000
202300046838;19;7;2023;12:40;1;42;42044;2;3;1;3;Rue du Colonel Marey;45,39506000;4,32231000
202300046842;1;10;2023;10:45;1;14;14098;1;2;1;7;15 Rue de la Limare;49,20799659; -0,55823364
202300046849;30;9;2023;20:00;4;64;64081;2;3;1;3;DÃ©partementale 147;43,14909000; -0,93035600
202300046863;7;1;2023;20:20;5;33;33063;2;2;3;3;Rue Lucien Faure;44,86973000; -0,56660000
202300046888;18;7;2023;06:40;1;75;75114;2;3;1;3;RUE FROIDEVAUX;48,83721900;2,32395600
202300046892;18;7;2023;23:22;5;75;75110;2;2;1;3;QUAI DE JEMMAPES;48,86881300;2,36761300
202300046904;17;7;2023;19:30;1;94;94017;2;1;1;1;Square Charles d'OrlÃ©ans;48,80727000;2,54961000
202300046914;30;9;2023;13:30;1;11;11426;1;1;1;2;CD 620;43,29680000;2,45730000
202300046923;19;7;2023;19:15;2;93;93048;2;7;1;3;Place du GÃ©nÃ©ral de Gaulle / Rue Jean Lolive;48,86914000;2,43236000
202300046925;19;7;2023;09:40;1;93;93010;2;3;1;6;Remise Ã  Jorelle / Rue Rudyard Kipling;48,89331983;2,48690536
202300046928;19;7;2023;00:40;5;92;92073;2;1;1;6;VERDUN (RUE DE);48,87115675;2,22779131
202300046930;19;7;2023;12:24;1;92;92077;2;1;1;3;SEVRES (RUE DE);48,82626000;2,19203000
202300046932;19;7;2023;06:40;1;92;92051;2;2;1;3;BINEAU (BOULEVARD, NÂ°133 A 217 ET 134 A;48,89363317;2,26743490
202300046934;18;7;2023;08:56;1;92;92050;2;1;1;1;PICASSO PABLO AVENUE;48,89248921;2,21358848
202300046935;19;7;2023;14:00;1;92;92020;2;1;1;7;BROSSOLETTE RUE PIERRE AUTRES NÂ°;48,80097300;2,27923200
202300046947;17;6;2023;06:35;2;02;02173;2;1;1;6;106 Rue Camille Desmoulins;49,61275400;3,20345900
202300046950;17;7;2023;08:00;1;56;56117;2;6;1;3;11 Place Anne de Bretagne;47,88205300; -2,83428000
202300046958;19;7;2023;20:15;2;46;46213;1;2;7;1;le claux de Gasconne;44,83961667;1,76415458
202300046963;19;7;2023;16:45;1;29;29035;1;1;1;3;D26;48,49655805; -4,53622331
202300046982;19;7;2023;08:30;2;09;09327;1;1;1;7;D10;42,99108800;1,74167600
202300046988;16;6;2023;16:40;1;34;34183;2;6;7;3;RD609;43,29093200;3,11849200
202300046991;17;6;2023;17:20;1;13;13086;2;6;1;2;Route Nationale 96;43,33821400;5,60119300
202300046993;16;6;2023;15:20;1;68;68329;2;1;1;3;61 Route de la Schlucht;48,05058900;7,11023600
202300046998;17;6;2023;10:40;1;44;44205;1;1;1;7;101 la haute brechouliere;47,43579100; -1,44941200
202300046999;16;6;2023;17:30;1;27;27016;2;3;1;1;D313;49,24570300;1,39694000
202300047014;17;6;2023;11:09;1;71;71120;2;1;1;2;1 Route de Charlieu;46,20813400;4,32488600
202300047033;16;6;2023;11:20;1;66;66182;2;1;1;3;;42,72454000;3,03598200
202300047038;17;6;2023;08:00;1;55;55336;1;1;7;1;Rue Basse;49,37984100;5,48223700
202300047041;16;6;2023;15:00;1;09;09334;1;1;1;7;RD18;42,80646300;1,42050700
202300047049;17;6;2023;13:15;1;80;80110;1;3;1;6;D940;50,17374400;1,65913900
202300047063;16;6;2023;17:15;1;80;80136;2;9;1;1;Rue des Alloires;49,94117400;2,72003900
202300047066;14;6;2023;19:45;1;33;33154;2;1;1;2;avenue de la piscine;45,09753000; -0,04647700
202300047089;16;6;2023;17:25;1;44;44169;1;3;1;3;23 Route des faucardeurs;47,25169356; -1,40135989
202300047102;14;6;2023;14:50;1;36;36156;1;1;7;7;;46,45982067;2,13873227
202300047113;28;5;2023;17:00;1;11;11170;1;1;1;3;chemin dÃ©partementale 32;43,10985000;3,06372600
202300047118;15;6;2023;17:45;1;18;18207;2;3;1;3;3 Rue Emile Zola;46,99143800;2,24073100
202300047123;15;6;2023;11:12;1;68;68028;2;1;1;2;route des vins;48,20493900;7,35383100
202300047124;12;6;2023;17:47;1;67;67492;1;1;1;1;1a Rue du Scharrach;48,59309000;7,47765500
202300047126;13;6;2023;18:48;1;01;01211;1;4;1;7;D22;46,13341200;5,19164100
202300047141;7;4;2023;14:20;1;93;93070;2;1;1;3;Avenue Gabriel PÃ©ri;48,90818000;2,33262000
202300047150;1;11;2023;11:25;1;77;77005;1;6;3;3;D418;48,92099700;2,71663100
202300047192;27;10;2023;22:26;5;87;87085;2;1;3;1;LECLERC (AVENUE DU GENERAL);45,84965000;1,26298000
202300047220;30;10;2023;15:30;1;59;59368;2;2;2;1;REPUBLIQUE AVENUE DE LA;50,64844000;3,07835000
202300047226;12;5;2023;19:50;1;92;92023;2;1;1;3;LAZARE CARNOT (RUE);48,80880100;2,27378100
202300047234;13;5;2023;12:45;1;54;54514;1;1;1;4;D29;49,50803800;5,61768300
202300047244;30;10;2023;17:25;1;47;47001;2;3;8;3;14 JUILLET (COURS DU);44,20451318;0,62636447
202300047254;31;10;2023;15:37;1;37;37233;2;1;1;3;BONNIN (AVENUE JEAN);47,39504000;0,71439000
202300047257;31;10;2023;18:50;5;35;35238;2;1;1;3;ISLY (RUE D');48,10539000; -1,67780000
202300047258;12;5;2023;18:05;1;36;36182;1;1;1;7;Le Pecher;46,44608088;1,39317106
202300047270;13;5;2023;08:13;1;95;95394;2;3;1;2;D928;49,05909500;2,18844700
202300047278;30;10;2023;10:45;1;29;29019;2;6;2;1;23 rue de l'Eau Blanche;48,41565000; -4,46225100
202300047280;12;5;2023;09:00;1;67;67300;2;1;1;1;Route de Dachstein;48,53770500;7,49883700
202300047281;31;10;2023;21:05;5;26;26198;2;1;1;1;Avenue StÃ©phane MallarmÃ©;44,55360000;4,72216000
202300047293;5;4;2023;08:58;1;44;44120;2;6;1;3;17 Rue du ChÃªne Vert;47,20050600; -1,75964200
202300047296;31;10;2023;11:31;1;13;13005;2;1;1;3;PALUDS (AVENUE DES);43,28704000;5,60157000
202300047297;26;10;2023;18:00;1;10;10343;2;6;1;2;GAMBETTA (RUE);48,27432000;4,09101000
202300047307;30;10;2023;07:10;2;10;10325;2;1;2;3;Route d'Auxerre;48,26480979;4,04087716
202300047317;31;10;2023;12:10;1;04;04070;2;1;1;3;HUGO (BD..V);44,09489000;6,23561000
202300047353;31;10;2023;14:30;1;75;75108;2;2;8;7;AVENUE DES CHAMPS ELYSEES;48,86906300;2,31030500
202300047354;10;5;2023;12:00;1;95;95555;2;9;2;3;13 MASSENET (RUE);48,96281000;2,28690000
202300047364;30;10;2023;20:30;5;94;94003;2;9;1;3;Avenue Laplace;48,80786235;2,33340302
202300047379;4;4;2023;19:00;1;44;44103;1;1;1;1;4 Route de la Torse;47,32571500; -2,16944400
202300047381;4;4;2023;19:00;1;60;60170;1;1;7;3;Courteuil;49,20338300;2,56026500
202300047390;30;10;2023;13:38;1;92;92024;2;1;2;2;GENERAL LECLERC (BD DU) DE (61 A 9);48,90233906;2,31396818
202300047393;11;5;2023;19:00;1;67;67482;2;1;1;1;MAURICE GARIN (PISTE);48,57344000;7,71779000
202300047394;31;10;2023;11:00;1;22;22372;1;1;2;7;Rue du Commandant Hamon;48,52424400; -2,86619800
202300047434;10;5;2023;07:40;1;54;54395;2;3;1;1;Place des Vosges;48,68500000;6,18711000
202300047452;3;4;2023;15:30;1;78;78551;2;1;1;6;Rue de Paris;48,89542200;2,09347900
202300047457;10;5;2023;16:40;1;45;45234;2;6;1;2;Avenue de Concyr;47,82392000;1,93292000
202300047460;31;10;2023;08:40;1;27;27218;1;1;7;3;Route de la Maugardiere;49,26155200;0,46190900
202300047464;3;4;2023;18:55;1;73;73008;2;6;1;3;D991 - GRAND PORT (RONDEAU) AVENUE DU;45,70442854;5,89465678
202300047475;3;4;2023;12:30;1;69;69264;2;1;1;3;Rue de Kalarach;45,99502000;4,73222000
202300047490;11;5;2023;09:50;1;33;33063;2;2;1;3;Rue Docteur Albert Barraud;44,84593000; -0,58499000
202300047501;31;10;2023;18:00;2;971;97104;2;1;1;1;Route de Cadet;16,02229300; -61,74272400
202300047502;3;4;2023;19:45;1;35;35238;2;3;1;3;VERN (DE);48,09785438; -1,65525287
202300047508;3;4;2023;09:35;1;35;35238;2;2;1;3;YSER (BD DE L');48,09220000; -1,67480000
202300047509;31;10;2023;16:15;1;84;84141;2;3;1;3;AllÃ©e Victor Mitan;43,96040100;4,89559200
202300047519;3;4;2023;12:05;1;33;33063;2;3;1;3;Boulevard du PrÃ©sident Wilson;44,85109000; -0,59543000
202300047520;11;5;2023;16:50;1;26;26058;2;1;1;1;Rue des Chalets;44,94024000;4,89905000
202300047566;2;4;2023;12:41;1;10;10387;2;1;2;3;Avenue du 1er Mai;48,30414540;4,08799767