Num_Acc;jour;mois;an;hrmn;lum;dep;com;agg;int;atm;col;adr;lat;long
202300047567;24;8;2023;22:08;5;76;76351;2;1;1;6;DOCTEUR VIGNE;49,49760000;0,11168000
202300047570;5;12;2023;08:10;5;93;93077;2;1;2;3;Rue LaÃ«nnec;48,88041580;2,49598982
202300047591;3;4;2023;17:10;1;75;75120;2;3;1;6;RUE DE BAGNOLET;48,86270700;2,40666900
202300047602;3;4;2023;12:50;1;75;75117;2;3;1;6;RUE GUERSANT;48,88152500;2,28921300
202300047604;11;5;2023;11:00;1;75;75116;2;1;8;3;ALLEE DE LA REINE MARGUERITE;48,85126700;2,24182000
202300047612;3;4;2023;12:20;1;75;75104;2;2;1;6;QUAI DE GESVRES;48,85674900;2,34894800
202300047618;11;5;2023;18:00;1;75;75114;2;2;1;2;BOULEVARD BRUNE;48,82307500;2,32540800
202300047631;3;4;2023;19:40;1;93;93066;2;1;1;6;Rue du Landy;48,91533857;2,35298663
202300047632;6;12;2023;07:15;1;974;97401;1;1;1;1;LITTORAL; -21,24989500;55,32146200
202300047635;11;5;2023;17:00;1;75;75113;2;1;1;1;PONT CHARLES DE GAULLE;48,84230343;2,36860514
202300047636;3;4;2023;19:35;1;93;93055;2;1;1;2;Avenue du GÃ©nÃ©ral Leclerc;48,89789752;2,40554170
202300047642;28;8;2023;19:00;1;37;37261;2;1;1;3;BOURDAISIERE (ALLEE DE LA);47,38565000;0,69606000
202300047645;11;5;2023;10:30;1;75;75113;2;3;8;3;AVENUE D ITALIE;48,82278600;2,35835400
202300047647;28;8;2023;06:00;2;34;34003;2;1;1;3;cr des gentilhommes;43,28867700;3,51071700
202300047665;24;8;2023;14:00;1;22;22113;2;1;1;3;MENDES FRANCE (BOULEVARD);48,73116000; -3,46511000
202300047680;11;5;2023;12:54;1;75;75110;2;7;8;3;PLACE DU COLONEL FABIEN;48,87767300;2,37015700
202300047682;24;8;2023;16:30;1;13;13203;2;2;1;3;STRASBOURG (BOULEVARD);43,30900979;5,37835802
202300047697;28;8;2023;13:50;1;05;05061;1;3;1;3;MALCOMBE ( ROUTE DE );44,55771000;6,05161000
202300047701;3;4;2023;13:50;1;84;84030;2;1;1;7;avenue de l'europe;44,10721600;5,10263000
202300047717;28;8;2023;17:40;1;75;75118;2;3;1;3;RUE EUGENE CARRIERE;48,88915100;2,33224600
202300047719;1;4;2023;10:35;1;38;38485;2;3;1;3;25 Boulevard des FrÃ¨res Desaire;45,18118300;5,69232600
202300047723;6;12;2023;12:30;1;28;28374;1;3;1;3;DÃ©partementale 854 - Le PÃ©age TREMBLAY-LES-VILLAGES;48,58150300;1,43123100
202300047735;4;4;2023;17:25;1;57;57683;2;1;1;2;16 Route d?Ebange;49,31108600;6,14728000
202300047748;28;8;2023;08:48;1;75;75103;2;3;1;7;RUE CHARLOT;48,86122100;2,36068000
202300047769;4;5;2023;10:35;1;92;92004;2;1;1;3;VOLTAIRE ( BD 16 A FIN );48,91200839;2,29660660
202300047815;9;5;2023;09:00;1;56;56185;2;3;1;3;Kergalan Bihan;47,77575100; -3,40575100
202300047845;26;8;2023;16:30;1;87;87038;1;3;1;2;D125a1;45,90715500;1,25672800
202300047869;19;9;2023;20:30;3;74;74243;1;3;1;3;Route de saint-julien;46,13118100;6,04975500
202300047933;29;11;2023;08:45;1;80;80021;2;2;2;3;MARCHE LANSELLES (RUE DU );49,89613000;2,29712000
202300047950;18;2;2023;11:30;1;75;75116;2;4;1;2;ROUTE DES TRIBUNES;48,85292300;2,22999800
202300047951;29;8;2023;06:50;2;41;41220;1;1;1;2;D951;47,73002900;1,64086800
202300047956;17;2;2023;09:30;1;75;75115;2;1;1;3;RUE DE LA PROCESSION;48,83668700;2,30953000
202300047963;17;2;2023;17:25;1;75;75111;2;1;1;5;RUE DE MONTREUIL;48,85115200;2,39748300
202300047970;29;8;2023;10:30;1;17;17058;1;1;8;2;D26;45,84585900; -1,16381000
202300047986;29;8;2023;17:00;1;76;76475;2;1;1;3;Route de Paris;49,39623900;1,18200100
202300047988;4;12;2023;18:50;5;44;44109;2;3;1;1;158 Boulevard des Anglais;47,22406000; -1,58452000
202300048001;27;8;2023;19:16;3;973;97302;2;1;1;3;ZEPHIR (ROCADE);4,93400000; -52,30900000
202300048027;4;12;2023;11:15;1;31;31555;2;3;1;3;NARBONNE (ROUTE DE);43,56473850;1,46009535
202300048042;27;8;2023;10:45;1;67;67447;2;1;8;3;BARRAGE (RUE DU);48,60406099;7,75072038
202300048047;18;2;2023;16:30;1;68;68205;1;1;1;3;D 201;47,91796700;7,35741200
202300048052;18;2;2023;15:00;1;84;84020;1;1;1;6;D3;43,84440000;5,31190900
202300048059;27;8;2023;11:33;1;35;35238;2;2;1;3;ALMA (DE L');48,10346000; -1,67680000
202300048074;3;12;2023;19:25;5;75;75105;2;2;1;3;QUAI SAINT BERNARD;48,84940700;2,35640700
202300048086;4;12;2023;08:54;1;75;75113;2;7;3;3;AVENUE D ITALIE;48,83092700;2,35596200
202300048099;27;8;2023;12:30;1;75;75115;2;1;1;6;AVENUE DE LA PORTE DE SEVRES;48,83515900;2,27785500
202300048101;27;8;2023;14:40;1;75;75107;2;1;1;6;QUAI D ORSAY;48,86226600;2,30268200
202300048104;27;8;2023;14:55;1;75;75112;2;3;1;3;AVENUE DAUMESNIL;48,84052100;2,43429900
202300048106;4;12;2023;12:30;1;75;75108;2;1;1;6;AVENUE DES CHAMPS ELYSEES;48,86974500;2,30805400
202300048107;27;8;2023;18:58;1;75;75107;2;3;2;6;QUAI BRANLY;48,85897000;2,29339500
202300048109;4;12;2023;19:41;5;75;75104;2;3;1;6;QUAI DES CELESTINS;48,85262300;2,35988500
202300048110;27;8;2023;08:00;1;75;75107;2;3;1;6;AVENUE DU MARECHAL GALLIENI;48,85964500;2,31306700
202300048143;27;8;2023;13:00;1;92;92012;2;2;1;3;REPUBLIQUE (BOULEVARD DE LA) 79/FIN - 76;48,83296000;2,24633000
202300048152;17;2;2023;08:55;1;69;69387;2;2;1;2;Avenue Debourg;45,73122136;4,83407395
202300048157;17;2;2023;18:10;5;971;97101;1;1;2;3;Rue Hubert FAROUIL;16,27012000; -61,49840000
202300048166;30;9;2023;11:43;1;72;72154;2;9;1;3;Rue du LÃ©ard;47,70414500; -0,06539800
202300048184;4;12;2023;18:18;5;92;92012;2;1;2;2;JEAN JAURES (BOULEVARD) 217/FIN - 210/FI;48,83049000;2,24529000
202300048189;26;8;2023;15:30;1;76;76146;2;1;1;3;415 Rue Andre Auguste;49,58809800;1,35561400
202300048207;4;12;2023;19:30;3;57;57177;1;1;2;2;D38;48,80991670;6,69363180
202300048267;18;7;2023;21:15;2;60;60494;1;1;1;2;d118;49,11636240;2,56998110
202300048271;28;9;2023;18:14;1;87;87085;2;3;1;3;THUILLAT (RUE VICTOR);45,84685000;1,25542000
202300048282;19;7;2023;19:55;1;71;71472;2;2;7;3;Route de la Croisette;46,95480300;4,07270900
202300048287;17;2;2023;21:23;5;33;33063;2;1;1;3;Pont Saint-Jean;44,83424483; -0,55223197
202300048291;19;7;2023;19:30;1;88;88470;2;1;1;7;11 Route de Noir Rupt;48,08526800;6,73555300
202300048307;20;7;2023;07:50;1;47;47157;1;2;1;3;Avenue du Docteur Neau;44,51177425;0,18924379
202300048308;28;9;2023;09:45;1;69;69259;2;1;1;3;Avenue Viviani;45,72145000;4,88226000
202300048321;14;6;2023;07:55;1;69;69381;2;3;1;2;22 MontÃ©e des CarmÃ©lites;45,77092000;4,82860000
202300048333;14;6;2023;04:30;5;971;97101;1;9;1;3; Hauteur sortie de Lauricisque;16,25049505; -61,52976751
202300048339;14;6;2023;14:04;1;2A;2A004;2;3;1;3;CANDIA CHEMIN;41,93835000;8,74903000
202300048342;29;9;2023;12:15;1;61;61001;2;1;1;2;Voie Communale;48,43750100;0,09538300
202300048347;17;2;2023;18:55;5;75;75105;2;3;1;3;PONT SAINT MICHEL;48,85377700;2,34439500
202300048351;17;2;2023;10:30;1;75;75106;2;2;1;3;BOULEVARD SAINT GERMAIN;48,85247966;2,33874142
202300048358;14;6;2023;15:00;1;91;91347;2;9;7;3;CHE BIRON;48,63522000;2,28557000
202300048361;17;2;2023;16:30;1;75;75116;2;1;1;2;ROUTE DE SEVRES A NEUILLY;48,85379900;2,23719000
202300048371;17;2;2023;17:46;2;75;75114;2;1;1;3;BOULEVARD JOURDAN;48,82040200;2,33794400
202300048372;28;9;2023;12:10;1;56;56121;2;1;2;2;LE POULICHET (RUE  JOSEPH-MARIE );47,75297000; -3,36123000
202300048374;30;4;2023;18:00;1;43;43185;2;1;1;2;Avenue de la Vizade;45,39680000;3,32300800
202300048387;17;2;2023;11:50;1;75;75104;2;2;1;3;RUE SAINT ANTOINE;48,85343500;2,36717200
202300048389;29;9;2023;07:40;1;54;54578;2;1;1;2;Avenue du General Leclerc;48,67623000;6,15367000
202300048392;18;7;2023;12:45;1;974;97409;2;1;1;2;CAMBUSTON (rue de); -20,93208000;55,64419000
202300048398;18;7;2023;20:10;1;69;69387;2;3;1;3;Rue Garibaldi;45,74420000;4,84792000
202300048400;28;9;2023;10:20;1;54;54395;2;1;1;3;Boulevard d'Austrasie;48,68849000;6,20450000
202300048409;29;9;2023;11:05;1;51;51454;2;6;1;3;ROUSSEAU (PLACE MAX);49,26451000;4,01029000
202300048415;14;6;2023;18:35;1;73;73065;2;2;1;3;D1 - MOTTE SERVOLEX (AVENUE DE LA);45,58678000;5,88385000
202300048417;17;7;2023;16:50;1;95;95427;2;1;1;3;JULES FERRY (RUE);48,95644000;2,33421000
202300048419;28;9;2023;22:38;3;49;49328;2;1;1;1;JOLY LETERME (BOULEVARD);47,26725000; -0,07893000
202300048432;12;6;2023;13:45;1;69;69029;2;2;1;3;Rue Pierre Allard;45,73919486;4,91021411
202300048435;29;9;2023;07:25;1;47;47001;2;2;1;3;MONTAIGNE (RUE);44,19540000;0,61698000
202300048436;17;2;2023;16:00;1;92;92075;2;1;1;3;JEAN JAURES (RUE);48,82526367;2,29302317
202300048439;14;6;2023;08:51;1;68;68066;2;2;7;3;Rue du Ladhof;48,10729000;7,38482000
202300048446;13;6;2023;08:15;1;67;67482;2;1;1;3;PROTESTATION (PONT DE LA);48,59232600;7,76109200
202300048449;15;6;2023;16:00;1;76;76351;2;4;1;3;VERDUN (RUE DE);49,50244000;0,16816300
202300048458;28;9;2023;16:48;1;41;41018;2;1;1;1;GRE DE CHIEN (CHEMIN);47,56730000;1,31210000
202300048461;17;7;2023;22:00;5;71;71270;2;1;1;3;HERRIOT (AVENUE EDOUARD);46,29730000;4,82408000
202300048480;18;7;2023;11:40;1;69;69029;2;9;1;3;374 Route de Genas;45,74609000;4,92627000
202300048487;26;9;2023;09:15;1;34;34172;2;3;1;3;FAUBOURG FIGUEROLLES (RUE DU);43,60669000;3,86520000
202300048495;18;7;2023;08:35;1;67;67482;2;1;7;1;RENE CASSIN (ALLEE);48,59794000;7,77580000
202300048499;29;9;2023;18:00;1;33;33063;2;2;1;3;Rue Dubourdieu;44,82205000; -0,57651000
202300048508;3;1;2023;08:30;2;59;59350;2;1;2;6;Avenue de la RÃ©publique (Lille);50,63936600;3,01316500
202300048529;18;7;2023;08:45;1;59;59368;2;1;1;5;DE GAULLE RUE DU GENERAL;50,65742000;3,07387000
202300048533;14;6;2023;05:44;5;49;49007;2;2;1;3;BELLE BEILLE;47,47470000; -0,58615000
202300048548;14;6;2023;12:30;1;45;45208;2;1;1;6;64 Rue du GenÃ©ral Leclerc;47,99862000;2,73098000
202300048550;29;9;2023;13:07;1;17;17380;2;1;1;1;OCEAN (DE L');45,64249900; -1,08758500
202300048563;14;6;2023;12:59;1;37;37261;2;1;1;6;GRAMMONT (AVENUE DE);47,36878000;0,69747000
202300048575;17;2;2023;18:30;3;58;58087;2;1;8;3;4 route des mouroux;46,76095700;3,55846000
202300048576;14;6;2023;08:20;1;33;33550;2;1;1;6;Avenue des PyrÃ©nÃ©es;44,77382000; -0,56483000
202300048580;28;9;2023;17:15;1;10;10387;2;1;1;2;DANTON (RUE);48,30275000;4,07509000
202300048597;15;2;2023;18:45;2;17;17008;2;6;1;2;route de La Rochelle - SERIGNY;46,26141000; -1,01023800
202300048599;18;7;2023;09:40;1;29;29232;2;1;1;3;Place de la Tour d'Auvergne;47,99428000; -4,11027000
202300048627;14;6;2023;12:15;1;13;13103;2;3;1;3;RUE DES FAUVETTES;43,64049357;5,08103003
202300048639;28;9;2023;13:00;1;75;75118;2;1;1;2;AVENUE DE SAINT OUEN;48,89208200;2,32711700
202300048647;29;9;2023;12:02;1;75;75117;2;2;1;3;RUE CARDINET;48,89023700;2,31719000
202300048650;18;7;2023;11:48;1;75;75106;2;1;1;6;QUAI DE CONTI;48,85768100;2,33718600
202300048652;17;7;2023;08:40;1;75;75105;2;1;1;1;QUAI SAINT MICHEL;48,85355100;2,34510000
202300048653;13;6;2023;12:22;1;75;75114;2;4;1;3;AVENUE DU GENERAL LECLERC;48,82879500;2,32773400
202300048654;29;9;2023;15:00;1;75;75115;2;3;1;6;RUE LINOIS;48,84853200;2,28285700
202300048656;18;7;2023;18:30;1;75;75119;2;2;1;7;RUE D AUBERVILLIERS;48,88968390;2,36810088
202300048659;27;9;2023;13:45;1;75;75114;2;2;1;3;BOULEVARD ROMAIN ROLLAND;48,81979800;2,32575600
202300048669;18;7;2023;18:35;1;75;75116;2;3;1;1;BOULEVARD DE L AMIRAL BRUIX;48,87585900;2,28117900
202300048681;29;9;2023;22:00;5;75;75107;2;1;1;1;MUSEE D ORSAY;48,86042500;2,32682200
202300048685;29;9;2023;17:20;1;75;75103;2;2;1;6;RUE BEAUBOURG;48,86321600;2,35458300
202300048688;29;9;2023;09:15;1;75;75101;2;3;1;6;RUE DE RIVOLI;48,86468000;2,32929800
202300048689;7;1;2023;17:35;5;75;75115;2;2;2;3;RUE VIOLET;48,84715300;2,29262800
202300048695;14;6;2023;08:25;1;75;75113;2;4;1;7;BOULEVARD KELLERMANN;48,82108700;2,35439400
202300048696;28;9;2023;09:10;1;94;94080;2;1;1;3;Avenue de Paris;48,84570563;2,42758034
202300048697;7;1;2023;19:15;5;75;75110;2;3;1;3;PLACE DE LA REPUBLIQUE;48,86776000;2,36435900
202300048708;14;6;2023;21:15;1;75;75110;2;5;1;3;BOULEVARD DE MAGENTA;48,87477400;2,35735900
202300048713;13;6;2023;22:10;5;75;75110;2;4;1;6;BOULEVARD DE MAGENTA;48,87942200;2,35327500
202300048719;29;9;2023;08:10;1;94;94004;2;9;1;1;Avenue du GÃ©nÃ©ral Leclerc;48,75444700;2,50605400
202300048720;14;6;2023;00:50;5;75;75107;2;1;1;6;QUAI ANATOLE FRANCE;48,86196200;2,32130000
202300048724;7;1;2023;10:30;1;94;94021;2;9;1;3;BOULEVARD CIRCULAIRE EST;48,76078000;2,36027000
202300048737;7;1;2023;07:06;5;93;93006;2;1;1;2;Avenue du GÃ©nÃ©ral de Gaulle;48,86438775;2,41718128
202300048750;7;1;2023;12:22;1;92;92064;2;6;1;2;JULLES PELLETIER;48,85217580;2,22004348
202300048756;7;1;2023;11:20;1;92;92049;2;1;1;6;BRIAND AVENUE ARISTIDE NÂ°1 A 129;48,81695200;2,32575300
202300048775;13;6;2023;17:25;1;94;94069;2;5;7;3;Rue du MarÃ©chal Leclerc;48,81835000;2,41985000
202300048777;29;9;2023;15:34;1;92;92004;2;1;1;3;JEAN DUSSOURD;48,90718909;2,29133606
202300048780;30;9;2023;10:30;1;50;50590;1;1;1;1;route du chateau d'eau;48,79048900; -1,31877500
202300048795;18;7;2023;07:50;1;92;92025;2;1;1;3;CHARLES DE GAULLE (BD);48,91435426;2,22942933
202300048814;14;6;2023;09:00;1;92;92051;2;1;1;6;PAUL CHATROUSSE (RUE);48,88640606;2,26093858
202300048819;13;6;2023;19:30;1;92;92020;2;3;1;3;VERDUN AVENUE DE AUTRES NÂ°;48,79965000;2,28114000
202300048828;8;1;2023;10:15;1;50;50219;1;6;1;3;Route de la Belle Croix;49,05530800; -1,48422700
202300048833;14;6;2023;18:40;2;92;92035;2;1;1;7;National ( boulevard );48,90568326;2,23901689
202300048839;12;6;2023;14:00;1;92;92025;2;2;1;3;SOLFERINO (RUE   AV);48,93032000;2,26169100
202300048863;14;6;2023;14:20;1;22;22094;2;3;1;2;Rue du Tertre Himbert;48,59258000; -2,14827200
202300048887;6;7;2023;19:50;2;44;44041;1;2;1;3;lâaubiniere;47,09099100; -1,58193400
202300048890;18;7;2023;16:40;1;14;14494;1;2;1;3;1697 Route DÃ©partementale 400;49,27173900; -0,10358700
202300048893;15;6;2023;16:00;1;57;57703;2;1;1;1;Rue de Metting;48,84289800;7,18326000
202300048894;17;7;2023;20:25;1;05;05046;2;1;1;7;Route de Chalvet;44,56938300;6,49826300
202300048910;14;6;2023;11:20;1;2A;2A085;1;1;1;7;col saint georges;41,89275800;8,93102600
202300048911;17;7;2023;11:25;1;24;24499;1;3;1;6;intersection RD32 et route de la ferriÃ¨re;44,86908600;0,56317300
202300048921;6;1;2023;17:30;5;75;75119;2;2;1;3;RUE DE CRIMEE;48,89525800;2,37200600
202300048942;6;1;2023;08:30;1;75;75102;2;7;1;2;PLACE DE L OPERA;48,87065500;2,33232700
202300048947;15;6;2023;19:10;1;02;02112;1;1;1;3;;49,99173900;3,38881000
202300048951;14;6;2023;17:00;1;15;15122;2;1;1;2;D319;44,71381400;2,18704100
202300048956;14;6;2023;17:45;1;15;15140;2;2;1;3;Rue d'Alagnon ;44,95426241;2,41561890
202300048959;19;7;2023;11:25;1;22;22178;1;1;1;7;29 Kerderrien;48,69229200; -2,99770700
202300048979;15;6;2023;12:55;1;64;64016;1;1;1;6;D 58, P.R. 2+900, sens dÃ©croissant;43,07682300; -1,44443700
202300048984;14;6;2023;08:30;1;18;18011;2;6;1;2;Le Canadien;47,56334400;2,45204900
202300048987;5;1;2023;10:40;1;91;91666;1;6;2;7;Rue de Fretay;48,68047400;2,23242400
202300048998;14;6;2023;10:30;1;88;88053;1;1;1;2;D424;48,40825200;7,07579600
202300049014;6;1;2023;18:30;3;66;66072;1;1;1;2;D33f;42,48505000;2,00414700
202300049036;14;6;2023;14:45;1;38;38442;1;4;1;7;Route du Col de Porte;45,31177900;5,77214100
202300049040;15;6;2023;12:35;1;35;35221;2;1;1;2;8 Les Perrenelles;47,87534900; -1,68674200
202300049058;13;6;2023;16:45;1;974;97409;2;1;1;2;Lefaguyes (chemin); -20,95835000;55,66466000
202300049061;13;6;2023;21:00;1;69;69382;2;1;1;6;2 Rue Auguste Comte;45,75661000;4,83212000
202300049113;7;10;2023;14:15;1;42;42275;2;1;1;3;Avenue Pierre MendÃ¨s-france;45,47157000;4,37292000
202300049132;30;10;2023;10:40;1;75;75116;2;3;2;6;AVENUE VICTOR HUGO;48,86883400;2,28330600
202300049133;30;10;2023;09:15;1;75;75115;2;2;2;2;BOULEVARD PASTEUR;48,84302500;2,31279400
202300049146;11;10;2023;07:30;1;92;92002;2;1;8;7;DIVISION LECLERC (53 A 217 - 58 A 186);48,74466282;2,30331302
202300049162;23;10;2023;20:10;5;38;38229;2;2;2;3;Avenue du GrÃ©sivaudan;45,20621600;5,75248000
202300049168;26;10;2023;10:10;1;43;43268;1;1;1;7;Rue du Meygal;45,11309900;4,12373000
202300049226;12;5;2023;12:21;1;13;13015;2;1;1;3;2010 Avenue de la Croix d?Or;43,44889200;5,39787300
202300049264;28;6;2023;09:25;1;63;63113;2;6;1;3;COTE BLATIN (BD);45,76797000;3,08659000
202300049275;1;4;2023;08:45;1;06;06069;2;1;1;2;PEGOMAS (ROUTE DE);43,63983000;6,93419000
202300049298;4;12;2023;17:35;3;34;34142;2;1;1;3;D609;43,70329700;3,32898600
202300049303;2;4;2023;19:15;2;75;75117;2;2;1;3;PLACE GENERAL CATROUX;48,88260200;2,31024700
202300049316;2;4;2023;19:12;1;75;75104;2;4;1;6;RUE DE RIVOLI;48,85572600;2,35897600
202300049330;2;4;2023;17:15;1;92;92050;2;5;8;3;FOCH MARECHAL PLACE DU;48,88824380;2,19414622
202300049373;29;10;2023;19:10;5;67;67482;2;3;3;3;FORET NOIRE (AVENUE DE LA);48,58040800;7,77755600
202300049395;28;10;2023;11:50;1;62;62400;1;4;1;3;D86;50,48243000;2,59382000
202300049420;10;3;2023;16:23;1;74;74012;2;2;1;3;Avenue Henri Barbusse;46,19167000;6,24197000
202300049427;23;8;2023;10:22;1;988;98818;2;1;1;6;RUE JULES GARNIER; -22,29119000;166,43963000
202300049444;29;10;2023;19:15;5;33;33119;2;3;2;3;Avenue Jean JaurÃ¨s;44,85332000; -0,53862000
202300049446;4;12;2023;18:30;5;22;22136;2;6;2;1;Boulevard des Priteaux;48,17721900; -2,74732800
202300049491;13;8;2023;16:40;1;73;73021;1;1;1;7;D208;45,41631700;6,17228900
202300049512;29;10;2023;12:30;1;75;75120;2;3;2;6;RUE DE BELLEVILLE;48,87326700;2,38191800
202300049518;29;10;2023;18:15;5;75;75113;2;1;1;6;RUE NATIONALE;48,82999100;2,36467000
202300049524;29;10;2023;02:09;5;75;75110;2;2;8;3;PLACE DE LA BATAILLE DE STALINGRAD;48,88388700;2,36862800
202300049530;24;8;2023;17:20;1;971;97107;2;1;1;1;GALBAS (CHEMIN DES );16,04822000; -61,57051000
202300049531;28;10;2023;23:55;5;94;94058;2;1;3;3;Boulevard d'Alsace-lorraine;48,85223759;2,51094662
202300049548;1;4;2023;16:11;1;75;75105;2;4;1;7;;48,83847400;2,35068100
202300049555;8;5;2023;06:00;2;973;97302;2;1;1;2;BADUEL (ROUTE DE);4,93448336; -52,31137562
202300049567;1;4;2023;15:50;1;75;75113;2;3;1;3;BOULEVARD VINCENT AURIOL;48,83381000;2,36516000
202300049583;1;4;2023;13:30;1;75;75110;2;3;1;3;BOULEVARD DE MAGENTA;48,87566500;2,35661600
202300049591;1;4;2023;12:50;1;75;75104;2;1;1;1;VOIE GEORGES POMPIDOU;48,85668000;2,34836000
202300049596;3;12;2023;11:30;1;63;63113;2;2;1;3;Tram Mitterrand/Rabanesse;45,77065615;3,08674514
202300049597;1;4;2023;15:00;1;94;94041;2;2;1;2;Avenue Georges Gosnat;48,81230000;2,38628000
202300049636;2;12;2023;14:25;1;29;29232;2;1;1;6;10 Rue Michelet;47,98941700; -4,10894500
202300049664;2;4;2023;11:30;1;11;11401;1;1;1;6;;42,90605400;2,72134200
202300049674;29;1;2023;11:25;1;19;19272;2;1;9;6;Lieutenant Colonel Faro (avenue du);45,27787000;1,78350000
202300049680;2;4;2023;10:00;1;29;29277;1;1;1;2;Lohennec;48,36950800; -4,07391100
202300049681;5;5;2023;17:10;1;88;88160;1;1;1;6;UZEFAING (chemin);48,15651477;6,51135206
202300049684;17;7;2023;21:30;5;973;97302;2;1;1;1;MERE THERESA (rue);4,92194000; -52,31260000
202300049686;8;5;2023;22:16;5;87;87085;2;1;1;3;LECLERC (AVENUE DU GENERAL);45,84175000;1,25844000
202300049694;17;7;2023;19:10;1;69;69034;2;1;1;6;9 Chemin  Petit;45,80666537;4,85736089
202300049701;16;2;2023;16:30;1;987;98758;1;1;1;1;PK 2 cotÃ© ouest; -16,74400000; -151,46000000
202300049732;2;4;2023;18:30;1;2B;2B296;1;1;1;6;D13;42,58456000;8,91969100
202300049733;17;2;2023;16:15;1;66;66115;1;1;9;3;D11 PK 41-900KM;42,51885376;2,89167076
202300049740;15;7;2023;16:38;1;87;87085;2;2;1;7;BERTHELOT (AVENUE);45,83608000;1,25061000
202300049747;13;7;2023;20:30;1;87;87085;2;1;1;6;RHIN ET DANUBE (RUE);45,88157000;1,29524000
202300049754;13;7;2023;20:21;1;87;87085;2;3;1;6;GUE DE VERTHAMONT (RUE);45,81484000;1,22268000
202300049762;25;8;2023;09:20;1;49;49007;2;1;1;3;Boulevard Jean Sauvage;47,48740000; -0,55673000
202300049764;10;5;2023;09:45;1;77;77131;1;1;3;3;REBAIS (AVENUE DE);48,81612000;3,11228000
202300049770;17;7;2023;07:50;1;81;81060;2;1;1;3;RODEZ  (AVENUE DE);44,05614000;2,16427000
202300049776;9;5;2023;07:30;1;76;76351;2;6;2;3;PIERRE NAZE (PLACE);49,49617600;0,10783200
202300049781;17;2;2023;10:20;1;33;33268;2;3;1;3;Rue du General de Gaulle;45,03984000; -0,67683900
202300049792;2;4;2023;10:45;1;35;35072;1;4;1;3;D108;48,25491564; -1,17964491
202300049813;2;12;2023;20:00;5;974;97410;2;6;1;1;Rond-Point des Plaines; -21,04731100;55,71709900
202300049832;30;9;2023;10:15;1;06;06136;1;1;1;1;2415 Route du Col Saint Jean;43,85885400;7,44276500
202300049845;26;8;2023;21:00;2;33;33063;2;1;1;3;Parc d'activitÃ©s des Queyries;44,85119000; -0,56072000
202300049873;25;8;2023;10:20;1;33;33063;2;2;1;3;Rue de Pessac;44,82539000; -0,58920000
202300049881;7;7;2023;21:38;1;51;51454;2;2;1;3;POMPELLE (RUE);49,25284000;4,04929000
202300049908;13;6;2023;14:45;1;85;85191;2;2;1;3;57 Rue boileau;46,67296900; -1,42368400
202300049921;9;5;2023;08:50;1;67;67482;2;3;8;3;CANONNIERS (RUE DES);48,55444000;7,76624000
202300049924;30;9;2023;14:40;1;60;60142;2;6;1;3;D922;49,10041500;2,52868500
202300049930;28;3;2023;22:20;5;69;69266;2;6;1;3;28 Rue Edouard Aynard;45,75994000;4,87588000
202300049944;17;7;2023;11:15;1;34;34003;2;9;1;3;25 Rue de la Republique;43,31094200;3,47076700
202300049954;30;3;2023;18:30;1;67;67365;2;3;1;3;GENERAL LECLERC (RUE DU);48,54961000;7,71005000
202300049955;16;2;2023;03:00;5;31;31555;2;1;1;6;198 Avenue de Grande Bretagne;43,60179000;1,41105000
202300049964;13;6;2023;08:15;1;72;72181;2;9;1;3;RUBILLARD AV NÂ° PAIRS 118 ET >;48,01320000;0,17460000
202300049974;29;9;2023;08:50;1;69;69225;1;4;1;3;Route de la BussiÃ¨re;45,87442500;4,41096800
202300049984;21;9;2023;20:15;5;69;69143;2;1;3;1;Avenue Carnot;45,88784454;4,82965521
202300049993;28;7;2023;10:00;1;73;73023;1;3;1;3;D215;45,22512900;6,73522000
202300049994;28;9;2023;18:00;1;65;65059;2;3;1;3;Av des Victimes du 11 Juin 1944;43,07400200;0,14341200
202300050008;3;5;2023;08:45;1;61;61169;2;6;1;6;D462;48,73004100; -0,57914800
202300050015;30;3;2023;08:26;1;63;63014;1;1;1;3;PERIGNAT (ROND-POINT DE);45,74322000;3,13860000
202300050016;12;6;2023;17:10;1;62;62215;2;2;1;1;Rue de Tlemcen;50,47296000;2,92410000
202300050028;25;8;2023;10:15;1;07;07281;1;1;1;7;Route de St Romain de Lerps;44,95219000;4,82322000
202300050029;3;12;2023;16:30;1;65;65338;2;1;1;3;D5;43,13115100;0,17528800
202300050036;16;7;2023;16:08;1;75;75118;2;2;1;3;BOULEVARD ORNANO;48,89754200;2,34468300
202300050058;9;5;2023;08:40;1;54;54395;2;2;1;3;Boulevard Jean JaurÃ¨s;48,68222000;6,17791000
202300050061;17;7;2023;20:30;2;75;75114;2;2;1;2;BOULEVARD SAINT JACQUES;48,83195200;2,34114300
202300050066;8;5;2023;16:45;1;54;54395;2;2;1;3;Rue du MarÃ©chal Oudinot;48,67479107;6,18046403
202300050071;16;2;2023;13:10;1;82;82121;2;1;7;3;EUROPE (AVENUE DE L');43,99696000;1,33481000
202300050096;13;6;2023;14:00;1;54;54051;1;2;1;3;RD 13;49,17608000;5,96825000