Num_Acc;jour;mois;an;hrmn;lum;dep;com;agg;int;atm;col;adr;lat;long
202300050120;9;5;2023;07:50;1;47;47001;2;2;8;3;STRASBOURG (RUE DE);44,19900000;0,62130000
202300050139;13;6;2023;14:30;1;38;38185;2;6;1;3;AVENUE DE L'EUROPE;45,15907000;5,73420000
202300050146;13;6;2023;14:05;1;37;37233;2;2;1;3;BALZAC (RUE HONORE DE);47,38835000;0,72297000
202300050147;9;5;2023;10:00;1;42;42099;1;4;1;3;Rue Charles de Gaulle;45,39529587;4,26312608
202300050150;25;8;2023;18:15;1;75;75117;2;7;1;6;AVENUE DE VILLIERS;48,88486000;2,29791400
202300050154;17;7;2023;19:00;2;93;93048;2;1;1;3;Rue KlÃ©ber;48,85642580;2,43596836
202300050155;25;8;2023;13:10;1;75;75117;2;1;8;6;AVENUE EMILE ET ARMAND MASSARD;48,88811300;2,29631500
202300050162;25;8;2023;22:55;5;75;75107;2;2;1;3;Quai d'Orsay;48,86259000;2,31902400
202300050173;10;5;2023;20:10;1;37;37261;2;1;8;3;HOSPITALITE (RUE DE L');47,38949000;0,66814000
202300050180;17;7;2023;11:35;1;93;93001;2;2;1;3;Avenue Jean JaurÃ¨s / Avenue de la RÃ©publique;48,90359223;2,39184420
202300050194;28;9;2023;19:00;2;69;69389;2;1;1;2;3 Quai Paul SÃ©dallian;45,79749000;4,82946000
202300050201;27;9;2023;19:20;2;69;69389;2;2;1;3;21 Avenue Sidoine Apollinaire;45,77359000;4,79521000
202300050204;2;12;2023;10:50;1;78;78650;2;6;1;1;ETATS UNIS (BOULEVARD DES);48,90187100;2,13770200
202300050210;2;12;2023;08:50;1;78;78650;2;1;1;1;GEORGES CLEMENCEAU (AVENUE);48,88588000;2,14464000
202300050213;17;7;2023;17:50;1;22;22209;2;3;1;3;Rue Paul Vatine;48,57268500; -2,13743600
202300050216;9;5;2023;14:15;1;29;29019;2;1;1;5;avenue Georges Clemenceau;48,39101000; -4,48749000
202300050219;18;7;2023;12:00;1;68;68044;2;1;1;2;20 Rue du 3e Spahis Algeriens;48,16996000;7,12612000
202300050221;16;2;2023;14:40;1;37;37261;2;7;1;6;FRANCE (PLACE ANATOLE);47,39741000;0,68602000
202300050224;1;12;2023;07:55;3;77;77284;2;1;8;1;ALLENDE (AV.SALVADOR);48,95556200;2,88999300
202300050230;28;9;2023;08:00;2;91;91114;2;1;1;3;RTE NATIONALE 6;48,68949000;2,48290000
202300050236;27;9;2023;17:30;1;91;91691;2;6;1;2;GRANGE(AVENUE);48,72327900;2,49909900
202300050256;16;7;2023;09:25;1;56;56067;1;1;1;6;Lieu dit Cosqueric;47,73933800; -2,86047900
202300050257;26;9;2023;11:20;1;80;80021;2;1;1;3;PAUL CLAUDEL (AVENUE);49,87527000;2,27943000
202300050268;16;2;2023;10:15;1;14;14118;2;3;1;2;6 Boulevard Aristide Briand;49,17826100; -0,36221400
202300050273;25;8;2023;20:45;5;75;75102;2;5;1;3;RUE DE LA PAIX;48,86954680;2,33152628
202300050274;2;12;2023;10:30;1;59;59350;2;1;1;3;VAUBAN BOULEVARD NÂ°2-18-1-39;50,63645000;3,05077000
202300050279;10;5;2023;09:50;1;17;17380;1;2;1;4;EXPRESS (VOIE);45,65717100; -1,12053300
202300050295;24;8;2023;19:40;1;75;75101;2;2;1;3;RUE DE RIVOLI;48,85851400;2,34824100
202300050298;13;6;2023;19:30;1;75;75119;2;3;1;1;RUE RIQUET;48,88930400;2,37129300
202300050299;24;8;2023;15:45;1;75;75101;2;7;1;6;QUAI FRANCOIS MITTERRAND;48,86010900;2,33329600
202300050315;26;8;2023;18:00;1;94;94052;2;2;8;3;N486;48,83550000;2,49406000
202300050318;27;9;2023;19:30;2;72;72181;2;1;1;3;DURAND GEORGES (AV) NÂ° IMP 313 ET plus;47,96339000;0,22129000
202300050332;13;6;2023;11:27;1;75;75113;2;7;1;7;PLACE VALHUBERT;48,84367700;2,36554100
202300050335;28;9;2023;09:50;1;69;69264;2;1;1;2;Boulevard GÃ©nÃ©ral Leclerc;45,99797000;4,71076000
202300050337;13;6;2023;23:15;5;75;75112;2;3;1;3;AVENUE LEDRU ROLLIN;48,84961100;2,37427500
202300050338;17;7;2023;17:35;1;29;29072;2;2;1;3;Rue Louis Pasteur;47,79725100; -4,27870800
202300050343;28;9;2023;07:30;1;69;69290;2;6;1;3;Rue du ProgrÃ¨s;45,71680000;4,95810000
202300050344;13;6;2023;16:58;1;75;75111;2;4;1;3;AVENUE LEDRU ROLLIN;48,85450500;2,37804400
202300050356;13;6;2023;14:20;1;75;75109;2;2;1;1;RUE LA FAYETTE;48,87435600;2,33815300
202300050359;28;9;2023;08:55;1;67;67447;2;3;1;1;TRIBUNAL (RUE DU);48,60317176;7,75679559
202300050361;13;6;2023;07:45;1;75;75108;2;7;1;3;PLACE DE L ALMA;48,86424400;2,30147800
202300050366;12;6;2023;23:44;5;75;75108;2;3;1;3;AVENUE DES CHAMPS ELYSEES;48,86777900;2,31396000
202300050370;13;6;2023;08:58;1;75;75107;2;2;1;1;BOULEVARD DES INVALIDES;48,84696700;2,31680600
202300050371;14;2;2023;16:45;1;91;91477;2;1;1;5;CARNOT (RUE);48,71306000;2,24441400
202300050376;17;7;2023;11:05;1;85;85234;2;1;1;1;78 Route de la caillauderie;46,77263600; -2,03051500
202300050377;15;2;2023;15:35;1;91;91479;2;2;1;1;AV JEAN JAURES;48,70870000;2,36657000
202300050382;7;1;2023;14:50;1;974;97418;2;6;1;1;RUE DE LA FRATERNITÃ; -20,89654900;55,54393500
202300050385;27;9;2023;10:30;1;64;64284;2;6;1;2;CHARLES DE GAULLE;43,28656400; -0,38942300
202300050407;6;1;2023;18:12;2;22;22026;1;2;2;1;La Huballerie;48,40475500; -2,04165200
202300050421;13;6;2023;17:10;1;93;93055;2;2;1;3;Rue Courtois / Rue Jacquart;48,89153670;2,41658811
202300050451;15;2;2023;16:00;1;59;59295;2;6;1;3;AVENUE DES FLANDRES;50,73190438;2,52879471
202300050452;5;1;2023;18:27;1;988;98818;2;2;1;3;RUE D'AUSTERLITZ/RUE DE LA REPUBLIQUE; -22,26879000;166,44058000
202300050459;5;1;2023;06:55;1;974;97407;1;9;1;2;ROUTE NATIONALE NÂ° 1; -20,94370000;55,32626000
202300050462;28;9;2023;17:20;1;58;58194;2;6;1;3;SAINT NICOLAS (PLACE);46,98710000;3,16171000
202300050481;18;7;2023;15:00;1;73;73256;1;1;1;1;D902;45,19938200;6,46168600
202300050486;27;9;2023;15:10;1;54;54382;2;4;1;3;MATHIEU DE DOMBASLE (RUE);49,54080000;5,78788000
202300050512;28;9;2023;12:30;1;49;49007;2;2;1;3;MONTAIGNE AVENUE;47,47218000; -0,54064000
202300050525;14;6;2023;11:20;1;68;68366;1;6;7;3;D4;48,10989200;7,43853000
202300050528;5;1;2023;19:00;5;73;73008;2;3;1;1;TRESSERVE AVENUE DE;45,68593409;5,91300890
202300050532;28;9;2023;17:40;1;41;41018;2;1;1;7;AUVERGNE (RUE D');47,59383000;1,33804000
202300050536;5;1;2023;09:05;1;72;72181;2;1;2;7;CHANZY (RUE)  NÂ° PAIRS 2 A 50;48,00351000;0,20233000
202300050545;4;1;2023;12:05;1;72;72181;2;1;1;1;EINSTEIN ALBERT (RUE);48,03310000;0,17437000
202300050554;5;1;2023;11:50;1;64;64102;2;1;1;2;Rond-point Prof. Jean Delay;43,48140000; -1,48233000
202300050563;28;9;2023;08:05;1;37;37261;2;9;1;3;CONSTANTINE (RUE DE);47,39622000;0,68402000
202300050568;28;9;2023;12:35;1;35;35238;2;1;1;3;VANEAU;48,11219385; -1,69323295
202300050573;5;1;2023;15:00;1;59;59512;2;1;2;3;NATIONS UNIES (AVENUE DES);50,69476000;3,17880000
202300050574;28;9;2023;07:25;5;35;35238;2;1;1;1;FLANDRE (DE);48,12301000; -1,70727000
202300050595;15;2;2023;20:35;5;75;75109;2;3;1;3;BOULEVARD DES CAPUCINES;48,86995100;2,32804200
202300050599;16;2;2023;19:48;2;75;75108;2;2;1;6;RUE DE MIROMESNIL;48,87389600;2,31590600
202300050601;27;9;2023;19:50;5;34;34032;2;1;1;2;CLAPAREDE EMILE (AVENUE);43,34371000;3,22634000
202300050620;11;2;2023;10:15;1;75;75101;2;3;1;3;RUE DE RIVOLI;48,86243385;2,33624429
202300050629;28;9;2023;13:15;1;26;26198;1;1;1;6;Avenue de Gournier;44,53222641;4,74072908
202300050631;4;1;2023;15:45;1;49;49007;2;1;2;3;FOULQUES NERRA BOULEVARD;47,47105000; -0,56495000
202300050637;5;1;2023;08:30;1;37;37261;2;3;2;3;MAGINOT (AV. ANDRE);47,41483000;0,68811000
202300050652;16;7;2023;11:55;1;56;56121;2;2;8;3;INDES ( QUAI DES );47,74520000; -3,35850000
202300050653;5;1;2023;12:48;1;33;33032;2;1;1;3;Quai de Vial;44,91086000; -0,53629000
202300050657;16;7;2023;09:50;1;56;56162;2;3;1;3;ANSE DU STOLE (RUE);47,70669000; -3,42195000
202300050660;28;9;2023;10:53;1;17;17461;2;1;1;3;PARC DES SPORTS (AVENUE DU);45,64268000; -1,06684000
202300050661;5;1;2023;07:40;2;31;31555;2;1;1;2;AV DE LYON;43,61522798;1,45223379
202300050681;28;9;2023;17:55;1;11;11069;2;3;1;3;25 Rue Aime Ramond;43,21188000;2,35345000
202300050692;14;6;2023;20:00;1;13;13066;2;6;1;3;Place Jean JaurÃ¨s;43,87488500;4,90215000
202300050714;15;2;2023;20:55;5;92;92023;2;1;1;1;JEAN JAURES (AVENUE) NÂ°57 A 259 ET 64 A;48,80900200;2,26868800
202300050724;4;1;2023;14:45;1;75;75105;2;3;2;6;RUE DES CARMES;48,84966900;2,34784800
202300050729;4;1;2023;23:10;5;75;75116;2;1;2;2;AVENUE DE NEW YORK;48,85852400;2,28866200
202300050733;16;7;2023;08:45;1;13;13001;2;6;1;7;MAURIAT HENRI (AV);43,51625000;5,46690000
202300050734;16;2;2023;21:35;3;24;24449;1;1;1;2;D6089;45,02156300;0,23913000
202300050752;28;9;2023;09:20;1;75;75119;2;3;1;2;RUE BOTZARIS;48,87771800;2,38127800
202300050760;4;1;2023;10:24;1;75;75104;2;3;2;3;RUE DE RIVOLI;48,85751994;2,35142291
202300050762;28;9;2023;12:00;1;75;75117;2;3;1;2;BOULEVARD PERSHING;48,88173305;2,28534937
202300050774;27;9;2023;11:40;1;75;75115;2;1;1;6;BOULEVARD DE GRENELLE;48,84828000;2,30083100
202300050779;16;7;2023;20:15;1;75;75110;2;2;1;3;BOULEVARD DE STRASBOURG;48,87224800;2,35593100
202300050783;28;9;2023;06:00;5;75;75111;2;7;1;3;RUE DU FAUBOURG DU TEMPLE;48,86774000;2,36439000
202300050792;5;1;2023;08:05;2;92;92020;2;3;1;6;STALINGRAD BOULEVARD;48,81099000;2,29937000
202300050794;28;9;2023;14:45;1;75;75109;2;5;1;1;RUE PIERRE FONTAINE;48,88045100;2,33507800
202300050798;28;9;2023;09:05;1;75;75109;2;3;1;3;RUE DU FAUBOURG POISSONNIERE;48,87342200;2,34788900
202300050802;27;9;2023;09:15;1;75;75108;2;2;1;3;AVENUE MATIGNON;48,86906700;2,31030700
202300050806;28;9;2023;14:30;1;75;75107;2;4;1;2;RUE DE BABYLONE;48,85170700;2,32439600
202300050829;25;9;2023;16:30;1;92;92050;2;1;8;3;CLEMENCEAU GEORGES AVENUE NÂ° PAIR;48,88690736;2,20245481
202300050875;29;9;2023;08:50;1;65;65020;2;1;1;2;Route de Lourdes;43,09462200;0,00906100
202300050882;28;9;2023;16:30;1;71;71134;2;1;1;3;Route de Montvaillant (Clermain);46,36352600;4,58249500
202300050884;5;1;2023;14:50;1;54;54405;2;1;1;7;Grande Rue;48,57439594;5,97442746
202300050903;27;9;2023;05:20;3;29;29026;1;1;1;6;Prat Aval;48,18375101; -4,11007031
202300050927;28;9;2023;16:45;1;88;88116;1;3;1;3;18 Rue de Chermenil;47,97694000;6,83307000
202300050929;6;1;2023;07:40;5;76;76758;2;1;2;1;Rue Pierre de Coubertin;49,61376900;0,76110900
202300050961;4;1;2023;07:25;5;74;74012;2;1;5;3;THONON (ROUTE DE);46,19348000;6,25600000
202300050977;29;10;2023;22:50;3;54;54462;1;1;3;3;D116;48,60283598;6,34496927
202300050982;28;10;2023;16:10;1;69;69285;2;6;1;3;Rue des BruyÃ¨res;45,76313300;5,08044200
202300051002;10;5;2023;18:27;1;13;13063;2;1;1;3;REPUBLIQUE AVENUE DE LA;43,58332000;5,00396000
202300051004;8;5;2023;18:30;1;13;13063;2;1;1;1;DANIEL PAUL AVENUE;43,58772000;5,00933000
202300051025;27;4;2023;12:05;1;05;05061;2;3;1;3;RAMBAUD ( ROUTE DE );44,56140833;6,09648407
202300051028;10;5;2023;10:00;1;75;75106;2;3;3;6;RUE DE SEVRES;48,84738000;2,31821300
202300051047;10;5;2023;11:10;1;75;75113;2;3;2;1;AVENUE BOUTROUX;48,82207800;2,37496400
202300051053;10;5;2023;17:30;1;75;75112;2;3;1;3;RUE DE CHARENTON;48,84032700;2,38819000
202300051057;25;8;2023;18:45;1;92;92014;2;1;1;6;CONDORCET (PLACE);48,77971496;2,31586118
202300051094;10;5;2023;08:07;1;93;93048;2;2;3;3;Avenue Gabriel PÃ©ri / Avenue du PrÃ©sident Wilson;48,85748550;2,44006292
202300051098;27;8;2023;10:30;1;22;22084;1;1;1;6;Le Val Joli;48,41355800; -2,31579800
202300051112;10;5;2023;16:30;1;92;92012;2;1;1;4;REINE (ROUTE DE LA) 82/FIN - 107TER/FIN;48,84044417;2,23257691
202300051114;10;5;2023;14:00;1;92;92012;2;1;1;6;BELLE FEUILLE (RUE DE LA);48,83896000;2,24270000
202300051119;10;5;2023;12:50;1;92;92002;2;1;1;3;ADOLPHE PAJEAUD (RUE);48,74533000;2,29541000
202300051122;30;3;2023;11:40;1;49;49007;2;1;1;6;TARIN;47,46817000; -0,54520000
202300051139;31;3;2023;11:45;1;37;37261;2;1;1;3;DANIEL MAYER;47,41878000;0,70082000
202300051144;31;3;2023;19:19;1;33;33063;2;2;1;3;Rue Cornac;44,85089000; -0,57183000
202300051150;10;5;2023;18:00;1;972;97214;2;1;1;7;Crochemort;14,83237600; -61,05136400
202300051178;11;6;2023;19:00;1;69;69259;2;1;1;3;Boulevard IrÃ¨ne Joliot Curie;45,72045000;4,87472000
202300051195;25;8;2023;20:30;2;02;02027;2;1;1;1;31 Rue Ernest Lavisse;49,69124200;3,55999900
202300051201;10;6;2023;20:40;1;59;59122;2;3;1;3;MARCOING (RUE DE);50,16889000;3,22895000
202300051215;10;5;2023;22:15;3;86;86014;1;1;1;2;D749;46,74256600;0,55408000
202300051221;9;6;2023;22:10;1;56;56121;2;2;1;3;POISSONNIERE (RUE);47,74614000; -3,35907000
202300051240;12;6;2023;16:40;1;53;53130;2;1;1;3;Rue JosÃ©phine Baker;48,08093000; -0,79359000
202300051278;30;11;2023;13:52;1;75;75106;2;3;1;3;RUE DE SEINE;48,85451300;2,33688700
202300051285;2;12;2023;17:45;5;75;75118;2;1;1;3;BOULEVARD DE ROCHECHOUART;48,88364600;2,34780900
202300051293;2;12;2023;12:40;1;75;75116;2;2;1;6;RUE DE PASSY;48,85852100;2,28457100
202300051295;26;8;2023;15:20;1;85;85096;2;3;1;7;RD 32C;46,89051000; -1,84387900
202300051296;31;3;2023;13:00;1;75;75114;2;1;6;2;RUE GAZAN;48,82156600;2,34100000
202300051298;12;6;2023;15:20;1;33;33063;2;2;1;3;Rue Pasteur;44,84730000; -0,62290000
202300051319;30;3;2023;23:30;5;75;75109;2;1;2;2;RUE SAINT LAZARE;48,87686700;2,33834200
202300051333;2;12;2023;14:15;1;75;75112;2;2;1;3;ROUTE DE LA FERME;48,82377400;2,45763100
202300051352;17;7;2023;08:25;1;68;68155;2;6;1;3;Route de Colmar;48,09444100;7,30571000
202300051364;11;5;2023;16:15;1;68;68317;2;3;2;3;17 Route de la Schlucht;48,06280300;7,10332100
202300051402;28;10;2023;21:00;5;28;28085;2;1;2;3;NICOLE (RUE);48,44651000;1,47974000
202300051422;26;8;2023;18:15;1;37;37079;2;2;1;3;12 Rue Nationale;47,33127754;1,04613125
202300051435;16;7;2023;10:50;1;14;14397;1;1;1;3;Route de Tessy;49,30376200; -0,85426700
202300051437;27;10;2023;14:22;1;13;13208;2;2;1;3;RABATAU (BOULEVARD);43,27000000;5,39000000
202300051444;1;4;2023;09:50;1;83;83054;2;3;1;3;chemin des pinsons;43,16608500;6,03032500
202300051449;17;7;2023;16:40;1;64;64529;1;1;1;2;D936;43,30397600; -0,76271300
202300051450;12;6;2023;14:00;1;75;75117;2;4;1;3;BOULEVARD MALESHERBES;48,88883500;2,30440000
202300051452;2;12;2023;11:45;1;92;92014;2;2;1;3;CHATEAU (AVENUE DU);48,77395595;2,31812131
202300051461;12;6;2023;08:45;1;75;75114;2;3;1;3;BOULEVARD DU MONTPARNASSE;48,84371500;2,32426800
202300051464;28;10;2023;19:30;5;08;08105;2;9;2;2;;49,74916200;4,71772800
202300051467;10;6;2023;16:30;1;75;75114;2;2;1;1;RUE JULIA BARTET;48,82546600;2,30234500
202300051471;28;10;2023;07:25;5;06;06088;2;1;1;3;SAINT-AUGUSTIN (AV. DE);43,67483000;7,22342000
202300051485;25;8;2023;20:10;1;67;67023;1;2;1;7;d139;48,77862700;7,71916200
202300051492;25;8;2023;11:40;1;55;55427;2;6;1;3;Avenue du 15e Corps;48,82115100;4,98165300
202300051494;12;6;2023;18:48;1;75;75110;2;1;1;3;BOULEVARD DE MAGENTA;48,88221700;2,35073800
202300051513;28;10;2023;12:25;1;75;75119;2;1;1;2;AVENUE MATHURIN MOREAU;48,87814700;2,37189500
202300051519;26;8;2023;09:25;1;69;69069;2;3;3;3;11 Avenue Edouard Millaud;45,74734200;4,74307900
202300051520;28;10;2023;10:55;1;75;75119;2;1;1;4;BOULEVARD DE LA VILLETTE;48,87425500;2,37464000
202300051537;9;5;2023;14:00;1;75;75119;2;2;2;3;AVENUE SIMON BOLIVAR;48,87558500;2,38188000
202300051542;9;5;2023;13:10;1;75;75117;2;3;2;3;RUE DE COURCELLES;48,87927600;2,30306100
202300051550;9;5;2023;13:45;1;75;75115;2;3;3;2;BOULEVARD LEFEBVRE;48,82863900;2,30142500
202300051563;9;5;2023;08:00;1;75;75113;2;1;2;3;BOULEVARD VINCENT AURIOL;48,83239100;2,36113300
202300051570;9;5;2023;20:30;5;75;75112;2;2;1;3;AVENUE DU DOCTEUR ARNOLD NETTER;48,84089000;2,40469100
202300051594;28;10;2023;11:05;1;75;75101;2;1;1;6;VOIE GEORGES POMPIDOU;48,85737900;2,34575500
202300051597;12;6;2023;20:30;1;92;92051;1;1;1;3;BOURDON (BOULEVARD);48,89547788;2,27138579
202300051615;28;10;2023;21:30;3;94;94073;1;1;2;5;Avenue de Fontainebleau;48,75888000;2,36864000
202300051640;12;6;2023;17:50;1;92;92036;2;1;1;6;MARCEL PAUL (AVENUE) (1/103);48,94084600;2,30357100
202300051646;12;6;2023;12:35;1;92;92012;2;1;1;2;GENERAL LECLERC (AVENUE DU) 1/33 - 2/58;48,83151700;2,23649800
202300051655;12;6;2023;17:20;1;92;92002;2;6;1;1;GENERAL DE GAULLE (PLACE DU);48,76378138;2,30928808
202300051665;28;9;2023;16:20;1;69;69244;2;1;1;1;28 Chemin Finat Duclos;45,75844400;4,75488100
202300051669;16;7;2023;21:20;3;971;97128;1;1;1;1;Maudette;16,22518200; -61,40304900
202300051687;2;12;2023;16:20;1;30;30138;1;6;1;3;D40;43,81012800;4,24540000
202300051705;7;4;2023;16:40;1;93;93001;2;2;1;3;Avenue Victor Hugo / Rue Ferragus;48,91435000;2,38089000
202300051732;2;1;2023;21:20;5;49;49007;2;1;1;2;CHAUMIN BOULEVARD;47,45025000; -0,55594000
202300051740;9;5;2023;10:00;1;92;92049;2;1;2;7;JAURES AV. JEAN NÂ°1 A 51 ET 2 A 50;48,81605920;2,31297880
202300051757;9;5;2023;09:26;1;92;92044;2;1;3;3;VIC. HUGO(RUE)001A067 ET002A078;48,89290000;2,30041000
202300051779;16;2;2023;13:20;1;47;47185;1;1;1;2;cd 102;44,46512000;0,95229100
202300051782;29;9;2023;07:40;2;33;33238;1;2;1;3;Avenue de Cadaujac;44,73438000; -0,57948100
202300051783;12;6;2023;14:00;1;68;68374;1;2;7;3;D83;48,08788200;7,31471400
202300051793;12;6;2023;18:30;1;35;35162;1;1;1;3;D15;48,47168598; -1,16227895
202300051801;9;5;2023;20:10;1;92;92026;2;3;1;3;HÃTEL DE VILLE (RUE);48,89394027;2,25652456
202300051832;10;6;2023;12:15;1;01;01266;2;3;1;3;375 Rue des Luyers;46,33276900;5,12400600
202300051855;10;5;2023;15:00;1;23;23154;1;1;2;7;Petite Baleyte;46,13061600;2,02373700
202300051878;9;5;2023;19:45;1;14;14061;1;1;2;7;Route de la Ferriere;48,98515785; -0,88450033
202300051879;12;6;2023;17:15;1;50;50487;2;3;1;6;Route d'Antrain;48,52162200; -1,33413100
202300051880;7;2;2023;16:00;1;24;24274;1;1;1;2;Route de la FerriÃ¨re;44,80924300;0,46314200
202300051888;12;6;2023;15:00;1;64;64314;1;1;1;2;CD 918, pk 65.100;43,21947000; -1,08618700
202300051896;26;9;2023;22:05;5;974;97411;2;3;1;3;MACE (BOULEVARD GABRIEL); -20,87520000;55,44500000
202300051926;27;9;2023;17:18;1;69;69381;2;1;1;6;Tunnel de la Rue Terme;45,77213727;4,83095238
202300051949;17;2;2023;13:30;1;34;34157;2;6;7;3;25 Route de Villeveyrac;43,43135300;3,60355900
202300051974;29;10;2023;09:05;1;29;29182;1;3;2;2;Route de l'Oratoire;48,61337293; -3,68030684
202300051988;13;6;2023;11:00;1;38;38052;1;4;1;3;D211;45,06501900;6,04000200
202300052010;29;3;2023;09:50;1;69;69389;2;1;1;2;110 Rue de Saint-Cyr;45,78711000;4,80850000
202300052017;3;1;2023;17:05;5;94;94028;2;1;1;3;140 Avenue du MarÃ©chal Foch;48,78659285;2,43606001
202300052022;16;2;2023;19:05;5;63;63284;2;1;1;2;4 rue de la Fontaine Ballet;45,79640800;3,24158900
202300052034;1;12;2023;14:25;1;973;97302;2;1;1;3;STE THERESE(CITE ANATOLE);4,93853735; -52,31771368
202300052041;1;12;2023;18:00;5;69;69388;2;1;2;3;Avenue GÃ©nÃ©ral FrÃ¨re;45,72658000;4,88586000
202300052044;29;10;2023;18:28;3;50;50215;1;1;1;2;D650;49,08836300; -1,59938000
202300052060;9;5;2023;09:39;1;64;64001;1;4;1;1;D 311;43,28809300; -0,07497800
202300052082;4;1;2023;12:45;1;92;92064;2;1;2;7;ANDRE CHEVRILLON;48,84770000;2,22039000
202300052085;3;5;2023;15:20;1;27;27135;1;2;1;1;D24;49,18310100;0,97249700
202300052086;30;11;2023;18:30;4;971;97101;2;9;1;2;BOISRIPEAUX;16,27762045; -61,49990916
202300052113;24;8;2023;12:15;1;63;63113;2;9;1;6;DELILLE (PLACE);45,78003000;3,09131000
202300052122;26;9;2023;17:55;1;56;56121;2;3;1;3;LAGRANGE (RUE  LEO );47,76169000; -3,37655000
202300052123;23;8;2023;12:04;1;63;63113;2;1;1;7;CARNOT (AVENUE);45,77630000;3,09140000
202300052164;23;8;2023;11:30;1;54;54395;2;2;1;3;Rue Henri DÃ©glin;48,70149000;6,18128000
202300052171;15;2;2023;18:00;1;75;75120;2;2;1;3;RUE DE LA BIDASSOA;48,86577600;2,39437100
202300052178;26;9;2023;19:05;1;50;50129;2;6;1;3;BRECOURT (rond point de );49,65379000; -1,67616000
202300052181;15;2;2023;16:00;1;75;75119;2;1;1;2;RUE DES FETES;48,87613800;2,39205200
202300052182;5;1;2023;17:00;1;44;44131;2;1;8;3;19 Rue Charles de Foucauld;47,11377000; -2,13113400
202300052190;15;2;2023;09:15;1;75;75119;2;1;1;3;BOULEVARD SERURIER;48,87856300;2,40253900
202300052191;29;3;2023;12:30;1;64;64140;2;3;1;3;MOULIN D'HUREOUS (RUE DU);43,53239000; -1,47226000
202300052196;26;9;2023;11:35;1;49;49353;2;1;1;7;JEAN JAURES RUE;47,44231000; -0,49428000
202300052202;29;3;2023;14:33;1;63;63113;2;2;1;3;Av RÃ©publique / Catarou;45,78757000;3,10575000
202300052207;14;2;2023;12:48;1;75;75106;2;3;1;6;BOULEVARD DU MONTPARNASSE;48,84058500;2,33370000
202300052213;26;9;2023;18:40;1;44;44184;2;4;1;1;13 Rue Ambroise ParÃ©;47,26017000; -2,23624000
202300052240;27;9;2023;12:15;1;35;35278;2;3;1;3;MILON (RUE A);48,15436000; -1,68382000
202300052242;30;3;2023;12:40;1;59;59350;2;3;1;3;MATHIAS FERDINAND RUE;50,62208000;3,10082000
202300052248;23;8;2023;11:00;1;29;29151;2;3;1;3;Rue de Brest;48,57134000; -3,83704000
202300052254;30;11;2023;17:45;5;72;72181;2;9;2;3;HEUZE OLIVIER (AV) NÂ° IMP DE 1 A 239;47,99309200;0,17476400
202300052255;15;2;2023;19:05;2;75;75108;2;3;1;6;RUE DE LA VILLE L EVEQUE;48,87192000;2,31869400
202300052286;14;2;2023;13:52;1;75;75107;2;2;1;6;PONT DE L ALMA;48,86243300;2,30158700
202300052287;24;8;2023;08:15;1;13;13117;1;4;1;2;CD20 E;43,42435000;5,23948000
202300052289;9;5;2023;16:50;1;50;50492;1;3;1;3;lieu-dit Vaulaville - PrÃ©corbin;49,07468100; -0,98484300
202300052340;1;12;2023;14:05;1;62;62040;2;9;1;3;Avenue Georges Brassens;50,73694000;2,28077000
202300052345;13;2;2023;17:50;1;94;94022;2;1;1;1;Avenue de Lugo;48,77255000;2,40942000
202300052358;15;2;2023;21:00;5;93;93066;2;1;1;3;Rue Danielle Casanova;48,92969400;2,35960900
202300052374;15;2;2023;12:10;1;93;93048;2;2;1;3;Avenue de la RÃ©sistance / Rue Hoche;48,86415000;2,43597000
202300052375;24;8;2023;10:20;1;75;75120;2;2;1;3;RUE DES PYRENEES;48,85763400;2,40391700
202300052380;11;6;2023;21:05;1;44;44184;2;2;1;3;82 Boulevard Pierre de Maupertuis;47,28072279; -2,22984776
202300052383;11;6;2023;21:45;5;43;43157;2;1;3;7;Boulevard de Cluny;45,04926000;3,89046000
202300052384;17;6;2023;15:00;1;75;75120;2;3;1;1;RUE BELGRAND;48,86462500;2,40564800
202300052391;28;3;2023;10:55;1;19;19031;2;6;1;3;COURBATERE (ROND-POINT ROGER);45,15888000;1,51133000
202300052395;15;6;2023;17:20;1;75;75120;2;3;1;3;RUE DE BELLEVILLE;48,87531300;2,39396800
202300052399;15;7;2023;08:00;2;51;51172;2;6;2;3;FRATERNITE (PLACE);49,21500000;4,05000000
202300052424;14;7;2023;09:50;1;34;34003;1;1;1;2;RD612;43,30002300;3,50743700
202300052427;11;6;2023;22:15;5;35;35115;2;6;1;3;PRES (RUE DES);48,35495000; -1,19860000
202300052428;27;9;2023;19:42;5;75;75106;2;3;1;6;QUAI MALAQUAIS;48,85823200;2,33323900
202300052445;30;3;2023;19:50;5;75;75106;2;3;1;6;RUE LOBINEAU;48,85166200;2,33528400
202300052463;26;9;2023;19:00;1;75;75119;2;1;1;3;RUE AUGUSTIN THIERRY;48,87620200;2,39345600
202300052470;30;3;2023;13:00;1;75;75116;2;5;1;3;AVENUE DE VERSAILLES;48,85132100;2,27845300
202300052510;27;9;2023;13:30;1;75;75116;2;1;1;2;ROUTE DES TRIBUNES;48,85978800;2,22953600
202300052512;30;3;2023;08:29;1;75;75114;2;2;1;3;BOULEVARD JOURDAN;48,82136400;2,33436700
202300052517;27;9;2023;20:45;3;75;75115;2;2;1;3;RUE DE VAUGIRARD;48,84500100;2,31982600