Num_Acc;jour;mois;an;hrmn;lum;dep;com;agg;int;atm;col;adr;lat;long
202300052522;29;3;2023;11:20;1;75;75114;2;4;1;3;RUE DU COMMANDANT RENE MOUCHOTTE;48,84001700;2,32169000
202300052525;27;9;2023;08:30;1;75;75115;2;2;1;6;BOULEVARD PASTEUR;48,84226100;2,31336600
202300052542;30;3;2023;09:00;1;75;75109;2;3;1;6;RUE DE CLICHY;48,87811100;2,33014200
202300052543;3;1;2023;13:05;1;81;81004;2;2;1;3;GAMBETTA (AV);43,92287680;2,14717500
202300052548;30;3;2023;19:00;1;75;75108;2;2;1;7;PONT DE LA CONCORDE;48,86412000;2,32010000
202300052554;27;9;2023;12:00;1;75;75110;2;2;1;1;RUE LA FAYETTE;48,87972400;2,35869600
202300052557;10;6;2023;03:10;5;75;75118;2;1;9;7;AVENUE DE SAINT OUEN;48,88852200;2,32594400
202300052559;14;7;2023;18:19;1;07;07102;2;9;1;6;SADI-CARNOT (AV.) [DU NÂ° AU NÂ°];44,92540000;4,86930000
202300052563;11;6;2023;11:48;1;75;75117;2;2;1;2;AVENUE DE LA PORTE DES TERNES;48,88150200;2,28179800
202300052564;27;9;2023;08:00;1;75;75110;2;2;1;2;RUE JACQUES LOUVEL TESSIER;48,87124300;2,37011700
202300052569;3;1;2023;06:30;2;74;74305;2;6;2;2;MONTREAL (RUE DE);46,20489000;6,28100000
202300052576;11;6;2023;14:15;1;75;75107;2;1;8;3;QUAI D ORSAY;48,86282000;2,31841000
202300052578;26;9;2023;23:09;5;75;75107;2;3;1;3;QUAI BRANLY;48,85897405;2,29336381
202300052580;30;3;2023;07:10;1;93;93051;2;6;1;1;Porte de Neuilly / Boulevard du Mont d'Est;48,84332000;2,54353000
202300052584;26;9;2023;20:05;5;75;75103;2;2;1;2;RUE DES ARCHIVES;48,86121000;2,35818000
202300052592;15;7;2023;16:43;1;75;75105;2;3;1;3;QUAI SAINT BERNARD;48,84911800;2,35757600
202300052598;27;9;2023;10:00;1;94;94017;2;2;1;2;Avenue Maurice Thorez;48,80704721;2,53559558
202300052612;27;9;2023;08:10;1;93;93078;2;9;1;3;Boulevard Robert Ballanger;48,96172928;2,55786046
202300052616;15;7;2023;09:15;1;75;75108;2;2;2;7;AVENUE DE WAGRAM;48,87512000;2,29602900
202300052621;3;1;2023;16:20;1;54;54578;1;1;1;2;Avenue Paul Muller;48,65642456;6,12697810
202300052623;15;7;2023;02:45;5;75;75108;2;7;1;2;PLACE CHARLES DE GAULLE;48,87339987;2,29571342
202300052627;15;7;2023;01:10;5;75;75107;2;1;1;1;QUAI VOLTAIRE;48,85888100;2,33121600
202300052634;3;1;2023;12:15;1;37;37214;2;2;7;3;HUGO (RUE VICTOR);47,41288000;0,66719000
202300052643;3;1;2023;11:10;1;35;35238;2;2;1;3;BOURGEOIS (BOULEVARD LEON);48,09813000; -1,65553000
202300052645;27;9;2023;08:30;1;93;93079;2;3;1;3;Avenue de la Division Leclerc / Rue Paul Langevin;48,95162700;2,34293600
202300052647;29;11;2023;13:25;1;06;06069;2;6;1;3;Rd point des Quatre Chemins;43,64512030;6,94007400
202300052649;3;1;2023;07:25;5;35;35238;2;6;1;3;GINGUENE;48,09903000; -1,68422000
202300052659;14;2;2023;16:45;1;974;97411;2;1;1;2;MONNERVILLE (BOULEVARD GASTON); -20,89319000;55,45257000
202300052664;3;1;2023;08:15;1;17;17415;2;1;5;3;GAMBETTA 74 A 162 ET 29 A 183 AVENUE;45,74665000; -0,62402000
202300052676;14;2;2023;15:30;1;69;69382;2;1;1;6;18 Rue de la Barre;45,75742125;4,83607666
202300052682;2;1;2023;18:00;5;07;07102;2;6;2;1;REPUBLIQUE (AV. DE LA) [DU NÂ° AU NÂ°];44,93999000;4,86521000
202300052688;27;9;2023;09:50;1;92;92020;2;1;1;7;PARIS AVENUE DE NÂ° IMPAIRS;48,80769077;2,29479969
202300052689;15;7;2023;11:15;1;972;97207;1;1;1;1;RiviÃ¨re la Manche;14,56703200; -60,96596700
202300052701;26;9;2023;23:25;5;92;92007;2;9;1;3;BRIAND (AVENUE ARISTIDE) NÂ° 162 A 300;48,79597451;2,32166040
202300052718;3;1;2023;08:07;2;75;75113;2;2;1;3;RUE NEUVE TOLBIAC;48,83220700;2,37970700
202300052727;2;1;2023;09:30;2;75;75102;2;2;2;7;RUE TIQUETONNE;48,86476299;2,34679610
202300052740;3;1;2023;09:44;1;93;93048;2;1;1;6;Rue de Paris;48,85671200;2,42817300
202300052771;3;1;2023;10:10;1;62;62338;1;3;1;1;Rue des Lombards;50,63457400;2,83529600
202300052803;13;2;2023;08:36;1;75;75118;2;3;1;1;RUE ORDENER;48,89087500;2,35325700
202300052807;14;2;2023;11:45;1;75;75120;2;2;1;3;AVENUE GAMBETTA;48,86652800;2,39988900
202300052808;4;1;2023;07:10;3;45;45327;1;1;2;3;D11 PR 24 + 625;47,98468700;2,09400100
202300052825;28;9;2023;14:15;1;07;07324;2;6;1;3;chemin de champagne;45,05060400;4,83210100
202300052828;14;2;2023;20:25;5;75;75113;2;1;1;6;AVENUE D ITALIE;48,82931600;2,35629800
202300052831;13;2;2023;22:40;5;75;75113;2;3;1;3;AVENUE DES GOBELINS;48,83486400;2,35321400
202300052835;14;2;2023;20:15;5;75;75111;2;3;1;3;BOULEVARD VOLTAIRE;48,86557800;2,36704200
202300052838;27;9;2023;14:18;1;91;91179;1;1;1;3;AUTOROUTE A6;48,56300000;2,48003000
202300052841;13;2;2023;17:40;5;75;75101;2;2;1;6;BOULEVARD DE SEBASTOPOL;48,86198500;2,35015700
202300052867;17;7;2023;22:35;3;74;74012;2;1;1;3;ROMAGNY (RUE DE);46,19476000;6,24188000
202300052883;13;2;2023;10:51;1;92;92075;2;2;1;3;MARY BESSEYRE (RUE);48,82195000;2,28925000
202300052891;14;2;2023;13:00;1;92;92025;2;1;1;3;STALINGRAD (AV DE);48,93097700;2,26721500
202300052908;15;2;2023;16:40;1;17;17387;1;1;1;2;Rue du CÃ´teau;45,80486500; -0,74943800
202300052920;13;2;2023;09:50;1;19;19248;1;1;1;3;rd 920;45,46253900;1,55362100
202300052921;1;1;2023;15:50;1;71;71076;2;3;1;3;BOUCICAUT (AVENUE);46,78457000;4,84474000
202300052928;5;7;2023;10:30;1;74;74237;1;1;1;1;Route Nationale;46,39284245;6,78975313
202300052929;26;10;2023;12:45;1;75;75105;2;3;1;3;BOULEVARD SAINT MICHEL;48,84880600;2,34176400
202300052931;28;6;2023;19:25;2;74;74272;1;3;1;3;Route de Clermont_;45,94310800;6,02800200
202300052933;30;11;2023;08:30;1;75;75105;2;3;1;6;RUE DU FOUARRE;48,85166200;2,34776200
202300052937;19;6;2023;06:45;2;74;74016;2;6;1;3;Avenue marie curie;46,13941500;6,12356400
202300052939;1;12;2023;18:15;5;75;75111;2;3;1;6;AVENUE DE LA REPUBLIQUE;48,86600857;2,37071478
202300052943;26;6;2023;08:15;1;26;26165;1;1;1;3;Route lucien ravit;44,79735100;4,82295200
202300052952;29;3;2023;17:55;1;93;93063;2;1;1;3;Rue de la RÃ©publique;48,88039300;2,43652000
202300052957;8;2;2023;11:15;1;22;22251;2;3;1;3;Rue des Sports;48,56609000; -2,81307900
202300052963;1;12;2023;09:15;1;94;94073;2;1;1;2;Rue des AubÃ©pines;48,76669000;2,39835000
202300052964;2;1;2023;11:00;1;56;56098;2;6;7;3;Rue Daniel Trudaine;47,77440000; -3,33829000
202300052967;26;9;2023;16:50;1;69;69388;2;2;1;2;Boulevard des Etats-Unis;45,72447381;4,87141423
202300052973;26;9;2023;09:57;1;69;69388;2;2;1;1;Avenue des FrÃ¨res LumiÃ¨re;45,74304000;4,87689000
202300052980;25;9;2023;17:15;1;69;69387;2;3;1;3;Boulevard Yves Farge;45,74337000;4,83426000
202300052985;30;3;2023;08:10;1;92;92026;1;3;8;3;MARECHAL JOFFRE (QUAI DU);48,90191000;2,28023000
202300052987;14;2;2023;18:45;2;29;29020;2;2;1;3;Rue Amiral de la Grandiere;48,09722100; -3,99681900
202300052988;26;9;2023;13:30;1;69;69389;2;1;1;2;49 Quai Paul SÃ©dallian;45,78847000;4,81532000
202300052996;1;1;2023;18:40;5;33;33063;2;5;1;3;AllÃ©e Serr;44,84122376; -0,56191742
202300053000;15;2;2023;11:35;1;05;05111;1;1;1;1;D9;44,55779900;6,43404100
202300053041;15;2;2023;14:50;1;60;60509;2;3;1;3;Rue Voltaire;49,30727900;2,60426400
202300053065;12;9;2023;18:15;1;84;84087;1;3;1;3;JONQUIERES (ROUTE DE);44,11802000;4,86412000
202300053069;1;1;2023;18:20;5;75;75104;2;3;2;6;RUE DE RIVOLI;48,85826800;2,34912000
202300053070;26;9;2023;19:30;1;84;84035;2;1;1;3;BOURNISSAC (COURS);43,83540000;5,04054000
202300053071;30;3;2023;19:00;1;2B;2B251;1;1;1;7;Route de Poggio;42,03854000;9,33028400
202300053078;13;2;2023;19:00;3;69;69244;2;1;1;3;19 Avenue Victor Hugo;45,77001900;4,78853700
202300053085;24;8;2023;09:15;1;75;75115;2;3;1;2;RUE CAMBRONNE;48,84374000;2,30239500
202300053101;2;1;2023;09:28;2;93;93039;2;1;2;3;Quai du ChÃ¢telier;48,92320000;2,33220000
202300053113;24;8;2023;08:40;1;94;94015;2;3;1;1;Rue FranÃ§ois de Troy;48,84212200;2,53408800
202300053115;24;9;2023;12:20;1;80;80021;2;2;1;3;SAINT PATRICE (RUE);49,89470000;2,29755000
202300053153;15;2;2023;16:50;1;85;85178;2;1;1;7;VC 22 Rue des chÃªnes;46,76834000; -1,50316200
202300053160;2;12;2023;16:00;2;60;60151;1;1;1;2;D66;49,44822556;2,87462854
202300053162;15;2;2023;10:30;1;14;14322;1;6;1;3;D572;49,25449380; -0,72422889
202300053177;9;6;2023;12:20;1;79;79174;2;6;1;3;;46,22470000; -0,15504800
202300053184;12;6;2023;21:19;2;65;65389;2;1;1;1;Chemin du Clouzet;43,07989500;0,48330700
202300053187;24;8;2023;08:40;1;92;92007;2;3;1;3;BRIAND (AVENUE ARISTIDE) NÂ° 100 A 160;48,79916000;2,32289000
202300053220;25;8;2023;10:40;1;86;86174;1;6;1;2;D161;46,78114800;0,53019200
202300053253;8;5;2023;14:00;1;69;69282;2;1;1;1;Chemin de Peyssillieu;45,76840392;4,98656767
202300053255;25;8;2023;11:15;1;86;86070;2;3;1;3;Rue de Poitiers;46,56832500;0,63152300
202300053256;10;6;2023;20:23;1;29;29117;1;1;1;2;Lessiec;48,56035428; -4,50586958
202300053314;7;7;2023;09:10;1;85;85164;2;3;1;3;18 Route de la taillÃ©e;46,82980000; -2,12068900
202300053332;28;3;2023;14:35;1;09;09160;2;1;1;3;37 Avenue GÃ©nÃ©ral de Gaulle;42,93002600;1,85549300
202300053336;26;9;2023;07:15;2;60;60057;2;1;1;3;Rue de Clermont;49,43092000;2,11235000
202300053354;26;9;2023;10:20;1;59;59009;1;3;1;2;MONS BOULEVARD DE;50,64367000;3,13563000
202300053361;26;9;2023;08:50;1;59;59507;2;1;1;3;SEMBAT MARCEL RUE;50,60156000;3,07929000
202300053374;26;9;2023;07:30;2;57;57463;2;3;5;7;FORT DE QUEULEU;49,10032000;6,20623000
202300053421;8;5;2023;19:50;1;75;75112;2;2;1;1;BOULEVARD PONIATOWSKI;48,83185200;2,39769500
202300053447;26;9;2023;11:40;1;42;42207;2;4;1;3;Boulevard Pierre Joannon;45,45556000;4,50722000
202300053487;18;8;2023;15:35;1;77;77327;1;1;9;7;D12;48,57806900;3,04199000
202300053489;8;5;2023;17:15;1;52;52331;2;1;1;3;68 Rue des Ponts;48,47402300;4,76577100
202300053490;13;2;2023;08:10;1;973;97302;2;1;3;3;ZEPHIR (ROCADE);4,93471000; -52,30855000
202300053502;13;2;2023;19:20;5;69;69386;2;2;1;3;Cours Vitton;45,77002000;4,85848000
202300053503;7;5;2023;08:55;1;83;83148;1;3;1;6;route de lorgues - D48;43,43043700;6,42168000
202300053533;11;6;2023;09:20;1;49;49021;1;1;1;3;Route des Bois d?Anjou;47,45406500; -0,19878400
202300053534;24;8;2023;11:05;1;67;67368;2;1;7;7;10 Rue Dreistein;48,46423900;7,41428300
202300053545;11;6;2023;11:20;1;61;61341;1;1;1;2;D26;48,49413400;0,06883600
202300053567;9;6;2023;17:00;1;57;57356;1;1;1;5;D15;49,43882210;6,09352827
202300053570;27;10;2023;12:37;1;69;69387;2;2;1;3;Rue d'Anvers;45,74970000;4,84265000
202300053575;8;5;2023;11:45;1;85;85109;1;1;1;7;RD23;46,83620000; -1,00402000
202300053579;17;3;2023;14:40;1;974;97414;2;1;1;1;Rue du PÃ¨re Laporte; -21,26650600;55,44156200
202300053584;11;2;2023;18:00;1;87;87085;2;3;1;4;TURGOT;45,83132000;1,25609000
202300053593;1;1;2023;12:40;1;83;83069;2;6;1;3;DECUGIS (AVENUE ALFRED);43,11645000;6,14649000
202300053608;13;2;2023;13:30;1;78;78650;2;6;1;2;BOCAGES (RUE DES);48,89562800;2,13917800
202300053634;8;5;2023;11:30;1;49;49018;2;1;1;7;Rue GuÃ©rin des Fontaines;47,53949400; -0,11219900
202300053660;7;5;2023;15:25;1;31;31033;2;1;1;7;Avenue d?Arenys de Mar;43,35063600;1,47856800
202300053672;14;7;2023;19:15;1;69;69259;2;2;1;3;Avenue Jean Cagne;45,69508000;4,87355000
202300053679;8;6;2023;20:40;1;95;95598;2;1;1;1;DURES TERRES (RUE DES);48,98972000;2,29441000
202300053691;29;11;2023;15:00;1;83;83137;2;9;1;3;GRENIER (QUAI EMILE);43,13427000;5,90585000
202300053696;13;2;2023;15:50;1;64;64284;2;9;1;3;VALLEES DES;43,29295000; -0,38666000
202300053697;14;7;2023;12:00;1;64;64122;2;1;1;6;MARECHAL LECLERC(BD DU);43,48281000; -1,56584000
202300053702;28;3;2023;13:08;1;63;63113;2;2;1;1;DULAURE (RUE)/ Monnier (sur voie de tram);45,78034000;3,08325000
202300053718;11;2;2023;17:35;1;61;61006;2;1;1;3;Voie Communale;48,74331000; -0,02472000
202300053721;26;9;2023;09:00;1;75;75118;2;1;1;6;BOULEVARD DE CLICHY;48,88371600;2,33336500
202300053726;12;7;2023;19:26;1;59;59507;2;3;1;3;BEL AIR RUE DU;50,60823000;3,08990000
202300053737;10;3;2023;17:30;1;59;59350;2;1;1;3;LOUIS XIV BOULEVARD;50,62000000;3,07000000
202300053739;26;9;2023;19:15;2;75;75116;2;2;1;3;CARREFOUR DES CASCADES;48,85841200;2,25892700
202300053746;29;3;2023;08:40;1;59;59350;2;2;1;3;VAUBAN BOULEVARD NÂ°2-18-1-39;50,63339000;3,04767000
202300053750;14;7;2023;10:10;1;37;37261;2;3;1;6;TONNELLE (BOULEVARD);47,38294357;0,66833138
202300053754;22;8;2023;06:20;2;974;97416;2;1;1;7;AUGUSTIN ARCHAMBAUD(RUE); -21,33026000;55,47944000
202300053757;28;3;2023;16:00;1;56;56121;2;3;1;2;27 Avenue Jean JaurÃ¨s;47,74528000; -3,37322000
202300053759;26;9;2023;08:15;1;75;75116;2;2;1;3;ALLEE DE LA REINE MARGUERITE;48,85855800;2,24487700
202300053770;14;7;2023;10:40;1;35;35238;2;1;8;6;SAINT-AUBIN (CONTOUR);48,11534400; -1,67994100
202300053771;26;9;2023;10:45;1;75;75115;2;2;1;3;AVENUE EMILE ZOLA;48,84641300;2,28312400
202300053773;10;6;2023;09:10;1;974;97407;2;6;1;3;PASTEUR(AVENUE); -20,94522000;55,29275000
202300053778;29;11;2023;13:10;1;72;72181;2;1;1;1;NATIONALE (RUE);47,99700000;0,20118000
202300053781;15;7;2023;00:30;5;33;33063;2;5;1;1;Rue Camille Godard;44,85507910; -0,57377145
202300053782;26;9;2023;21:30;3;75;75111;2;2;1;3;RUE DES BLUETS;48,86473600;2,38294900
202300053809;29;3;2023;06:10;5;44;44109;2;1;1;2;130 Rue Paul Bellamy;47,22780000; -1,56131000
202300053820;13;2;2023;15:38;1;27;27375;2;1;1;3;ONZE NOVEMBRE 1918 (RUE DU);49,21840000;1,16688000
202300053826;26;9;2023;13:00;1;75;75107;2;2;1;3;PONT ALEXANDRE III;48,86282800;2,31345900
202300053842;29;3;2023;15:45;1;37;37261;2;1;1;6;PORTALIS (AVENUE JEAN);47,36743000;0,68713000
202300053843;22;8;2023;10:30;1;971;97101;1;1;1;6;ROUTE DE CHAZEAU;16,29207000; -61,46369000
202300053863;28;3;2023;08:15;1;37;37261;2;1;1;3;MARCHANT DU PLESSIS (BOULEVARD);47,38083000;0,68301000
202300053867;13;2;2023;11:10;1;75;75118;2;2;1;3;BOULEVARD NEY;48,89822100;2,35252300
202300053868;1;1;2023;12:55;1;75;75120;2;3;1;2;RUE BELGRAND;48,86459600;2,40602400
202300053881;14;7;2023;02:30;5;75;75106;2;1;1;1;RUE DE VAUGIRARD;48,84562900;2,32193200
202300053882;26;9;2023;20:45;5;94;94034;2;2;1;3;Boulevard Pasteur;48,75811000;2,31683000
202300053883;12;2;2023;12:40;1;75;75116;2;3;8;6;RUE FRANCOIS MILLET;48,85038400;2,27327900
202300053888;1;1;2023;21:15;5;75;75118;2;2;2;3;RUE CAULAINCOURT;48,88981206;2,34292835
202300053896;29;11;2023;13:54;1;56;56121;2;6;1;3;MARNE ( AV DE LA );47,74533000; -3,36798000
202300053897;8;5;2023;09:25;1;38;38565;2;1;1;3;71 Quai des Chartreux;45,29829800;5,63687600
202300053900;27;3;2023;21:00;5;33;33063;2;3;1;3;Quai de la Souys;44,83076000; -0,54467000
202300053905;14;7;2023;03:15;5;75;75115;2;3;1;3;BOULEVARD DE VAUGIRARD;48,84157000;2,31831300
202300053926;13;2;2023;21:30;5;75;75111;2;3;1;3;BOULEVARD VOLTAIRE;48,85535200;2,38431200
202300053934;20;1;2023;12:08;1;19;19272;2;1;1;7;Victor Continsouza (Quai);45,27159456;1,77626610
202300053943;29;3;2023;16:15;1;17;17415;2;1;1;2;CASTAGNARY ALLEE;45,74109840; -0,63997149
202300053978;13;2;2023;11:10;1;75;75108;2;2;1;2;AVENUE DES CHAMPS ELYSEES;48,87011000;2,30665500
202300053993;26;9;2023;13:30;1;92;92007;2;1;1;3;DORMOY AVENUE MARX NÂ°102 A FIN;48,81036903;2,31158685
202300054001;11;2;2023;12:49;1;75;75107;2;7;1;3;RUE DE L UNIVERSITE;48,86072600;2,31875900
202300054011;13;2;2023;15:30;1;75;75102;2;2;1;3;RUE ETIENNE MARCEL;48,86386900;2,34896600
202300054020;12;2;2023;07:35;1;75;75103;2;2;8;3;BOULEVARD DU TEMPLE;48,86456700;2,36582200
202300054037;26;9;2023;19:35;2;92;92023;2;3;1;3;PRESIDENT ROOSEVELT (RUE DU) NÂ°1 A 45;48,80419745;2,25802615
202300054039;21;8;2023;17:40;1;76;76351;2;3;1;5;LOUIS LUMIERE;49,52702000;0,12994000
202300054060;27;10;2023;09:00;2;33;33063;2;2;2;3;Rue des Vignes;44,83199000; -0,56573000
202300054070;30;11;2023;08:00;3;33;33192;2;6;3;3;Route de LÃ©ognan;44,76786000; -0,61169000
202300054084;29;3;2023;15:50;1;75;75115;2;2;1;3;RUE DUTOT;48,83768100;2,30781800
202300054088;27;9;2023;11:00;1;95;95566;2;1;1;2;D85;49,10735130;2,34998841
202300054096;29;3;2023;19:00;1;75;75118;2;3;1;3;RUE MARX DORMOY;48,88489200;2,35934300
202300054104;27;3;2023;13:30;1;75;75116;2;1;1;6;RUE NICOLO;48,85944100;2,27940600
202300054107;27;9;2023;14:55;1;25;25524;1;9;1;7;chemin de halage;47,44846400;6,65730700
202300054116;29;3;2023;09:00;1;75;75115;2;3;1;6;RUE DE DANTZIG;48,82993000;2,29564700
202300054121;11;6;2023;00:15;5;44;44132;2;6;1;3;16 Boulevard des OcÃ©anides;47,26133000; -2,34156000
202300054122;26;9;2023;09:15;1;38;38416;2;3;1;1;Avenue de Provence;45,15077300;5,31646000
202300054138;10;2;2023;00:20;5;93;93070;2;3;1;6;Avenue Michelet / Rue Voltaire;48,90391900;2,34415000
202300054141;11;6;2023;00:15;5;38;38185;2;1;1;1;COURS JEAN JAURÃS;45,18682000;5,71863000
202300054147;29;3;2023;12:15;1;75;75113;2;2;1;3;RUE PAU CASALS;48,83104000;2,37759200
202300054153;22;8;2023;10:15;1;67;67482;2;3;1;1;ENGELBREIT (RUE DE L );48,58173000;7,70723000
202300054154;25;9;2023;14:00;1;36;36180;2;4;1;3;Route d'Issoudun;46,73123041;1,96571857
202300054159;29;3;2023;16:45;1;75;75112;2;3;1;6;RUE DE CHARENTON;48,83361200;2,39489700
202300054171;29;3;2023;00:00;5;75;75110;2;3;2;3;RUE DU FAUBOURG SAINT MARTIN;48,87781200;2,36161600
202300054180;29;3;2023;09:00;1;94;94046;2;2;1;1;Avenue de la RÃ©publique;48,81061000;2,45653000
202300054188;14;7;2023;10:00;1;56;56240;2;1;1;2;22 Rue du GÃ©nÃ©ral de Gaulle;47,52664900; -2,77037300
202300054204;13;2;2023;11:55;1;92;92062;2;1;1;3;DEFENSE (ROND POINT DE LA);48,89017371;2,23989129
202300054205;27;10;2023;19:15;5;75;75117;2;2;2;3;BOULEVARD BESSIERES;48,89773100;2,32901800
202300054221;14;8;2023;20:00;2;62;62413;2;4;1;3;D162E1;50,44448000;2,90506000
202300054224;15;7;2023;06:40;1;2B;2B077;1;1;1;2;Cavone;42,47297500;9,49743900
202300054231;7;5;2023;16:20;1;83;83069;2;3;1;1;QUINZIEME CORPS (RUE DU);43,12278100;6,14359400
202300054233;29;3;2023;19:25;2;93;93048;2;1;1;6;Boulevard de la BoissiÃ¨re;48,87772653;2,45963126
202300054234;27;10;2023;16:05;1;75;75115;2;2;1;3;BOULEVARD PASTEUR;48,84299500;2,31279700
202300054272;27;10;2023;20:18;5;75;75112;2;9;2;1;AVENUE DAUMESNIL;48,84703643;2,37552524
202300054273;14;7;2023;11:45;1;86;86068;2;1;1;1;D35;46,20814500;0,16347100
202300054278;15;7;2023;12:30;1;22;22055;2;1;1;3;Rue des PrÃ©s Calan;48,61200900; -2,82909800
202300054288;22;8;2023;07:00;1;59;59329;1;6;1;3;RD 643;50,34749000;3,09010000
202300054291;27;10;2023;13:25;1;75;75109;2;5;1;6;RUE LA FAYETTE;48,87503463;2,34085500
202300054298;30;11;2023;19:00;5;75;75120;2;3;1;2;RUE DES PYRENEES;48,87197600;2,39187600
202300054301;28;3;2023;14:00;1;974;97404;1;1;1;3;Avenue Octave BÃ©nard; -21,26733168;55,33458620
202300054304;10;6;2023;14:45;1;22;22278;2;1;1;6;VILLE-GUYOMARD (DE LA);48,52487000; -2,78615000
202300054308;27;10;2023;14:15;1;75;75108;2;5;8;3;RUE DE LONDRES;48,87788100;2,32694300
202300054326;22;8;2023;19:24;1;56;56121;2;1;1;3;KERMELO (PROMENADE DE);47,73143000; -3,37908000
202300054327;30;11;2023;12:05;1;75;75119;2;3;1;3;AVENUE DE FLANDRE;48,89315000;2,37988500
202300054337;14;7;2023;08:30;1;01;01348;1;2;1;1;Route des Brocatieres;46,18345200;4,82685200
202300054341;26;9;2023;19:30;2;73;73034;1;1;1;7;ROUTE DU CORMET D'ARECHES;45,63790500;6,58790200
202300054362;23;8;2023;15:20;1;51;51454;2;3;1;3;MATHIEU (RUE LEON) DU NÂ°51 A FIN ET DU N;49,24047000;4,00990000
202300054364;30;11;2023;09:00;1;75;75111;2;1;1;3;BOULEVARD VOLTAIRE;48,85938400;2,37746300
202300054367;30;3;2023;13:34;1;65;65258;2;1;1;6;700 Rue des Moulins;43,13216700;0,39406200
202300054379;14;7;2023;11:50;1;73;73259;1;1;1;3;D99;45,37494100;6,32374800
202300054397;13;2;2023;16:40;1;12;12052;2;6;7;3;44 Boulevard Francois Mitterrand;44,55704264;2,07176685
202300054414;14;7;2023;17:45;1;04;04124;1;1;1;3;RD 211;43,76271100;6,09625300
202300054420;21;8;2023;13:23;1;49;49007;2;6;1;3;DOYENNE BOULEVARD ET PASSAGE;47,48944000; -0,53432000
202300054422;29;6;2023;09:58;1;87;87110;2;1;1;2;Rue de l?Ancienne Ecole;45,92285436;0,98724157
202300054427;30;11;2023;07:15;5;94;94043;2;6;1;3;Avenue de Fontainebleau;48,80950000;2,36250000
202300054450;23;8;2023;18:00;1;44;44055;2;1;1;3;10 AllÃ©e des Ifs;47,28264000; -2,39299000
202300054455;7;7;2023;15:23;1;88;88063;1;1;1;3;Bocquegney;48,21668100;6,30573400
202300054458;21;8;2023;22:14;4;42;42071;2;1;1;-1;Boulevard Charles de Gaulle;46,01546000;4,09625000
202300054477;18;4;2023;02:08;5;59;59009;2;3;1;1;DE VALMY BOULEVARD;50,62279600;3,12825300
202300054495;26;10;2023;08:45;1;92;92044;2;2;2;6;BAUDIN (RUE) 1A25 ET 2A34;48,89492335;2,27818000
202300054516;23;8;2023;08:05;1;33;33529;2;1;7;2;CUREPIPE (BD DE) DU 02 ET +;44,63770000; -1,14280000
202300054521;30;11;2023;08:10;1;93;93048;2;3;1;3;Boulevard de Chanzy / Place du MarchÃ©;48,85833000;2,43447000
202300054544;30;11;2023;10:35;1;92;92078;2;1;1;6;VERDUN (AVENUE) (PAIRS 92 ET PLUS);48,93510000;2,32847000
202300054554;23;8;2023;11:30;1;29;29232;2;1;1;7;Rue de l'Universite;47,98125000; -4,03639300
202300054564;15;7;2023;08:40;1;73;73303;1;1;1;7;Route de la Lierre;45,76275700;6,46077100
202300054568;22;8;2023;20:10;1;28;28134;2;1;1;3;COMTEVILLE (CHEMIN DE);48,74105000;1,39135000
202300054579;10;6;2023;17:35;1;12;12052;2;6;1;3;Boulevard Paul Ramadier;44,57169000;2,07292900
202300054580;30;11;2023;13:10;1;92;92040;2;2;8;2;PAIX (AVENUE DE LA);48,81662000;2,27500000
202300054589;20;8;2023;12:42;1;27;27229;2;2;1;3;SAINT LOUIS (RUE);49,02515000;1,15387000
202300054591;29;11;2023;08:00;5;92;92025;2;2;1;3;PAUL BERT (RUE);48,92739416;2,24698600
202300054592;14;2;2023;11:30;1;67;67046;2;6;5;6;Rue d?Oberhoffen;48,76812700;7,86462800
202300054595;11;6;2023;10:00;1;12;12288;1;1;1;1;chemin communal de Serres;44,43160400;2,44026300
202300054599;29;11;2023;06:49;5;92;92004;2;1;1;3;GRANDE RUE CHARLES DE GAULLE;48,90855537;2,28653294
202300054602;14;2;2023;16:50;2;57;57360;1;3;7;1;D31;49,15785332;6,96919441
202300054623;13;2;2023;09:00;1;38;38317;1;4;1;1;Avenue du Maquis de l'Oisans;45,11038800;5,70857800
202300054630;22;8;2023;15:10;1;17;17306;2;1;1;2;CLEMENCEAU  GEORGES (BD);45,63190000; -1,03118000
202300054662;28;10;2023;10:50;1;11;11206;2;6;1;3;;43,05461400;2,21287600
202300054685;30;11;2023;12:13;1;95;95594;2;1;8;7;28 GRIFFON (ALLE DU);49,11886400;2,40082400
202300054690;13;7;2023;07:40;1;974;97407;1;1;1;3;MARINE(BOULEVARD); -20,94910000;55,28458000
202300054714;9;6;2023;19:25;1;14;14538;2;3;1;1;1a Rue du Soldat Parenteau;49,09706800; -0,31914000
202300054723;16;6;2023;15:20;1;69;69381;2;1;1;3;3 Quai Saint Vincent;45,76999371;4,81425226
202300054737;7;5;2023;10:30;1;07;07070;1;1;2;7;SAINT ROMAINS DE LERPS (ROUTE DE);44,96769000;4,84285000
202300054741;7;5;2023;15:15;1;07;07316;1;1;2;6;LONES (PONT DES);44,91287000;4,86254000
202300054757;10;6;2023;12:00;1;10;10199;2;3;1;3;Rue du Docteur Gerdy;48,06565500;4,50455500
202300054760;12;7;2023;10:00;1;77;77221;2;1;1;1;D217B;48,85497800;2,70169400
202300054797;11;7;2023;17:41;1;66;66136;2;1;1;3;;42,71407000;2,90167000